Date,Open,High,Low,Close,Volume
1980-03-17,0.1468403935432434,0.15492335551209027,0.1468403935432434,0.1468403935432434,1401600
1980-03-18,0.14279919706989855,0.14279919706989855,0.14077805541764915,0.1414521187543869,1459200
1980-03-19,0.1427991290362469,0.1454932689666748,0.1427991290362469,0.1454932689666748,1296000
1980-03-20,0.14414623145719205,0.14414623145719205,0.14279916882514954,0.14279916882514954,422400
1980-03-21,0.14279916882514954,0.14279916882514954,0.14077802757266875,0.14279916882514954,220800
1980-03-24,0.14077797245351611,0.14077797245351611,0.13741029406642666,0.1394309103488922,518400
1980-03-25,0.13943102017198244,0.14077808333762304,0.13606332371530108,0.13741040229797363,422400
1980-03-26,0.13606321523650805,0.13606321523650805,0.13471615314483643,0.13471615314483643,518400
1980-03-27,0.13269503882732633,0.13269503882732633,0.12528614190494483,0.12663321197032928,892800
1980-03-28,0.12865377903559438,0.1320214569568634,0.12865377903559438,0.1320214569568634,1152000
1980-03-31,0.14212559019938453,0.1454932689666748,0.14212559019938453,0.1454932689666748,1420800
1980-04-01,0.14549331543924338,0.14751393259524342,0.14414623733524337,0.1468403935432434,864000
1980-04-02,0.14684043007918984,0.1475139692987758,0.14616689085960388,0.14616689085960388,345600
1980-04-03,0.1461667914787328,0.15020853281021118,0.14549325271709537,0.15020853281021118,374400
1980-04-07,0.15020857570577195,0.15020857570577195,0.14751391112804413,0.14751391112804413,355200
1980-04-08,0.14751391112804413,0.1481874346650021,0.14751391112804413,0.14751391112804413,28800
1980-04-09,0.14751391112804413,0.14751391112804413,0.14616683322007978,0.14751391112804413,115200
1980-04-10,0.14751392835289573,0.14953505421264346,0.146840389320266,0.14886099100112915,364800
1980-04-11,0.14818742871284485,0.14818742871284485,0.14751390520293992,0.14818742871284485,124800
1980-04-14,0.14818749310133147,0.14818749310133147,0.14481981242043196,0.14616689085960388,662400
1980-04-15,0.1454932689666748,0.1454932689666748,0.1454932689666748,0.1454932689666748,249600
1980-04-16,0.14414623041826452,0.14414623041826452,0.1401044875383377,0.1401044875383377,412800
1980-04-17,0.13943098830967288,0.13943098830967288,0.13606329262256622,0.13606329262256622,393600
1980-04-18,0.13741029406642666,0.1394309103488922,0.13741029406642666,0.1394309103488922,326400
1980-04-21,0.14077810784860298,0.1421257108449936,0.14077810784860298,0.1421257108449936,374400
1980-04-22,0.1427991746482698,0.1468403935432434,0.1427991746482698,0.1468403935432434,326400
1980-04-23,0.14886097148808528,0.1522291749715805,0.14886097148808528,0.1522291749715805,470400
1980-04-24,0.15222922482079404,0.15627044439315796,0.15222922482079404,0.15627044439315796,480000
1980-04-25,0.15357625286026183,0.15357625286026183,0.15155563602723982,0.1522291749715805,316800
1980-04-28,0.15357626974582672,0.1562704104023836,0.15357626974582672,0.15357626974582672,288000
1980-04-29,0.15357626974582672,0.154923347782618,0.15290273072743107,0.15357626974582672,643200
1980-04-30,0.15357629560817276,0.15829157829284668,0.15357629560817276,0.15829157829284668,672000
1980-05-01,0.15829157829284668,0.16098571940309864,0.15492337387181288,0.15829157829284668,316800
1980-05-02,0.15627044439315796,0.15627044439315796,0.15627044439315796,0.15627044439315796,115200
1980-05-05,0.15627044439315796,0.15761804690194312,0.15492338148038934,0.15627044439315796,163200
1980-05-06,0.15627037359165885,0.15829151434962357,0.15424977242946622,0.15424977242946625,288000
1980-05-07,0.15290269036448867,0.15290269036448867,0.1515556126832962,0.1515556126832962,192000
1980-05-08,0.15155557364509809,0.15155557364509809,0.1508820503950119,0.1508820503950119,374400
1980-05-09,0.14953505851311663,0.14953505851311663,0.1468403935432434,0.1468403935432434,307200
1980-05-12,0.14684037217406196,0.14751391112804413,0.1454932942660976,0.14751391112804413,355200
1980-05-13,0.14751391112804413,0.14953503675178978,0.14751391112804413,0.14751391112804413,326400
1980-05-14,0.1468403935432434,0.1468403935432434,0.1461668544912434,0.1468403935432434,374400
1980-05-15,0.14751390520293992,0.14818742871284485,0.14751390520293992,0.14818742871284485,192000
1980-05-16,0.14886093110826265,0.15020853281021118,0.14886093110826265,0.15020853281021118,412800
1980-05-19,0.15020856967243273,0.15020856967243273,0.14684036627601138,0.14818742871284485,355200
1980-05-20,0.14818742871284485,0.1495350307455042,0.14616682734908285,0.14818742871284485,230400
1980-05-21,0.14886099100112918,0.1502085932452732,0.14886099100112918,0.14886099100112915,124800
1980-05-22,0.14886101152560327,0.14953507483005524,0.14886101152560327,0.14953507483005524,412800
1980-05-23,0.14953499404857376,0.1508820715718486,0.14886093110826265,0.15020853281021118,1939200
1980-05-27,0.15020853281021118,0.15020853281021118,0.14886093110826265,0.15020853281021118,451200
1980-05-28,0.15020851172790803,0.15222911231220196,0.15020851172790803,0.1508820503950119,998400
1980-05-29,0.15088213227790293,0.15088213227790293,0.14886099100112918,0.14886099100112915,576000
1980-05-30,0.14886097361898426,0.14953503675178978,0.14751391112804413,0.14751391112804413,393600
1980-06-02,0.14751384829791017,0.1508820503950119,0.14751384829791017,0.1508820503950119,355200
1980-06-03,0.15020857570577195,0.15020857570577195,0.14751391112804413,0.14751391112804413,220800
1980-06-04,0.14751393259524342,0.14818745623021698,0.1461668544912434,0.1468403935432434,163200
1980-06-05,0.14751389048737806,0.15627037359165885,0.14751389048737806,0.15424977242946625,1603200
1980-06-06,0.15357626974582672,0.15357626974582672,0.15290273072743107,0.15357626974582672,268800
1980-06-09,0.1535762062800668,0.1562703458232636,0.1535762062800668,0.15559682250022888,249600
1980-06-10,0.1562703694386658,0.1576179713010788,0.1562703694386658,0.1576179713010788,393600
1980-06-11,0.1576180391610266,0.15829157829284668,0.15694397585024478,0.15829157829284668,211200
1980-06-12,0.15829150418500473,0.16031210521744535,0.1569439023733139,0.1569439023733139,1113600
1980-06-13,0.15694390828050425,0.15896504898475575,0.15694390828050425,0.1576179713010788,422400
1980-06-16,0.15761804690194312,0.15761804690194312,0.15627044439315796,0.15627044439315796,153600
1980-06-17,0.15627041225464397,0.156943951281023,0.15492334961891174,0.15492334961891174,355200
1980-06-18,0.15492331128920445,0.1555968501489427,0.15290269470998977,0.15424977242946625,336000
1980-06-19,0.15424974502012082,0.15559682250022888,0.15424974502012082,0.15559682250022888,403200
1980-06-20,0.15559682250022888,0.15559682250022888,0.1535762062800668,0.15559682250022888,499200
1980-06-23,0.15559682250022888,0.15559682250022888,0.15424974502012082,0.15559682250022888,67200
1980-06-24,0.1555968886452908,0.15761801448628177,0.15492334961891174,0.15492334961891174,873600
1980-06-25,0.154923347782618,0.1562704104023836,0.15357626974582672,0.15357626974582672,144000
1980-06-26,0.15357627156615367,0.15492334961891174,0.15357627156615367,0.15492334961891174,768000
1980-06-27,0.15492331128920445,0.1555968501489427,0.15424977242946622,0.15424977242946625,393600
1980-06-30,0.15424977242946622,0.1555968501489427,0.15424977242946622,0.15424977242946625,134400
1980-07-01,0.15424977242946622,0.15492331128920445,0.15424977242946622,0.15424977242946625,288000
1980-07-02,0.15424974502012082,0.15559682250022888,0.15424974502012082,0.15559682250022888,134400
1980-07-03,0.15559692064528816,0.15627044439315796,0.15559692064528816,0.15627044439315796,2073600
1980-07-07,0.15627044439315796,0.15896512523174078,0.15627044439315796,0.15627044439315796,518400
1980-07-08,0.1562703694386658,0.1576179713010788,0.15559684601384896,0.1576179713010788,988800
1980-07-09,0.15963855385780334,0.16098563138493494,0.15963855385780334,0.15963855385780334,768000
1980-07-10,0.1596385985183985,0.1657009578481555,0.1596385985183985,0.1643533557653427,547200
1980-07-11,0.165026894050974,0.1663744961283453,0.165026894050974,0.16570095717906952,451200
1980-07-14,0.16704810943543777,0.1724363925940724,0.16704810943543777,0.1717628687620163,854400
1980-07-15,0.17176269926662033,0.17310976101848324,0.16906854492886297,0.17243622243404388,643200
1980-07-16,0.17243634646210895,0.1778251677751541,0.17243634646210895,0.1778251677751541,1651200
1980-07-17,0.1778251677751541,0.1778251677751541,0.1764780896373643,0.1778251677751541,566400
1980-07-18,0.1778251760619947,0.18186691942559954,0.1778251760619947,0.17849871516227722,1104000
1980-07-21,0.18051941935105378,0.18725532293319705,0.18051941935105378,0.18725532293319702,3206400
1980-07-22,0.1872552355795988,0.18994990101272743,0.1872552355795988,0.1886022984981537,3724800
1980-07-23,0.18860228811420454,0.18860228811420454,0.18658168613910675,0.18658168613910675,1651200
1980-07-24,0.18658164794248436,0.18792872592813062,0.18590810894966125,0.18590810894966125,720000
1980-07-25,0.18590806332187496,0.18590806332187496,0.17917218170204113,0.17984572052955627,748800
1980-07-28,0.17984576558574197,0.17984576558574197,0.17513100802898407,0.17513100802898407,624000
1980-07-29,0.175130900950337,0.17647796270219993,0.17243622243404388,0.17243622243404388,326400
1980-07-30,0.17378393003647463,0.17715160960072307,0.17378393003647463,0.17513100802898407,374400
1980-07-31,0.1751309248122653,0.1751309248122653,0.17310978460502724,0.174457386136055,172800
1980-08-01,0.17445741969638948,0.180519238114357,0.1737838808906107,0.180519238114357,1027200
1980-08-04,0.18051919592562923,0.18321387469768524,0.17782505674917595,0.18321387469768524,604800
1980-08-05,0.18388749197119186,0.18590810894966125,0.18388749197119186,0.18590810894966125,1440000
1980-08-06,0.18590810894966125,0.1872551869353075,0.184561030964015,0.18590810894966125,393600
1980-08-07,0.1872552355795988,0.1886022984981537,0.1872552355795988,0.1886022984981537,1555200
1980-08-08,0.18860228811420454,0.18860228811420454,0.18658168613910675,0.18658168613910675,422400
1980-08-11,0.18658164575790873,0.18927578628063202,0.18658164575790873,0.18927578628063202,873600
1980-08-12,0.1892757838442176,0.19062338597559242,0.18658164335617408,0.1879287213087082,796800
1980-08-13,0.18792876440052414,0.18792876440052414,0.183887529616272,0.18658168613910675,576000
1980-08-14,0.18658169641180683,0.1886022984981537,0.18456107890843085,0.1886022984981537,1737600
1980-08-15,0.18860226533318805,0.19399108648988167,0.18792874170086166,0.19331754744052887,2150400
1980-08-18,0.19331757059877458,0.19601172711892903,0.19062342949564837,0.19399110972881317,1670400
1980-08-19,0.19399108648988167,0.19399108648988167,0.19264400839117604,0.19331754744052887,1171200
1980-08-20,0.19399113616992458,0.198706419484823,0.19399113616992458,0.19735881686210632,3484800
1980-08-21,0.1980326607499082,0.20948329275649913,0.1980326607499082,0.20813621580600739,5337600
1980-08-22,0.20813638156854325,0.2101569986035267,0.20746285797390762,0.20948345959186554,2390400
1980-08-25,0.20948348551215576,0.2101570246071568,0.20476820308524285,0.20678934454917908,1180800
1980-08-26,0.2047682370162113,0.2047682370162113,0.2020740956068039,0.2020740956068039,1334400
1980-08-27,0.20207410017700475,0.20207410017700475,0.19735881686210632,0.19735881686210632,432000
1980-08-28,0.19735865914696904,0.19870626069277747,0.1953380585131938,0.19668512046337128,796800
1980-08-29,0.1946645212028562,0.1946645212028562,0.18994976580142972,0.18994976580142975,633600
1980-09-02,0.18994981948351977,0.19533811509609222,0.18994981948351977,0.19533811509609222,921600
1980-09-03,0.19533821019575043,0.2020740956068039,0.1946646709891411,0.2020740956068039,700800
1980-09-04,0.2047681969774063,0.2155458396997581,0.2047681969774063,0.2148723006248474,3360000
1980-09-05,0.21487229405648783,0.21756643485674726,0.21285115271462193,0.21554583311080933,2976000
1980-09-08,0.21487223249442847,0.21487223249442847,0.2141986936330795,0.21419869363307953,873600
1980-09-09,0.2135246161339311,0.2135246161339311,0.21150401510373348,0.21285107731819153,1113600
1980-09-10,0.21285115271462193,0.21554583311080933,0.21285115271462193,0.21554583311080933,1161600
1980-09-11,0.21554583311080933,0.21554583311080933,0.21554583311080933,0.21554583311080933,1372800
1980-09-12,0.21554588575006056,0.21554588575006056,0.2135247439146042,0.2135247439146042,614400
1980-09-15,0.21217770874500275,0.21217770874500275,0.21083063013056383,0.21217770874500275,432000
1980-09-16,0.21217770874500275,0.21217770874500275,0.21083063013056383,0.21217770874500275,604800
1980-09-17,0.2108303697069909,0.2108303697069909,0.20813621580600739,0.20813621580600739,4416000
1980-09-18,0.20813635584304602,0.20880989477145825,0.20746283233165738,0.2074628323316574,249600
1980-09-19,0.20746269274777476,0.20880975428125326,0.20611561579728302,0.20813621580600739,1171200
1980-09-22,0.20813635584304602,0.20813635584304602,0.20678929340324514,0.2074628323316574,2832000
1980-09-23,0.20746283233165738,0.20813635584304602,0.20678929340324514,0.2074628323316574,1593600
1980-09-24,0.20746269274777476,0.20813621580600739,0.20611561579728302,0.20813621580600739,883200
1980-09-25,0.20948345959186554,0.211504076626849,0.20948345959186554,0.20948345959186554,710400
1980-09-26,0.2074627101409051,0.2074627101409051,0.20476803183555603,0.20476803183555603,844800
1980-09-29,0.20342115070677308,0.20342115070677308,0.20140053331851956,0.2014005333185196,220800
1980-09-30,0.1993798315525055,0.1993798315525055,0.19870629276021132,0.1993798315525055,326400
1980-10-01,0.19870632886886597,0.19870632886886597,0.1973587268606956,0.19870632886886597,192000
1980-10-02,0.1987062664526666,0.1987062664526666,0.19601160287857058,0.19601160287857056,384000
1980-10-03,0.19601160287857058,0.19601160287857058,0.1946645254723274,0.19601160287857056,67200
1980-10-06,0.1973588402654174,0.2014005848377537,0.1973588402654174,0.20072704553604126,1008000
1980-10-07,0.2007268937200733,0.2007268937200733,0.1993798315525055,0.1993798315525055,2092800
1980-10-08,0.1993798315525055,0.1993798315525055,0.19803275396791717,0.1993798315525055,1411200
1980-10-09,0.2007270455360413,0.20207412413946613,0.2007270455360413,0.20072704553604126,729600
1980-10-10,0.20140053331851956,0.20342115070677308,0.20140053331851956,0.2014005333185196,1996800
1980-10-13,0.2007270455360413,0.2007270455360413,0.20005350623432885,0.20072704553604126,259200
1980-10-14,0.2007270171935852,0.2020740956068039,0.19937995419739651,0.2020740956068039,710400
1980-10-15,0.20409470796585083,0.20476823173806932,0.20409470796585083,0.20409470796585083,422400
1980-10-16,0.20409468983619092,0.20476821354858052,0.2000534550596839,0.2014005333185196,451200
1980-10-17,0.2014004416844034,0.20274751933033938,0.20005336403846743,0.2000533640384674,134400
1980-10-20,0.20005330872338403,0.21285102074884427,0.1993797855036676,0.210830420255661,2457600
1980-10-21,0.21285120469579522,0.21554588575006056,0.21285120469579522,0.2135247439146042,2054400
1980-10-22,0.2135246161339311,0.21419867912838642,0.21285107731819153,0.21285107731819153,211200
1980-10-23,0.2115040681433232,0.2115040681433232,0.20880991220474243,0.20880991220474243,691200
1980-10-24,0.20813623325560413,0.20813623325560413,0.20476803183555603,0.20476803183555603,624000
1980-10-27,0.2047682659292836,0.2047682659292836,0.2007270455360413,0.20072704553604126,614400
1980-10-28,0.2007268937200733,0.20207397130466162,0.1993798315525055,0.1993798315525055,192000
1980-10-29,0.1993798315525055,0.2007268937200733,0.1993798315525055,0.1993798315525055,307200
1980-10-30,0.1993798315525055,0.2007268937200733,0.19803275396791717,0.1993798315525055,345600
1980-10-31,0.20072690100366242,0.2040945950873336,0.20072690100366242,0.20342105627059937,297600
1980-11-03,0.2034209701891434,0.2054415703672696,0.20140035459400266,0.20476803183555603,1065600
1980-11-05,0.20746269274777476,0.210156831231745,0.20746269274777476,0.20813621580600739,672000
1980-11-06,0.20813637322009723,0.2115040681433232,0.20813637322009723,0.20880991220474243,633600
1980-11-07,0.20880975428125326,0.20880975428125326,0.20476801466834046,0.20813621580600739,912000
1980-11-10,0.20813635584304602,0.20813635584304602,0.2061157544748329,0.2074628323316574,364800
1980-11-11,0.20746285797390762,0.20948345959186554,0.20746285797390762,0.20948345959186554,902400
1980-11-12,0.2081364073221537,0.2081364073221537,0.20476820308524285,0.20678934454917908,2044800
1980-11-13,0.20678934454917905,0.20746288364418008,0.20476820308524285,0.20678934454917908,2544000
1980-11-14,0.20678934454917905,0.2081364073221537,0.20678934454917905,0.20678934454917908,163200
1980-11-17,0.20678934454917905,0.20880994641715472,0.206115805454178,0.20678934454917908,336000
1980-11-18,0.20678934454917905,0.20880994641715472,0.20544174218024389,0.20678934454917908,4348800
1980-11-19,0.20813637322009723,0.2101569901740328,0.20813637322009723,0.20880991220474243,297600
1980-11-20,0.20880991220474243,0.2101569901740328,0.20880991220474243,0.20880991220474243,297600
1980-11-21,0.20813635584304602,0.20813635584304602,0.2061157544748329,0.2074628323316574,1123200
1980-11-24,0.20746288364418008,0.2081364073221537,0.206115805454178,0.20678934454917908,835200
1980-11-25,0.2081364455811627,0.2135247439146042,0.2081364455811627,0.2135247439146042,777600
1980-11-26,0.2135246982961086,0.21487230062484744,0.21217763556331423,0.2148723006248474,528000
1980-11-28,0.21487230062484744,0.21487230062484744,0.21217763556331423,0.2148723006248474,518400
1980-12-01,0.21487223249442847,0.21487223249442847,0.21285109173163033,0.21419869363307953,268800
1980-12-02,0.21419875500216637,0.21554583311080933,0.21217762907732696,0.21554583311080933,614400
1980-12-03,0.21554581469336717,0.21621933827311252,0.21150407195091245,0.21150407195091248,777600
1980-12-04,0.21083053761518786,0.21083053761518786,0.20813638156854325,0.20948345959186554,470400
1980-12-05,0.20948345959186554,0.2101569986035267,0.20813638156854325,0.20948345959186554,220800
1980-12-08,0.20880986208173027,0.20880986208173027,0.20005336403846743,0.2000533640384674,1238400
1980-12-09,0.19668512046337128,0.19668512046337128,0.19601159719679154,0.19668512046337128,1286400
1980-12-10,0.1953381879888904,0.1953381879888904,0.19331757059877458,0.19399110972881317,1689600
1980-12-11,0.18590810894966125,0.18590810894966125,0.18388749197119186,0.18590810894966125,1459200
1980-12-12,0.18590810894966125,0.18792872592813062,0.18523456995683812,0.18590810894966125,1536000
1980-12-15,0.18590816034621407,0.18590816034621407,0.18388754280912062,0.18523462116718292,537600
1980-12-16,0.18456112533480237,0.18456112533480237,0.18388758599758148,0.18388758599758148,115200
1980-12-17,0.18388737131639524,0.18456090986728668,0.1832138481825188,0.18456090986728668,441600
1980-12-18,0.1845610264273729,0.18860224486795052,0.1845610264273729,0.1879287213087082,2208000
1980-12-19,0.1879287747473908,0.1886022984981537,0.18590815724401483,0.1886022984981537,422400
1980-12-22,0.18927581514246972,0.1912969565843233,0.18927581514246972,0.1906234174966812,211200
1980-12-23,0.19062339840982684,0.19264400005340576,0.19062339840982684,0.19264400005340576,163200
1980-12-24,0.1926439617502429,0.19331750063652553,0.19197042286396027,0.19197042286396027,316800
1980-12-26,0.19197030914013272,0.19197030914013272,0.19129678606986997,0.19129678606987,345600
1980-12-29,0.1912968993947003,0.1926439617502429,0.19062336050841766,0.19197042286396027,144000
1980-12-30,0.1919704802549381,0.19264401934258016,0.19062341749668124,0.1906234174966812,115200
1980-12-31,0.1906232475825937,0.192643847627409,0.18994970909531741,0.19129678606987,230400
1981-01-02,0.1912968993947003,0.19197042286396027,0.1892757585570817,0.19197042286396027,192000
1981-01-05,0.19399104770427505,0.19937986778355474,0.19399104770427505,0.19870632886886597,796800
1981-01-06,0.19870632886886597,0.20140046911059775,0.19870632886886597,0.19870632886886597,1027200
1981-01-07,0.197358789961978,0.197358789961978,0.19129696862568699,0.19399110972881317,1641600
1981-01-08,0.19399098251450697,0.19399098251450697,0.18994976580142972,0.18994976580142975,1190400
1981-01-09,0.18994984699932535,0.19062338597559242,0.1879287213087082,0.1879287213087082,748800
1981-01-12,0.18994989036560977,0.19399110972881317,0.18994989036560977,0.19399110972881317,364800
1981-01-13,0.19466457621739286,0.19533811509609222,0.19466457621739286,0.19533811509609222,240000
1981-01-14,0.19601175383545183,0.19735881686210632,0.19601175383545183,0.19735881686210632,700800
1981-01-15,0.1980328110012354,0.20409464646066694,0.1980328110012354,0.20274756848812103,2150400
1981-01-16,0.204094608606409,0.2141986936330795,0.204094608606409,0.21419869363307953,672000
1981-01-19,0.21419867912838642,0.21487221794412595,0.21150401510373348,0.21285107731819153,499200
1981-01-20,0.21285096971571527,0.21285096971571527,0.20813621580600739,0.20813621580600739,854400
1981-01-21,0.20813633083191863,0.21015694737434387,0.20611572970651518,0.21015694737434387,633600
1981-01-22,0.21015684885074487,0.21150392591417205,0.20476803183555603,0.20476803183555603,835200
1981-01-23,0.20476803183555603,0.20611563307747793,0.20476803183555603,0.20476803183555603,259200
1981-01-26,0.20476823173806932,0.20611583429557195,0.20342116877660274,0.20409470796585083,1420800
1981-01-27,0.20409470796585083,0.20476823173806932,0.2014005512088585,0.20409470796585083,576000
1981-01-28,0.2040946416863705,0.20678930633025075,0.2020740247748191,0.20611576735973358,748800
1981-01-29,0.20611572970651518,0.21150402506929403,0.20611572970651518,0.21015694737434387,441600
1981-01-30,0.2101569374722544,0.21285107731819153,0.2101569374722544,0.21285107731819153,201600
1981-02-02,0.21217744665748264,0.21217744665748264,0.2067891542725289,0.20813621580600739,2400000
1981-02-03,0.20813626570872742,0.210830420255661,0.20678920385227756,0.210830420255661,326400
1981-02-04,0.2121776103634026,0.21958703265228124,0.2121776103634026,0.21756641566753387,1756800
1981-02-05,0.2195870840616165,0.22497589062736553,0.2195870840616165,0.22430235147476196,1612800
1981-02-06,0.22497587074648046,0.22767002711881493,0.22497587074648046,0.2263229489326477,1564800
1981-02-09,0.22834359405537766,0.23575301832765555,0.22834359405537766,0.2323853224515915,1747200
1981-02-10,0.23036469225305364,0.23036469225305364,0.22632294893264768,0.2263229489326477,2486400
1981-02-11,0.22430210913149506,0.22430210913149506,0.22093390824564138,0.22160744667053223,892800
1981-02-12,0.22093418052644737,0.22093418052644737,0.2189135781785827,0.21958711743354797,595200
1981-02-13,0.21958703265228124,0.2209340952250877,0.21756641566753387,0.21756641566753387,307200
1981-02-17,0.21756619539718897,0.218913272023201,0.21621911877117694,0.218913272023201,643200
1981-02-18,0.21891352392239005,0.22497586905956268,0.21823998483435675,0.22497586905956268,547200
1981-02-19,0.2249757546148216,0.23103811208511174,0.2249757546148216,0.22766990959644318,2899200
1981-02-20,0.2276700254116958,0.22901708817073507,0.2236288063005234,0.22497586905956268,1862400
1981-02-23,0.22632290859899637,0.229017049074173,0.22632290859899637,0.22901704907417297,969600
1981-02-24,0.22834354639053345,0.22834354639053345,0.2263229292866823,0.22834354639053345,662400
1981-02-25,0.22834351203169176,0.2317117154598236,0.22766997309842207,0.2317117154598236,1209600
1981-02-26,0.2317117154598236,0.2317117154598236,0.22969057448120736,0.2317117154598236,1372800
1981-02-27,0.23171169047693424,0.23440583050251007,0.23171169047693424,0.23440583050251007,758400
1981-03-02,0.2344057498537517,0.23575282711158035,0.2337322112248374,0.23507928848266602,585600
1981-03-03,0.23507928848266604,0.23507928848266604,0.23305867259592308,0.23507928848266602,345600
1981-03-04,0.23507928848266604,0.23575282711158035,0.2344057498537517,0.23507928848266602,163200
1981-03-05,0.23440591826202542,0.23440591826202542,0.2330588400363922,0.2330588400363922,1017600
1981-03-06,0.2330587779093392,0.23373231684260887,0.2317117154598236,0.2317117154598236,825600
1981-03-09,0.2317116107551112,0.23507928848266604,0.2317116107551112,0.23507928848266602,345600
1981-03-10,0.2364265621140419,0.2465306520462036,0.2364265621140419,0.2465306520462036,2755200
1981-03-11,0.24653052915402432,0.2532658868459718,0.24585646612268072,0.2485511302947998,3782400
1981-03-12,0.2472040305263394,0.2472040305263394,0.2424887505113386,0.24316228926181793,912000
1981-03-13,0.24181529037803223,0.24181529037803223,0.23979468888669098,0.24114175140857697,451200
1981-03-16,0.24114172369524267,0.24248880147933963,0.24114172369524267,0.2424888014793396,172800
1981-03-17,0.24114175140857697,0.24114175140857697,0.23844761094778044,0.24114175140857697,480000
1981-03-18,0.2397946395216807,0.2397946395216807,0.23777349885055896,0.23844756186008453,307200
1981-03-19,0.23844768217594384,0.23979476051724838,0.2364265559020242,0.23710007965564728,1344000
1981-03-20,0.2371000796556473,0.2371000796556473,0.23440593839006738,0.23710007965564728,595200
1981-03-23,0.23710007759629884,0.23710007759629884,0.23440593635411905,0.23575301468372345,470400
1981-03-24,0.2357529336424179,0.23642647257568755,0.23036463759328427,0.2317117154598236,2121600
1981-03-25,0.23171185929227042,0.23373246192932132,0.2303647805895476,0.2337324619293213,835200
1981-03-26,0.23440593635411905,0.23710007759629884,0.23440593635411905,0.23575301468372345,1017600
1981-03-27,0.23507947915244273,0.23507947915244273,0.23171179869340797,0.2323853224515915,163200
1981-03-30,0.2317117134415445,0.2317117134415445,0.23036463558673861,0.2303646355867386,76800
1981-03-31,0.24248880147933963,0.24248880147933963,0.23171170127885718,0.2424888014793396,480000
1981-04-01,0.24248890221281633,0.24248890221281633,0.23979476094245908,0.2397947609424591,763200
1981-04-02,0.24114186021169506,0.24518308043479922,0.24114186021169506,0.2451830804347992,460800
1981-04-03,0.24518294163051074,0.24518294163051074,0.24114172369524267,0.2424888014793396,360000
1981-04-06,0.24248880147933963,0.24248880147933963,0.2370999815811994,0.2424888014793396,465600
1981-04-07,0.24248893875840696,0.24653068316058302,0.2397947970820147,0.2451830804347992,1315200
1981-04-08,0.24787765980947807,0.2492247223854065,0.24787765980947807,0.2492247223854065,849600
1981-04-09,0.24922479338257106,0.24922479338257106,0.2465306520462036,0.2465306520462036,508800
1981-04-10,0.24653058704332897,0.2546135485172272,0.24518298484294782,0.2546135485172272,2750400
1981-04-13,0.2546133784728113,0.2546133784728113,0.2478774995190065,0.2505716383457184,336000
1981-04-14,0.2505716295573465,0.25461336954268227,0.2505716295573465,0.25326576828956604,3700800
1981-04-15,0.25326576828956604,0.25461336954268227,0.2505716295573465,0.25326576828956604,2150400
1981-04-16,0.25326577717243026,0.2546133784728113,0.24922456122385483,0.2505716383457184,2568000
1981-04-20,0.2505716383457184,0.25191871546758193,0.2478774995190065,0.2505716383457184,177600
1981-04-21,0.25057180037836013,0.25057180037836013,0.24653058181652446,0.2492247223854065,470400
1981-04-22,0.24922456122385483,0.25326577717243026,0.2478774995190065,0.2505716383457184,148800
1981-04-23,0.25191870663196364,0.2559604466172994,0.25191870663196364,0.25326576828956604,974400
1981-04-24,0.2519186735153198,0.2519186735153198,0.2478774582397319,0.2519186735153198,441600
1981-04-27,0.2519188414709842,0.2532659038495989,0.24114172576114937,0.24383588135242462,537600
1981-04-28,0.24248880147933963,0.24248880147933963,0.2397946613281685,0.2424888014793396,76800
1981-04-29,0.23979473992647737,0.23979473992647737,0.2330588400363922,0.2330588400363922,220800
1981-04-30,0.23305875278121113,0.23440583050251007,0.22632287083000974,0.23440583050251007,240000
1981-05-01,0.2317117134415445,0.2317117134415445,0.2263228932605419,0.2303646355867386,878400
1981-05-04,0.22766996247705554,0.22766996247705554,0.22362874448299405,0.22362874448299408,408000
1981-05-05,0.22093408863578173,0.22093408863578173,0.21554580767120987,0.2182399481534958,801600
1981-05-06,0.21823994815349582,0.21958702610315112,0.21554580767120987,0.2182399481534958,240000
1981-05-07,0.21554583311080933,0.21554583311080933,0.21554583311080933,0.21554583311080933,379200
1981-05-08,0.21823998647076742,0.22632294893264768,0.21823998647076742,0.2263229489326477,364800
1981-05-11,0.22632294893264768,0.22767002711881493,0.22497587074648046,0.2263229489326477,182400
1981-05-12,0.2263228321056324,0.22901697167023452,0.2263228321056324,0.22766990959644318,388800
1981-05-13,0.2276699485513087,0.23440583050251007,0.2276699485513087,0.23440583050251007,508800
1981-05-14,0.23440583050251007,0.23575290822380904,0.23305875278121113,0.23440583050251007,52800
1981-05-15,0.2317117154598236,0.2317117154598236,0.22901703554793768,0.2317117154598236,484800
1981-05-18,0.23171169047693424,0.23440583050251007,0.23171169047693424,0.23440583050251007,163200
1981-05-19,0.23440585373413267,0.23440585373413267,0.23036463558673861,0.2303646355867386,182400
1981-05-20,0.23036469900215364,0.237100059296264,0.2276700337889681,0.2330588400363922,3288000
1981-05-21,0.23305877587932677,0.23440585373413267,0.23036463558673861,0.2303646355867386,1041600
1981-05-22,0.23036463558673861,0.23036463558673861,0.23036463558673861,0.2303646355867386,129600
1981-05-26,0.23036465119911184,0.23036465119911184,0.229017049074173,0.22901704907417297,196800
1981-05-27,0.22901703355313005,0.2317117134415445,0.22901703355313005,0.2303646355867386,475200
1981-05-28,0.23036463558673861,0.2317117134415445,0.22901703355313005,0.2303646355867386,590400
1981-05-29,0.23036469225305364,0.2330588332083607,0.22632294893264768,0.2263229489326477,206400
1981-06-01,0.22632289523188273,0.2330587779093392,0.2236287549158278,0.2317117154598236,1651200
1981-06-02,0.2317117134415445,0.23305877587932677,0.23036463558673861,0.2303646355867386,244800
1981-06-03,0.23036465119911184,0.23036465119911184,0.22497583065289573,0.22901704907417297,249600
1981-06-04,0.229017049074173,0.229017049074173,0.22632290859899637,0.22901704907417297,86400
1981-06-05,0.22901697167023452,0.22901697167023452,0.22093401338074767,0.22766990959644318,264000
1981-06-08,0.22766990959644318,0.23036457333970636,0.2249757546148216,0.22766990959644318,278400
1981-06-09,0.22766997111534776,0.2317117134415445,0.22766997111534776,0.2303646355867386,1152000
1981-06-10,0.23036471678233486,0.23575301468372348,0.23036471678233486,0.23575301468372345,518400
1981-06-11,0.23575302292569264,0.2465306520462036,0.23575302292569264,0.2465306520462036,811200
1981-06-12,0.24518294163051074,0.24518294163051074,0.2397946613281685,0.2424888014793396,345600
1981-06-15,0.24248893875840696,0.24653068316058302,0.2397947970820147,0.2451830804347992,806400
1981-06-16,0.24518308043479922,0.24787776170729492,0.24248893875840696,0.2451830804347992,888000
1981-06-17,0.24518294373103933,0.24653054570545663,0.24383588135242462,0.24383588135242462,206400
1981-06-18,0.2438359733446258,0.24787771701812744,0.2438359733446258,0.24787771701812744,336000
1981-06-19,0.2478774582397319,0.2519186735153198,0.2478774582397319,0.2519186735153198,196800
1981-06-22,0.24922468587970895,0.24922468587970895,0.24383588135242462,0.24383588135242462,326400
1981-06-23,0.24383590728639806,0.24518296980828405,0.24114175140857697,0.24114175140857697,360000
1981-06-24,0.24114186021169506,0.24518308043479922,0.2384477185353028,0.2451830804347992,220800
1981-06-25,0.2424889017828283,0.2424889017828283,0.23305886004876283,0.23710007965564728,393600
1981-06-26,0.23844758354407156,0.24248880147933963,0.23844758354407156,0.2424888014793396,96000
1981-06-29,0.242488803556787,0.24518294373103933,0.2397946633825347,0.24383588135242462,211200
1981-06-30,0.24114182344152377,0.24114182344152377,0.23440593839006738,0.23710007965564728,216000
1981-07-01,0.23709997052808593,0.23709997052808593,0.23440583050251007,0.23440583050251007,283200
1981-07-02,0.231711703076056,0.231711703076056,0.21823992302411488,0.22093406319618225,1320000
1981-07-06,0.22093408863578173,0.22093408863578173,0.21823994815349582,0.2182399481534958,744000
1981-07-07,0.21823994815349582,0.22093408863578173,0.2168928702038405,0.2182399481534958,585600
1981-07-08,0.2182399113841511,0.2182399113841511,0.2141986936330795,0.21419869363307953,144000
1981-07-09,0.21419872972155457,0.21823994815349582,0.21150406506042904,0.2182399481534958,384000
1981-07-10,0.21823997391106875,0.21823997391106875,0.21285115271462193,0.21554583311080933,686400
1981-07-13,0.2155457669158632,0.2155457669158632,0.21015694737434387,0.21015694737434387,686400
1981-07-14,0.21015694737434387,0.21150402506929403,0.20611572970651518,0.21015694737434387,364800
1981-07-15,0.21015698576581185,0.21150406370684613,0.20476816523986308,0.20611576735973358,158400
1981-07-16,0.20611572970651518,0.21015694737434387,0.202073987859946,0.21015694737434387,436800
1981-07-17,0.2101569374722544,0.21285107731819153,0.2088098598407753,0.21285107731819153,475200
1981-07-20,0.21285109173163033,0.2155457713557774,0.21150402942595453,0.21419869363307953,1569600
1981-07-21,0.21285108734722238,0.21285108734722238,0.21015694737434387,0.21015694737434387,1286400
1981-07-22,0.21015699395737136,0.21554581469336717,0.21015699395737136,0.21150407195091248,427200
1981-07-23,0.21150409002300546,0.21554583311080933,0.2101570119143625,0.21554583311080933,292800
1981-07-24,0.21823992302411488,0.22093406319618225,0.21823992302411488,0.22093406319618225,374400
1981-07-27,0.21823997391106875,0.21823997391106875,0.21554583311080933,0.21554583311080933,4982400
1981-07-28,0.2155458946114109,0.21824003618037588,0.2155458946114109,0.21689295768737793,182400
1981-07-29,0.21689296041368694,0.21958711743354797,0.21554589732078755,0.21958711743354797,148800
1981-07-30,0.21958705201971174,0.21958705201971174,0.21554583311080933,0.21554583311080933,196800
1981-07-31,0.21689296041368694,0.21958711743354797,0.21689296041368694,0.21958711743354797,144000
1981-08-03,0.2182399113841511,0.2182399113841511,0.2141986936330795,0.21419869363307953,864000
1981-08-04,0.21285107731819153,0.21285107731819153,0.21150401510373348,0.21285107731819153,168000
1981-08-05,0.21285112759305966,0.21958702610315112,0.21285112759305966,0.2182399481534958,768000
1981-08-06,0.21823994815349582,0.21958702610315112,0.2168928702038405,0.2182399481534958,331200
1981-08-07,0.21824003892361746,0.21958711743354797,0.21554589732078755,0.21958711743354797,67200
1981-08-10,0.21958700081866003,0.22228166516950662,0.21958700081866003,0.22093406319618225,523200
1981-08-11,0.22093418052644737,0.22093418052644737,0.21824003892361746,0.21958711743354797,3326400
1981-08-12,0.21958705914791907,0.2236288023669255,0.21958705914791907,0.22228172421455383,532800
1981-08-13,0.22228166516950662,0.224975805341574,0.22093406319618225,0.22093406319618225,321600
1981-08-14,0.22093406319618225,0.22362874296405177,0.22093406319618225,0.22093406319618225,211200
1981-08-17,0.22093406319618225,0.22362874296405177,0.21823992302411488,0.22093406319618225,302400
1981-08-18,0.22093406319618225,0.22362874296405177,0.22093406319618225,0.22093406319618225,182400
1981-08-19,0.22093406319618225,0.22228166516950662,0.22093406319618225,0.22093406319618225,129600
1981-08-20,0.22228172421455383,0.22228172421455383,0.22228172421455383,0.22228172421455383,148800
1981-08-21,0.22228172421455383,0.22228172421455383,0.22093412188326372,0.22228172421455383,259200
1981-08-24,0.22093417774934088,0.22093417774934088,0.21689295768737793,0.21689295768737793,686400
1981-08-25,0.21689281897432355,0.21823989660580265,0.21285107731819153,0.21285107731819153,283200
1981-08-26,0.2141986936330795,0.2155457713557774,0.2141986936330795,0.21419869363307953,700800
1981-08-27,0.21419875500216637,0.21554583311080933,0.21285115271462193,0.21554583311080933,38400
1981-08-28,0.2141986936330795,0.2141986936330795,0.21285109173163033,0.21419869363307953,556800
1981-08-31,0.21285112623085584,0.21285112623085584,0.20611576735973358,0.20611576735973358,427200
1981-09-01,0.19937980078289932,0.19937980078289932,0.18994976580142972,0.18994976580142975,907200
1981-09-02,0.18994970909531741,0.19399092460196155,0.1872550463847657,0.19129678606987,513600
1981-09-03,0.1912969374300284,0.19668521875758932,0.1912969374300284,0.19264400005340576,412800
1981-09-04,0.19399098114599828,0.19803272200917973,0.19399098114599828,0.19668512046337128,998400
1981-09-08,0.19668521076260956,0.19668521076260956,0.18321396839539383,0.18590810894966125,1564800
1981-09-09,0.18590814682344597,0.19399110972881317,0.18590814682344597,0.19399110972881317,432000
1981-09-10,0.19399110972881317,0.19399110972881317,0.19129696862568699,0.19399110972881317,297600
1981-09-11,0.1993798315525055,0.20207397130466162,0.1993798315525055,0.1993798315525055,403200
1981-09-14,0.19937975441587644,0.20476803183555603,0.19668507611052738,0.20476803183555603,206400
1981-09-15,0.20476815243920493,0.20746283233165738,0.20476815243920493,0.2074628323316574,182400
1981-09-16,0.20611583960844998,0.20611583960844998,0.2020740956068039,0.2020740956068039,1574400
1981-09-17,0.20207397130466162,0.20207397130466162,0.1993798315525055,0.1993798315525055,177600
1981-09-18,0.19668512046337128,0.19668512046337128,0.19399098114599828,0.19668512046337128,484800
1981-09-21,0.1966851774364685,0.198032779372632,0.19533811509609222,0.19533811509609222,134400
1981-09-22,0.19803282618522644,0.2007269669198641,0.19803282618522644,0.19803282618522644,163200
1981-09-23,0.198032853270977,0.1993799315310542,0.19399110972881317,0.19399110972881317,364800
1981-09-24,0.19264400005340576,0.19264400005340576,0.19264400005340576,0.19264400005340576,144000
1981-09-25,0.18994975452591253,0.18994975452591253,0.18051919592562923,0.18321387469768524,638400
1981-09-28,0.183214015989876,0.18994990101272743,0.17378397429585657,0.1886022984981537,465600
1981-09-29,0.1886023864801498,0.19129706858736217,0.18725532293319705,0.18725532293319702,240000
1981-09-30,0.18860210794230473,0.19129678606986997,0.18860210794230473,0.19129678606987,52800
1981-10-01,0.19129696862568699,0.19399110972881317,0.18994989036560977,0.19399110972881317,340800
1981-10-02,0.19668512046337128,0.19668512046337128,0.19668512046337128,0.19668512046337128,28800
1981-10-05,0.19937995419739651,0.2020740956068039,0.19937995419739651,0.2020740956068039,446400
1981-10-06,0.2007268937200733,0.2007268937200733,0.1993798315525055,0.1993798315525055,619200
1981-10-07,0.1993798315525055,0.1993798315525055,0.19533809003706348,0.1993798315525055,129600
1981-10-08,0.1993798315525055,0.2007268937200733,0.19803275396791717,0.1993798315525055,38400
1981-10-09,0.19937983878721502,0.20342105627059937,0.19937983878721502,0.20342105627059937,163200
1981-10-12,0.20342105627059937,0.20476811848704676,0.2020739786371309,0.20342105627059937,561600
1981-10-13,0.2034209701891434,0.20476803183555603,0.2034209701891434,0.20476803183555603,124800
1981-10-14,0.20207399722780572,0.20207399722780572,0.1939910373386935,0.19533811509609222,350400
1981-10-15,0.19533809003706348,0.1993798315525055,0.19399101245247516,0.1993798315525055,177600
1981-10-16,0.19937995419739651,0.2020740956068039,0.1980328757841778,0.2020740956068039,969600
1981-10-19,0.20342105627059937,0.20880986014914765,0.20342105627059937,0.20342105627059937,249600
1981-10-20,0.20342105627059937,0.20476811848704676,0.20072690100366242,0.20342105627059937,288000
1981-10-21,0.2034211740200226,0.2034211740200226,0.2020740956068039,0.2020740956068039,62400
1981-10-22,0.2007268937200733,0.2007268937200733,0.19803275396791717,0.1993798315525055,182400
1981-10-23,0.1993798315525055,0.20207397130466162,0.19803275396791717,0.1993798315525055,283200
1981-10-26,0.19937983878721502,0.20476811848704676,0.19937983878721502,0.20342105627059937,268800
1981-10-27,0.20342110271585337,0.2074628453007679,0.2020740247748191,0.20611576735973358,249600
1981-10-28,0.20476803183555603,0.20476803183555603,0.20476803183555603,0.20476803183555603,144000
1981-10-29,0.20476803183555603,0.20476803183555603,0.20207389312571622,0.20476803183555603,720000
1981-10-30,0.20746280740146533,0.21015694737434387,0.20746280740146533,0.21015694737434387,552000
1981-11-02,0.21285121344636398,0.21689295768737793,0.21285121344636398,0.21689295768737793,854400
1981-11-03,0.2168928336614532,0.2168928336614532,0.2141986936330795,0.21419869363307953,374400
1981-11-04,0.21419872972155457,0.21823994815349582,0.21285112759305966,0.2182399481534958,604800
1981-11-05,0.21823997391106875,0.21958705201971174,0.21554583311080933,0.21554583311080933,48000
1981-11-06,0.2155457567598655,0.2155457567598655,0.21285107731819153,0.21285107731819153,110400
1981-11-09,0.2141986936330795,0.2155457713557774,0.2141986936330795,0.21419869363307953,484800
1981-11-10,0.2141987619554595,0.22228172421455383,0.2141987619554595,0.22228172421455383,960000
1981-11-11,0.22228172421455383,0.2236288023669255,0.22093412188326372,0.22228172421455383,67200
1981-11-12,0.22228166516950662,0.22362874296405177,0.22093406319618225,0.22093406319618225,110400
1981-11-13,0.22093406319618225,0.22228166516950662,0.21958700081866003,0.22093406319618225,163200
1981-11-16,0.2209340646968216,0.22362874448299405,0.2195870023101498,0.22362874448299408,312000
1981-11-17,0.22362874448299405,0.22497580686966587,0.22228166667929924,0.22362874448299408,268800
1981-11-18,0.22362874448299405,0.22497580686966587,0.2209340646968216,0.22362874448299408,1281600
1981-11-19,0.22362874448299405,0.2263228846733607,0.22362874448299405,0.22362874448299408,105600
1981-11-20,0.2236288079773406,0.23036469225305364,0.2236288079773406,0.2263229489326477,240000
1981-11-23,0.2263228932605419,0.2317117134415445,0.2263228932605419,0.2303646355867386,422400
1981-11-24,0.23036463759328427,0.23440585577587855,0.22901703554793768,0.2317117154598236,211200
1981-11-25,0.23171169047693424,0.23709997052808593,0.23171169047693424,0.23440583050251007,244800
1981-11-27,0.23440583050251007,0.2397946501494346,0.23440583050251007,0.23440583050251007,148800
1981-11-30,0.23440583050251007,0.23709997052808593,0.23171169047693424,0.23440583050251007,283200
1981-12-01,0.23440582011358993,0.2397946395216807,0.23440582011358993,0.23844756186008453,446400
1981-12-02,0.2384476801048907,0.2397947584344951,0.23305885802451465,0.23575301468372345,187200
1981-12-03,0.23575301673137192,0.23844768217594384,0.23305886004876283,0.23710007965564728,360000
1981-12-04,0.2384477185353028,0.24787776170729492,0.2384477185353028,0.2451830804347992,3480000
1981-12-07,0.24518294373103933,0.24653054570545663,0.24383588135242462,0.24383588135242462,1027200
1981-12-08,0.24383588135242462,0.24518294373103933,0.24114172576114937,0.24383588135242462,1027200
1981-12-09,0.24383590728639806,0.24383590728639806,0.24114175140857697,0.24114175140857697,1372800
1981-12-10,0.24114182344152377,0.24114182344152377,0.2371000796556473,0.23710007965564728,3033600
1981-12-11,0.2371000796556473,0.2424889017828283,0.2371000796556473,0.23710007965564728,715200
1981-12-14,0.2371000796556473,0.23844768217594384,0.2371000796556473,0.23710007965564728,124800
1981-12-15,0.23710007759629884,0.2384476801048907,0.23575301468372348,0.23575301468372345,273600
1981-12-16,0.2357528977751861,0.2397946395216807,0.23440582011358993,0.23844756186008453,537600
1981-12-17,0.23844758354407156,0.24248880147933963,0.23844758354407156,0.2424888014793396,129600
1981-12-18,0.24518304949049932,0.24787773042290212,0.24518304949049932,0.2465306520462036,657600
1981-12-21,0.2465306520462036,0.2465306520462036,0.24383598653083038,0.2465306520462036,264000
1981-12-22,0.24518294373103933,0.24518294373103933,0.24383588135242462,0.24383588135242462,1099200
1981-12-23,0.24248882934748753,0.24248882934748753,0.24114175140857697,0.24114175140857697,76800
1981-12-24,0.24114182134707046,0.2424888996766749,0.23440593635411905,0.23575301468372345,235200
1981-12-28,0.23575290822380904,0.23709997052808593,0.23171169047693424,0.23440583050251007,436800
1981-12-29,0.23440585373413267,0.23440585373413267,0.23036463558673861,0.2303646355867386,67200
1981-12-30,0.23036463759328427,0.23440585577587855,0.23036463759328427,0.2317117154598236,782400
1981-12-31,0.23171179712448745,0.2371000796556473,0.23171179712448745,0.23710007965564728,499200
1982-01-04,0.2371000796556473,0.23979476051724838,0.2371000796556473,0.23710007965564728,374400
1982-01-05,0.23710007759629884,0.23710007759629884,0.23575301468372348,0.23575301468372345,667200
1982-01-06,0.2330587129043085,0.2330587129043085,0.22766990959644318,0.22766990959644318,691200
1982-01-07,0.22632294325464178,0.22632294325464178,0.22228172421455383,0.22228172421455383,129600
1982-01-08,0.22228166516950662,0.22362874296405177,0.22093406319618225,0.22093406319618225,134400
1982-01-11,0.22093408863578173,0.22093408863578173,0.2168928702038405,0.2182399481534958,312000
1982-01-12,0.21823995526342413,0.21958703325696521,0.21150407195091245,0.21150407195091248,604800
1982-01-13,0.20880986014914765,0.20880986014914765,0.20342105627059937,0.20342105627059937,1008000
1982-01-14,0.2007268937200733,0.2007268937200733,0.1993798315525055,0.1993798315525055,254400
1982-01-15,0.19937998234964863,0.2047682659292836,0.19937998234964863,0.20072704553604126,1224000
1982-01-18,0.20072690100366242,0.20342105627059937,0.20072690100366242,0.20342105627059937,566400
1982-01-19,0.2034211740200226,0.2047682370162113,0.2020740956068039,0.2020740956068039,494400
1982-01-20,0.2020740956068039,0.2020740956068039,0.19937995419739651,0.2020740956068039,120000
1982-01-21,0.2020740956068039,0.2034211740200226,0.2020740956068039,0.2020740956068039,96000
1982-01-22,0.2020740956068039,0.2034211740200226,0.19937995419739651,0.2020740956068039,139200
1982-01-25,0.2007270455360413,0.2007270455360413,0.2007270455360413,0.20072704553604126,158400
1982-01-26,0.20207389312571622,0.2074627101409051,0.20207389312571622,0.20476803183555603,172800
1982-01-27,0.20611576735973358,0.2074628453007679,0.20611576735973358,0.20611576735973358,81600
1982-01-28,0.20476803183555603,0.20476803183555603,0.2034209701891434,0.20476803183555603,648000
1982-01-29,0.20476817322137558,0.21150407195091245,0.2034211106448597,0.21150407195091248,1036800
1982-02-01,0.21150405048510726,0.2128511129249081,0.20746283233165738,0.2074628323316574,273600
1982-02-02,0.20611586871180243,0.20611586871180243,0.2007270455360413,0.20072704553604126,220800
1982-02-03,0.2007268937200733,0.20342104888924994,0.1993798315525055,0.1993798315525055,580800
1982-02-04,0.1993798315525055,0.2007268937200733,0.1993798315525055,0.1993798315525055,364800
1982-02-05,0.2007270171935852,0.2047682370162113,0.2007270171935852,0.2020740956068039,158400
1982-02-08,0.2020740956068039,0.20611583960844998,0.2020740956068039,0.2020740956068039,580800
1982-02-09,0.200726919470407,0.200726919470407,0.19533811509609222,0.19533811509609222,259200
1982-02-10,0.19668530096370496,0.20207412413946613,0.19668530096370496,0.20072704553604126,235200
1982-02-11,0.20072690100366242,0.20342105627059937,0.20072690100366242,0.20342105627059937,105600
1982-02-12,0.20342105627059937,0.20342105627059937,0.20342105627059937,0.20342105627059937,0
1982-02-16,0.2034211740200226,0.2034211740200226,0.2020740956068039,0.2020740956068039,177600
1982-02-17,0.2020740247748191,0.20611576735973358,0.1993798843097751,0.20611576735973358,182400
1982-02-18,0.20880986967939372,0.21419868922091304,0.20880986967939372,0.21015694737434387,518400
1982-02-19,0.21015697262828276,0.21150405048510726,0.2061157544748329,0.2074628323316574,753600
1982-02-22,0.2101569374722544,0.2155457567598655,0.2101569374722544,0.21285107731819153,1123200
1982-02-23,0.21285115271462193,0.21554583311080933,0.21150409002300546,0.21554583311080933,604800
1982-02-24,0.2155457567598655,0.2155457567598655,0.21285107731819153,0.21285107731819153,235200
1982-02-25,0.21285107731819153,0.2155457567598655,0.21285107731819153,0.21285107731819153,552000
1982-02-26,0.21285107731819153,0.2155457567598655,0.21285107731819153,0.21285107731819153,283200
1982-03-01,0.21285113452742835,0.21554581469336717,0.2088099159638303,0.21150407195091248,604800
1982-03-02,0.21150407195091245,0.21554581469336717,0.21150407195091245,0.21150407195091248,1324800
1982-03-03,0.21150405048510726,0.21150405048510726,0.20746283233165738,0.2074628323316574,1032000
1982-03-04,0.2047682370162113,0.2047682370162113,0.2020740956068039,0.2020740956068039,374400
1982-03-05,0.2020740956068039,0.20611583960844998,0.2020740956068039,0.2020740956068039,345600
1982-03-08,0.2020740956068039,0.2047682370162113,0.2020740956068039,0.2020740956068039,268800
1982-03-09,0.2020740956068039,0.2020740956068039,0.2020740956068039,0.2020740956068039,240000
1982-03-10,0.20342108999940406,0.20880989477145825,0.20342108999940406,0.2074628323316574,254400
1982-03-11,0.20746281167488292,0.2141986936330795,0.20611573395218502,0.21419869363307953,172800
1982-03-12,0.2168929066582902,0.22901708817073507,0.2168929066582902,0.22497586905956268,1406400
1982-03-15,0.22228172421455383,0.22228172421455383,0.21958705914791907,0.22228172421455383,465600
1982-03-16,0.22228178321543549,0.22362886172536597,0.21958711743354797,0.21958711743354797,417600
1982-03-17,0.21958702610315112,0.21958702610315112,0.21554580767120987,0.2182399481534958,422400
1982-03-18,0.21824003618037588,0.22093417774934088,0.21689295768737793,0.21689295768737793,696000
1982-03-19,0.21823994815349582,0.22093408863578173,0.21823994815349582,0.2182399481534958,254400
1982-03-22,0.21823992302411488,0.22362874296405177,0.21823992302411488,0.22093406319618225,412800
1982-03-23,0.2236287529679537,0.23036463558673861,0.2236287529679537,0.2303646355867386,412800
1982-03-24,0.23036469052572933,0.23305883146083514,0.22497586905956268,0.22497586905956268,240000
1982-03-25,0.22497586905956268,0.22901708817073507,0.22497586905956268,0.22497586905956268,177600
1982-03-26,0.22497586905956268,0.2276700254116958,0.22497586905956268,0.22497586905956268,129600
1982-03-29,0.22497583065289573,0.229017049074173,0.22497583065289573,0.22901704907417297,153600
1982-03-30,0.22632294325464178,0.22632294325464178,0.22228172421455383,0.22228172421455383,259200
1982-03-31,0.22228166667929924,0.22362874448299405,0.2209340646968216,0.22362874448299408,120000
1982-04-01,0.22228166516950662,0.22228166516950662,0.21823992302411488,0.22093406319618225,91200
1982-04-02,0.22093407307953924,0.23036463558673861,0.22093407307953924,0.2303646355867386,292800
1982-04-05,0.2263228846733607,0.2263228846733607,0.22362874448299405,0.22362874448299408,216000
1982-04-06,0.22093418052644737,0.22093418052644737,0.21824003892361746,0.21958711743354797,672000
1982-04-07,0.21958702610315112,0.22093408863578173,0.21554580767120987,0.2182399481534958,2097600
1982-04-08,0.21823992302411488,0.224975805341574,0.21823992302411488,0.22093406319618225,120000
1982-04-12,0.22228172421455383,0.22632294325464178,0.22228172421455383,0.22228172421455383,364800
1982-04-13,0.22228172979117336,0.22632294893264768,0.22228172979117336,0.2263229489326477,168000
1982-04-14,0.22632290859899637,0.23036465119911184,0.22497583065289573,0.22901704907417297,460800
1982-04-15,0.22901703554793768,0.2317117154598236,0.22766997309842207,0.2317117154598236,470400
1982-04-16,0.23440582011358993,0.24248877942785163,0.23440582011358993,0.23844756186008453,1646400
1982-04-19,0.23844758354407156,0.24787762137747982,0.2370999815811994,0.2424888014793396,811200
1982-04-20,0.24248880147933963,0.24518294163051074,0.2370999815811994,0.2424888014793396,753600
1982-04-21,0.24248889504077484,0.24787771701812744,0.24248889504077484,0.24787771701812744,504000
1982-04-22,0.24787765980947807,0.2492247223854065,0.24248883907583235,0.2492247223854065,806400
1982-04-23,0.2505716295573465,0.25461336954268227,0.2505716295573465,0.25326576828956604,1142400
1982-04-26,0.25326601309563707,0.25596069402803984,0.2397947668177644,0.2465306520462036,1032000
1982-04-27,0.24653068316058302,0.24787776170729492,0.24248893875840696,0.2451830804347992,792000
1982-04-28,0.24383590728639806,0.24383590728639806,0.23979468888669098,0.24114175140857697,355200
1982-04-29,0.24114186021169506,0.24518308043479922,0.23710011580951898,0.2451830804347992,196800
1982-04-30,0.24518308043479922,0.24518308043479922,0.24248893875840696,0.2451830804347992,264000
1982-05-03,0.24518303623144805,0.24787771701812744,0.24114181673692386,0.24787771701812744,3619200
1982-05-04,0.2478776812885419,0.25730770598412733,0.2478776812885419,0.2559606432914734,460800
1982-05-05,0.2559606432914734,0.25730770598412733,0.2532659628932106,0.2559606432914734,686400
1982-05-06,0.2559606072624885,0.264043552710639,0.2559606072624885,0.2626964747905731,835200
1982-05-07,0.26404348926466453,0.2721264481876169,0.26404348926466453,0.26943179965019226,2020800
1982-05-10,0.26943185525747,0.26943185525747,0.26539062163426547,0.266737699508667,321600
1982-05-11,0.266737699508667,0.26808477738306846,0.26539062163426547,0.266737699508667,2769600
1982-05-12,0.26673771247663547,0.2680847904165278,0.2613489073722796,0.26539063453674316,384000
1982-05-13,0.264043552710639,0.264043552710639,0.258654747685596,0.2626964747905731,379200
1982-05-14,0.262696491558768,0.26404356956481934,0.2613489202079058,0.26404356956481934,316800
1982-05-17,0.26404356956481934,0.266737725576922,0.2613489202079058,0.26404356956481934,604800
1982-05-18,0.2600016282449258,0.2600016282449258,0.2505715966177863,0.2519186735153198,806400
1982-05-19,0.25191870663196364,0.25865458534951896,0.2505716295573465,0.25326576828956604,21283200
1982-05-20,0.2546135084566435,0.25865472646831844,0.2546135084566435,0.25730764865875244,547200
1982-05-21,0.2586546588573079,0.2640434620317051,0.2586546588573079,0.26134881377220154,518400
1982-05-24,0.2613487486651138,0.2626963191314644,0.2505716383457184,0.2505716383457184,5539200
1982-05-25,0.2505718582088007,0.25326599939947386,0.24787771701812744,0.24787771701812744,168000
1982-05-26,0.2478774582397319,0.2519186735153198,0.24518278026623466,0.2519186735153198,398400
1982-05-27,0.2519188414709842,0.2519188414709842,0.242488803556787,0.24383588135242462,278400
1982-05-28,0.2438359733446258,0.24787771701812744,0.24248889504077484,0.24787771701812744,840000
1982-06-01,0.24787771701812744,0.24922477990494968,0.24653063871427647,0.24787771701812744,422400
1982-06-02,0.2492247223854065,0.25057180037836013,0.2492247223854065,0.2492247223854065,172800
1982-06-03,0.2505716383457184,0.2546133784728113,0.2505716383457184,0.2505716383457184,192000
1982-06-04,0.24787773042290212,0.24787773042290212,0.2465306520462036,0.2465306520462036,177600
1982-06-07,0.24653068316058302,0.24653068316058302,0.24383601730511886,0.2451830804347992,777600
1982-06-08,0.24383587926343658,0.24383587926343658,0.24114172369524267,0.2424888014793396,177600
1982-06-09,0.23979473992647737,0.23979473992647737,0.2330588400363922,0.2330588400363922,316800
1982-06-10,0.23036465119911184,0.23036465119911184,0.22228169017771912,0.22901704907417297,2304000
1982-06-11,0.22901703355313005,0.2317117134415445,0.2263228932605419,0.2303646355867386,1099200
1982-06-14,0.22901708817073507,0.22901708817073507,0.22497586905956268,0.22497586905956268,1132800
1982-06-15,0.22497587074648046,0.22767002711881493,0.2236288079773406,0.2263229489326477,369600
1982-06-16,0.22632294893264768,0.22901708988795477,0.22632294893264768,0.2263229489326477,148800
1982-06-17,0.22362876871393195,0.22362876871393195,0.21419872972155457,0.2182399481534958,508800
1982-06-18,0.21824003892361746,0.21958711743354797,0.21554589732078755,0.21958711743354797,859200
1982-06-21,0.21958711743354797,0.22093418052644737,0.21824003892361746,0.21958711743354797,168000
1982-06-22,0.21958702552370427,0.23171172914521249,0.216892869631503,0.22901704907417297,1046400
1982-06-23,0.23305886004876283,0.2371000796556473,0.23305886004876283,0.23710007965564728,2270400
1982-06-24,0.23709997052808593,0.24248879017501043,0.23440583050251007,0.23440583050251007,499200
1982-06-25,0.23440583050251007,0.2397946501494346,0.23305875278121113,0.23440583050251007,432000
1982-06-28,0.23440591826202542,0.23575299648765863,0.23171177722778685,0.2330588400363922,172800
1982-06-29,0.2330587779093392,0.2370999960919335,0.23036463759328427,0.2317117154598236,1924800
1982-06-30,0.23440582011358993,0.23844756186008453,0.23440582011358993,0.23844756186008453,1454400
1982-07-01,0.23844766170084417,0.23844766170084417,0.2330588400363922,0.2330588400363922,268800
1982-07-02,0.23305877587932677,0.23305877587932677,0.22901703355313005,0.2303646355867386,542400
1982-07-06,0.23171179511193926,0.23575301468372348,0.23171179511193926,0.23575301468372345,225600
1982-07-07,0.2357528977751861,0.2397946395216807,0.2357528977751861,0.23844756186008453,350400
1982-07-08,0.2371000796556473,0.2371000796556473,0.23305886004876283,0.23710007965564728,2203200
1982-07-09,0.2397947668177644,0.2465306520462036,0.2397947668177644,0.2465306520462036,801600
1982-07-12,0.24653054570545663,0.25057176367534656,0.242488803556787,0.24383588135242462,1032000
1982-07-13,0.24248880147933963,0.24248880147933963,0.24114172369524267,0.2424888014793396,206400
1982-07-14,0.24248893875840696,0.24518308043479922,0.2397947970820147,0.2451830804347992,499200
1982-07-15,0.24518303623144805,0.24787771701812744,0.2438359733446258,0.24787771701812744,1161600
1982-07-16,0.2478774582397319,0.2519186735153198,0.24653038134219837,0.2519186735153198,921600
1982-07-19,0.25730758139986104,0.2653905394891519,0.25730758139986104,0.26134881377220154,1104000
1982-07-20,0.26404348926466453,0.2721264481876169,0.26404348926466453,0.26943179965019226,1483200
1982-07-21,0.27482068909972945,0.28290365054383915,0.27482068909972945,0.27751484513282776,2649600
1982-07-22,0.27751491813646306,0.27886248985232187,0.2748207613946344,0.2761678397655487,2385600
1982-07-23,0.2761678032419308,0.277514881434692,0.2707794904708862,0.27077949047088623,2323200
1982-07-26,0.27077942647663417,0.27077942647663417,0.26539062163426547,0.266737699508667,547200
1982-07-27,0.26673771247663547,0.2694318683564201,0.26404355659685086,0.26539063453674316,691200
1982-07-28,0.26539064757087066,0.26539064757087066,0.262696491558768,0.26404356956481934,1089600
1982-07-29,0.26269642730037335,0.26269642730037335,0.25730762324951706,0.2600017786026001,528000
1982-07-30,0.26000179137338364,0.261348869116091,0.25865471363067627,0.25865471363067627,460800
1982-08-02,0.25865476419580313,0.26404356956481934,0.25865476419580313,0.26404356956481934,3129600
1982-08-03,0.26404354375986394,0.26808477738306846,0.26404354375986394,0.266737699508667,2822400
1982-08-04,0.26539063063070495,0.26539063063070495,0.2626964747905731,0.2626964747905731,465600
1982-08-05,0.2613488562791416,0.2613488562791416,0.2586547009260586,0.2600017786026001,1838400
1982-08-06,0.2600017786026001,0.26269642730037335,0.2600017786026001,0.2600017786026001,561600
1982-08-09,0.25865471363067627,0.25865471363067627,0.25326589389811005,0.25865471363067627,720000
1982-08-10,0.25865471363067627,0.26000179137338364,0.25326589389811005,0.25865471363067627,1516800
1982-08-11,0.25865478409380777,0.2600018622034882,0.2559606432914734,0.2559606432914734,811200
1982-08-12,0.2559606236007258,0.26404356956481934,0.2546135455946745,0.26404356956481934,633600
1982-08-13,0.26404352308296947,0.27482063857900274,0.26134887420041814,0.2734735608100891,1012800
1982-08-16,0.2761678002354653,0.29098664688427295,0.2761678002354653,0.2815566062927246,2654400
1982-08-17,0.28155650087258743,0.2909865379333496,0.28020942319886266,0.2909865379333496,1209600
1982-08-18,0.2909865379333496,0.30311122368625043,0.28694530491217546,0.2909865379333496,3724800
1982-08-19,0.29098670328003584,0.296375510381693,0.288292546401692,0.29233378171920776,2131200
1982-08-20,0.2923335832391957,0.3004165417312686,0.2923335832391957,0.29906946420669556,1132800
1982-08-23,0.29906960005377187,0.3017637563266908,0.29502836564439344,0.3004166781902313,2126400
1982-08-24,0.30041670475756016,0.3017637830131484,0.29637546999079545,0.29772254824638367,4075200
1982-08-25,0.29772228049206484,0.3084993901893595,0.2950281264038558,0.3058052361011505,1204800
1982-08-26,0.30580538072897734,0.3165824955232088,0.3017636543407081,0.3031112253665924,2126400
1982-08-27,0.30311108201294146,0.307152313145255,0.30176351162437837,0.3058052361011505,633600
1982-08-30,0.30580549457591455,0.3125413788342404,0.3017637666829688,0.3111943006515503,955200
1982-08-31,0.31523551595252686,0.32331847790002755,0.31523551595252686,0.32062432169914246,2040000
1982-09-01,0.31927723229678606,0.31927723229678606,0.29772250341817275,0.3098466992378235,1118400
1982-09-02,0.3098466864817436,0.31254133582115173,0.3098466864817436,0.31254133582115173,734400
1982-09-03,0.31254134498364067,0.3192772285124192,0.30715253949165344,0.30715253949165344,1944000
1982-09-07,0.30715250572052366,0.308499583609205,0.304458349943161,0.304458349943161,2064000
1982-09-08,0.3044582723885891,0.3058053499341297,0.3017636239528656,0.3017636239528656,672000
1982-09-09,0.30176361925584166,0.30580534517419533,0.29906946420669556,0.29906946420669556,1459200
1982-09-10,0.2977225147433336,0.2977225147433336,0.28559782511764,0.2936807870864868,1224000
1982-09-13,0.29368079416307535,0.3004166781902313,0.2909866378901564,0.3004166781902313,868800
1982-09-14,0.30176373399966616,0.31658257909401455,0.30176373399966616,0.30715253949165344,1809600
1982-09-15,0.30849960848444336,0.31254133582115173,0.30849960848444336,0.31254133582115173,398400
1982-09-16,0.3125413486881677,0.3125413486881677,0.3084996211850654,0.3098466992378235,1075200
1982-09-17,0.3098466225784089,0.31388834908154417,0.30849954485893244,0.3084995448589325,844800
1982-09-20,0.30984661478692976,0.31658249655963583,0.30984661478692976,0.3138883411884308,681600
1982-09-21,0.31388841598496703,0.32736018274056927,0.31388841598496703,0.32601261138916016,2140800
1982-09-22,0.3260126544038928,0.33409561685477346,0.32331849803522467,0.3246655762195587,1401600
1982-09-23,0.323318687164615,0.323318687164615,0.3098469107510345,0.3165827989578247,2126400
1982-09-24,0.31658245931670803,0.3192771077156067,0.3098465783364146,0.3192771077156067,758400
1982-09-27,0.3192771344103565,0.33005424887311885,0.3192771344103565,0.3273600935935974,4118400
1982-09-28,0.3300542458154685,0.336790127296547,0.3300542458154685,0.33544304966926575,1382400
1982-09-29,0.3340954434799375,0.3340954434799375,0.32870713353880027,0.3314012885093689,984000
1982-09-30,0.3314014806175436,0.334095637149872,0.3246655959418165,0.3300544023513794,816000
1982-10-01,0.32736018274056927,0.32736018274056927,0.32062429936276815,0.32601261138916016,3062400
1982-10-04,0.32601263767573985,0.32601263767573985,0.3233184814453125,0.3233184814453125,254400
1982-10-05,0.32331845537596415,0.32601261138916016,0.32197137736936615,0.32601261138916016,225600
1982-10-06,0.32601269632165364,0.3381373882293701,0.32331853960657864,0.3381373882293701,2044800
1982-10-07,0.3448732171031307,0.3556503355503082,0.3448732171031307,0.3556503355503082,4070400
1982-10-08,0.35565048688609735,0.36103929507515214,0.35565048688609735,0.3583446443080902,1353600
1982-10-11,0.35834445645947804,0.3650803398284956,0.3516090664352709,0.3637332618236542,3206400
1982-10-12,0.363733452497145,0.3691222606861998,0.3569975655970938,0.3583446443080902,1070400
1982-10-13,0.35834443603041055,0.361039085231283,0.3543032022462753,0.3596920073032379,3033600
1982-10-14,0.3596918845653627,0.36103896203374375,0.3462201231923245,0.34756720066070557,792000
1982-10-15,0.3475673733787103,0.3596920633085367,0.342178567482692,0.3556503355503082,1819200
1982-10-18,0.35834458440416983,0.38394104901445614,0.35834458440416983,0.37720516324043274,2016000
1982-10-19,0.3839409386836465,0.39067632917717454,0.3839409386836465,0.38663509488105774,1728000
1982-10-20,0.3866350781472146,0.3906763122684239,0.3839409220664084,0.3852880001068115,1512000
1982-10-21,0.3866349092443047,0.40414790280857493,0.3866349092443047,0.3920237123966217,1910400
1982-10-22,0.39471774653227304,0.40549485619492476,0.39471774653227304,0.39875897765159607,1022400
1982-10-25,0.39606524873170906,0.39606524873170906,0.3745105129238314,0.37720516324043274,820800
1982-10-26,0.3772049635203688,0.38394084572792053,0.37181615908538235,0.38394084572792053,1382400
1982-10-27,0.3839406368696214,0.4014536250756017,0.3839406368696214,0.39875897765159607,964800
1982-10-28,0.40280106663703913,0.4108840295349566,0.40280106663703913,0.4028010666370392,1665600
1982-10-29,0.4028008980249419,0.42031389474868774,0.4028008980249419,0.42031389474868774,590400
1982-11-01,0.42031389474868774,0.42166097244363787,0.41627266166383725,0.42031389474868774,1881600
1982-11-02,0.42031389474868774,0.4337856583875831,0.42031389474868774,0.42031389474868774,4420800
1982-11-03,0.42031392516295524,0.43782692315395627,0.42031392516295524,0.43243861198425293,3312000
1982-11-04,0.43243882883003054,0.4445630283862566,0.43243882883003054,0.4418688714504242,844800
1982-11-05,0.4418687790310806,0.45264589786529535,0.4418687790310806,0.4526458978652954,609600
1982-11-08,0.45264591111898195,0.4553400675702026,0.44860467644215096,0.4512988328933716,1166400
1982-11-09,0.45129886773352207,0.4728536010419807,0.4499517894039176,0.4715060293674469,1008000
1982-11-10,0.47285359385482123,0.49306075518160647,0.47285359385482123,0.48093655705451965,6940800
1982-11-11,0.48093640766697465,0.4822834855576773,0.4728534469779899,0.4795888364315033,1684800
1982-11-12,0.47958883643150335,0.4822834855576773,0.476894680650098,0.4795888364315033,480000
1982-11-15,0.4768950023635943,0.4768950023635943,0.4688120362218384,0.4742008447647095,840000
1982-11-16,0.47150606706286413,0.47150606706286413,0.4526459822507396,0.46342310309410095,2918400
1982-11-17,0.46207595873245055,0.46207595873245055,0.45534007416199473,0.4580347239971161,1022400
1982-11-18,0.45534005423762985,0.45534005423762985,0.43782705112770204,0.4526458978652954,1819200
1982-11-19,0.45264587758153985,0.45264587758153985,0.44725707173347473,0.44725707173347473,1123200
1982-11-22,0.44725707173347473,0.4499517213299346,0.44186875923026425,0.44725707173347473,993600
1982-11-23,0.4445628573497137,0.4445628573497137,0.43647989630699163,0.4364798963069916,1416000
1982-11-24,0.4391742211696117,0.44591010685417287,0.4391742211696117,0.4418688714504242,552000
1982-11-26,0.444562932069986,0.44995173811912537,0.444562932069986,0.44995173811912537,360000
1982-11-29,0.4512988005358194,0.4620759189128876,0.4512988005358194,0.4620759189128876,2937600
1982-11-30,0.4620758496449189,0.47824177145957947,0.4566875379365533,0.47824177145957947,782400
1982-12-01,0.4795884828418216,0.5038373470306396,0.4795884828418216,0.5038373470306396,1243200
1982-12-02,0.5011436738952093,0.5011436738952093,0.4903665550339277,0.4957548677921295,2932800
1982-12-03,0.49575461437497254,0.49575461437497254,0.48228334602075984,0.48632457852363586,830400
1982-12-06,0.4876718301586229,0.49440771341323847,0.4876718301586229,0.4944077134132385,1267200
1982-12-07,0.49575472794936404,0.5173094529366369,0.49575472794936404,0.5146152973175049,2894400
1982-12-08,0.5173093232542577,0.5375169653661848,0.5173093232542577,0.5267393589019775,1713600
1982-12-09,0.5240454665012554,0.5240454665012554,0.5092266201972961,0.5092266201972961,1608000
1982-12-10,0.5065323318779774,0.5065323318779774,0.484977607113574,0.48767176270484924,6105600
1982-12-13,0.48497765869497506,0.48497765869497506,0.4809364248782434,0.48228350281715393,302400
1982-12-14,0.4822836812511943,0.4849778381257924,0.46342310309410095,0.46342310309410095,1363200
1982-12-15,0.45534005423762985,0.45534005423762985,0.44725709177574957,0.4526458978652954,2179200
1982-12-16,0.4512988162951919,0.4512988162951919,0.43917412602084666,0.44995173811912537,1478400
1982-12-17,0.4512988556649598,0.4593818187713623,0.4512988556649598,0.4593818187713623,820800
1982-12-20,0.46072854281599473,0.4701585769653321,0.46072854281599473,0.47015857696533203,1065600
1982-12-21,0.46881166100502014,0.46881166100502014,0.4580345458899219,0.46881166100502014,1027200
1982-12-22,0.4688120362218384,0.4742008447647095,0.4688120362218384,0.4742008447647095,950400
1982-12-23,0.4742008447647095,0.4742008447647095,0.4688120362218384,0.4742008447647095,739200
1982-12-27,0.47420043202445245,0.4768945872783661,0.46611747291803945,0.4768945872783661,734400
1982-12-28,0.4768950023635943,0.4768950023635943,0.47150619382072323,0.4742008447647095,470400
1982-12-29,0.47420064942105183,0.4755477276655747,0.4701589213425849,0.47285357117652893,163200
1982-12-30,0.47285327808038996,0.47689451030901764,0.471505707326255,0.4755474328994751,412800
1982-12-31,0.4755479235641519,0.4755479235641519,0.47285376596526707,0.4742008447647095,86400
1983-01-03,0.47420064277147495,0.4795889556740078,0.4661176800727844,0.4661176800727844,1603200
1983-01-04,0.46342303026875586,0.46342303026875586,0.45129883289337164,0.4512988328933716,681600
1983-01-05,0.45129879945573725,0.45399295570734244,0.44725707173347473,0.44725707173347473,4944000
1983-01-06,0.44995155470521353,0.4795887425322798,0.44995155470521353,0.4768945872783661,5112000
1983-01-07,0.4768950023635943,0.4795891599624791,0.47150619382072323,0.4742008447647095,748800
1983-01-10,0.47285357117652893,0.47285357117652893,0.4634230367750723,0.47285357117652893,1252800
1983-01-11,0.47285373201459985,0.4742008107173227,0.464770766453197,0.4674649238586426,412800
1983-01-12,0.4647705674034727,0.4647705674034727,0.44725707173347473,0.44725707173347473,662400
1983-01-13,0.44725719364972455,0.44725719364972455,0.42166122224779595,0.43378591537475586,2726400
1983-01-14,0.433785740407681,0.44052162350074775,0.4310910911635802,0.4364798963069916,2870400
1983-01-17,0.4364798709037173,0.44186867573349853,0.4364798709037173,0.44052159786224365,1377600
1983-01-18,0.43917405220630223,0.43917405220630223,0.4257027793649589,0.4364798963069916,1972800
1983-01-19,0.43647990932489933,0.4418687146290306,0.4324386753554046,0.43513283133506775,2486400
1983-01-20,0.43513239079437793,0.437826544046402,0.4310906675720364,0.437826544046402,1084800
1983-01-21,0.4364798188463083,0.4364798188463083,0.41761974420859094,0.4243556261062622,964800
1983-01-24,0.40280106663703913,0.40280106663703913,0.39337102548028596,0.4028010666370392,2376000
1983-01-25,0.4028011211883882,0.4135782420635223,0.4028011211883882,0.41357824206352234,1992000
1983-01-26,0.4149250906241902,0.42166097244363787,0.4149250906241902,0.42031389474868774,1708800
1983-01-27,0.42031376323785524,0.421660840511322,0.41627253141745485,0.421660840511322,220800
1983-01-28,0.4216610110370356,0.4270498156547547,0.4216610110370356,0.42704981565475464,542400
1983-01-31,0.4270499841376722,0.43109121918678284,0.42570290578796866,0.43109121918678284,292800
1983-02-01,0.43109097620288356,0.43243854713796714,0.4257026658411839,0.4283968210220337,888000
1983-02-02,0.42839688526224284,0.43243861198425293,0.4230080807478069,0.43243861198425293,614400
1983-02-03,0.4324387908814231,0.4364800259305338,0.43109121918678284,0.43109121918678284,1857600
1983-02-04,0.43109126504377077,0.43648007236075176,0.42570295107177897,0.43378591537475586,350400
1983-02-07,0.43782706395492194,0.4661176800727844,0.43782706395492194,0.4661176800727844,3206400
1983-02-08,0.4661178786229536,0.4768950023635943,0.46072907008008257,0.4742008447647095,1300800
1983-02-09,0.47689450860688,0.49306042415287593,0.47689450860688,0.48363038897514343,1540800
1983-02-10,0.4836304687578223,0.4836304687578223,0.4674645505449963,0.4768945872783661,1276800
1983-02-11,0.4768945872783661,0.47824166490532294,0.47420043202445245,0.4768945872783661,1675200
1983-02-14,0.47689451030901764,0.4782415877185602,0.47285327808038996,0.4755474328994751,681600
1983-02-15,0.47554737934118346,0.47689445659901214,0.4701585769653321,0.47015857696533203,345600
1983-02-16,0.4701588105522492,0.47824177145957947,0.46746465469806636,0.47824177145957947,1305600
1983-02-17,0.47824177145957947,0.4809364206585442,0.4742005376783053,0.47824177145957947,945600
1983-02-18,0.4782420811630367,0.4782420811630367,0.4742008447647095,0.4742008447647095,878400
1983-02-22,0.47420064942105183,0.4768948059100976,0.4701589213425849,0.47285357117652893,777600
1983-02-23,0.47285376596526707,0.4742008447647095,0.4701591150212808,0.4742008447647095,859200
1983-02-24,0.4742006793715851,0.47689483603079397,0.47015895103784255,0.4715060293674469,1276800
1983-02-25,0.47285376596526707,0.4768950023635943,0.47285376596526707,0.4742008447647095,859200
1983-02-28,0.4742004467941888,0.4742004467941888,0.45668745040893555,0.45668745040893555,662400
1983-03-01,0.4593816978213157,0.48497765869497506,0.4593816978213157,0.48228350281715393,2457600
1983-03-02,0.4836303889751434,0.4876716211893471,0.4836303889751434,0.48363038897514343,3187200
1983-03-03,0.48363071367277854,0.4876719486001668,0.48093655705451965,0.48093655705451965,1425600
1983-03-04,0.47824177145957947,0.47824177145957947,0.4755476156053967,0.47824177145957947,1003200
1983-03-07,0.4782420811630367,0.4795891599624791,0.4742008447647095,0.4742008447647095,1944000
1983-03-08,0.47554759003654257,0.49306058883667,0.47554759003654257,0.4930605888366699,1228800
1983-03-09,0.4930607346079532,0.4944078128608739,0.4876719282513691,0.4903665781021118,4036800
1983-03-10,0.49036657810211176,0.4971024627116165,0.49036657810211176,0.4903665781021118,1238400
1983-03-11,0.490366651188528,0.4930608080959185,0.48363076557507706,0.48901957273483276,1113600
1983-03-14,0.4903663270920815,0.4930604822188316,0.4903663270920815,0.49171340465545654,460800
1983-03-15,0.49171351098200716,0.4944076666913328,0.48632470621860047,0.4930605888366699,835200
1983-03-16,0.4930607664025075,0.514615499873879,0.4930607664025075,0.5078796148300171,3384000
1983-03-17,0.5078790710676451,0.5092261479651786,0.49979611633803905,0.5038373470306396,556800
1983-03-18,0.5038376174115455,0.5186564579256503,0.5038376174115455,0.5159623026847839,3984000
1983-03-21,0.5159624324864359,0.5361695885658264,0.5146153545271157,0.5361695885658264,748800
1983-03-22,0.5388641230417422,0.548294160093014,0.5388641230417422,0.5402112007141113,5510400
1983-03-23,0.5415581438852393,0.5711958186953068,0.5415581438852393,0.5577240586280823,1411200
1983-03-24,0.5604186415298843,0.5725433335239997,0.5604186415298843,0.5671545267105103,1444800
1983-03-25,0.5671544905556716,0.5725432970256364,0.5604186058044434,0.5604186058044434,1147200
1983-03-28,0.5617661673625792,0.5698491302502069,0.5617661673625792,0.5658074021339417,470400
1983-03-29,0.5671543383221285,0.5833202600479126,0.5671543383221285,0.5833202600479126,1828800
1983-03-30,0.5860148708252382,0.6223879456520081,0.5860148708252382,0.6223879456520081,4310400
1983-03-31,0.6843580522801567,0.6843580522801567,0.6169996635574188,0.6331655979156494,7953600
1983-04-04,0.6250820292959977,0.6250820292959977,0.5927501916885376,0.5927501916885376,3333600
1983-04-05,0.5927501916885376,0.606221955139876,0.5873618809837543,0.5927501916885376,1749600
1983-04-06,0.5819734227433546,0.5819734227433546,0.56041868708231,0.5685016512870789,1804800
1983-04-07,0.5685013124400737,0.5819730758666992,0.5631130017451749,0.5819730758666992,871200
1983-04-08,0.5819730758666992,0.6062219540278118,0.5819730758666992,0.5819730758666992,1720800
1983-04-11,0.581973083648848,0.5846672390323238,0.5658071646586023,0.5765842795372009,1135200
1983-04-12,0.5792789215818892,0.5954448403856193,0.5792789215818892,0.5927501916885376,1178400
1983-04-13,0.5927501249704643,0.6008330834625372,0.5927501249704643,0.5981389284133911,1116000
1983-04-14,0.5981389006523237,0.6008330555764276,0.5873617876112965,0.5900559425354004,441600
1983-04-15,0.5900560363361459,0.5927501916885376,0.5711959621800242,0.5927501916885376,1466400
1983-04-18,0.5954452251618078,0.6250824332237244,0.5954452251618078,0.6250824332237244,1636800
1983-04-19,0.6250824332237244,0.6250824332237244,0.614305311505301,0.6250824332237244,890400
1983-04-20,0.6250819515712802,0.6250819515712802,0.6035277247428894,0.6035277247428894,1207200
1983-04-21,0.6035277931939581,0.6250820224669921,0.6035277931939581,0.6089161038398743,1442400
1983-04-22,0.6089161293317739,0.6089161293317739,0.5981390142440796,0.6062219738960266,2035200
1983-04-25,0.6062221677437772,0.6062221677437772,0.5738903187974425,0.5792791247367859,1116000
1983-04-26,0.5792791195073939,0.6035280059982402,0.5711961573437784,0.6008333563804626,1168800
1983-04-27,0.6008333119257497,0.6223880405488766,0.6008333119257497,0.6143050789833069,4356000
1983-04-28,0.6143055056127685,0.6331655979156495,0.6089166963783034,0.6331655979156494,2280000
1983-04-29,0.6331646985950389,0.6412476542934625,0.6304705444770523,0.6385535001754761,664800
1983-05-02,0.6358596758858271,0.6358596758858271,0.6116107962123599,0.6196937561035156,955200
1983-05-03,0.6143048381570848,0.6143048381570848,0.600833076380869,0.6035277247428894,2011200
1983-05-04,0.6035279613441544,0.6223880405488766,0.6035279613441544,0.6143050789833069,1003200
1983-05-05,0.6143049692388638,0.6439426541328431,0.6089161647095764,0.643942654132843,2529600
1983-05-06,0.6439427120160017,0.6681915945603937,0.6439427120160017,0.6654969453811646,2282400
1983-05-09,0.6654971999752937,0.6735801639156616,0.6412483081541903,0.6681918501853943,1634400
1983-05-10,0.6681917967735368,0.6816630733673464,0.6628029901290564,0.6735801100730896,840000
1983-05-11,0.6735796902456326,0.6816626485019586,0.6628025770187378,0.6628025770187378,1605600
1983-05-12,0.6601089245606482,0.6601089245606482,0.6331653809655224,0.641248345375061,552000
1983-05-13,0.641248038422401,0.6601086085798089,0.641248038422401,0.6574139595031738,756000
1983-05-16,0.6520252822430725,0.6520252822430725,0.6089158546495664,0.6358593702316284,1156800
1983-05-17,0.63585967630458,0.63585967630458,0.6250820675461279,0.630470871925354,811200
1983-05-18,0.6304708894819917,0.6520256142544071,0.6304708894819917,0.643942654132843,727200
1983-05-19,0.6385538318218329,0.6385538318218329,0.6223879120288751,0.630470871925354,3645600
1983-05-20,0.6250817359878047,0.6250817359878047,0.6035275165932154,0.611610472202301,1372800
1983-05-23,0.6116111544119474,0.6304712407554405,0.6062223468802312,0.6250824332237244,864000
1983-05-24,0.6250826307365341,0.6358602492054645,0.6223884727918839,0.6331655979156494,1108800
1983-05-25,0.6331653978487941,0.6331653978487941,0.6223882761303707,0.6250824332237244,1272000
1983-05-26,0.6250824332237244,0.6358600482871566,0.6169994685986546,0.6250824332237244,1975200
1983-05-27,0.6196937385015238,0.6196937385015238,0.6062219746173474,0.616999089717865,182400
1983-05-31,0.6169992350568894,0.6169992350568894,0.6035279613441544,0.6143050789833069,904800
1983-06-01,0.6116106831396931,0.6116106831396931,0.6035277247428894,0.6035277247428894,355200
1983-06-02,0.6035279964795336,0.646636962890625,0.6035279964795336,0.646636962890625,607200
1983-06-03,0.6466364558738997,0.6466364558738997,0.6358593460574894,0.6385535001754761,456000
1983-06-06,0.6385542053805102,0.6439430129122263,0.6250824332237244,0.6250824332237244,602400
1983-06-07,0.6250820675461279,0.630470871925354,0.6143049521323962,0.630470871925354,832800
1983-06-08,0.63047087151015,0.6358596758858271,0.6196937561035156,0.6196937561035156,386400
1983-06-09,0.6169992350568894,0.6169992350568894,0.606222117417737,0.6143050789833069,1588800
1983-06-10,0.6143050789833069,0.6223880405488766,0.6143050789833069,0.6143050789833069,180000
1983-06-13,0.6143049517278385,0.6250820671344729,0.6143049517278385,0.6196937561035156,369600
1983-06-14,0.6196941190370171,0.6277770836620868,0.6196941190370171,0.6250824332237244,1039200
1983-06-15,0.6250820493794296,0.6250820493794296,0.614304934278912,0.616999089717865,1524000
1983-06-16,0.6169991409816638,0.6250821013148067,0.614304985318865,0.6223879456520081,1874400
1983-06-17,0.6223879116189943,0.6223879116189943,0.6089161473521614,0.6196937561035156,1003200
1983-06-20,0.619693884475294,0.6250821966224592,0.606222117417737,0.6143050789833069,1836000
1983-06-21,0.614304985318865,0.6223879456520081,0.6089161806485208,0.6223879456520081,564000
1983-06-22,0.6223879456520081,0.6223879456520081,0.6089161806485208,0.6223879456520081,451200
1983-06-23,0.6196936415364969,0.6196936415364969,0.6035277247428894,0.6035277247428894,1108800
1983-06-24,0.603528011446537,0.603528011446537,0.5765844750946827,0.5792791247367859,1161600
1983-06-27,0.5792791713949554,0.5846674844234387,0.5469473198444446,0.5658074021339417,904800
1983-06-28,0.5604183132559649,0.5604183132559649,0.5442523956298827,0.5442523956298828,1960800
1983-06-29,0.544252840275761,0.544252840275761,0.5226985947279466,0.5415586829185486,1305600
1983-06-30,0.5415586443508372,0.5523357663572396,0.5415586443508372,0.5496416091918945,4903200
1983-07-01,0.5496413618520757,0.5550301671028137,0.5496413618520757,0.5550301671028137,664800
1983-07-05,0.5523354061280694,0.5523354061280694,0.5361694869892508,0.5388641357421875,1135200
1983-07-06,0.5361695547661369,0.5361695547661369,0.5280865941749653,0.533475399017334,1348800
1983-07-07,0.5334754249532709,0.5361695808330555,0.5253924639691305,0.5307812690734863,470400
1983-07-08,0.5307812690734863,0.5361695808330555,0.5119206978806341,0.5307812690734863,7339200
1983-07-11,0.5334753315810145,0.5415582911504238,0.5334753315810145,0.5388641357421875,998400
1983-07-12,0.5388641247108521,0.5415582800639351,0.5200035572052002,0.5200035572052002,3110400
1983-07-13,0.5200036335837935,0.533475399017334,0.5173094778349905,0.533475399017334,2205600
1983-07-14,0.5334753572415936,0.5496412771580055,0.5334753572415936,0.5469471216201782,4740000
1983-07-15,0.5469472058991067,0.5550301671028137,0.5469472058991067,0.5550301671028137,1857600
1983-07-18,0.5523354061280694,0.5523354061280694,0.5388641357421875,0.5388641357421875,768000
1983-07-19,0.5415584006483687,0.5550301671028137,0.5415584006483687,0.5550301671028137,1180800
1983-07-20,0.5604183853894016,0.5819731094467808,0.5604183853894016,0.5738901495933533,4140000
1983-07-21,0.5738901153871816,0.5819730747588321,0.5658071560155312,0.5711959600448608,2899200
1983-07-22,0.5711959940904501,0.5846672649496841,0.5711959940904501,0.5738901495933533,729600
1983-07-25,0.5738901495933533,0.5765843050962566,0.5685013452428291,0.5738901495933533,1027200
1983-07-26,0.5711961749989012,0.5711961749989012,0.5523356004709306,0.5631132125854492,1267200
1983-07-27,0.5604183132559649,0.5604183132559649,0.5442523956298827,0.5442523956298828,321600
1983-07-28,0.5442525496665414,0.5496413548486159,0.533475432647186,0.5361695885658264,278400
1983-07-29,0.5253925787781416,0.5253925787781416,0.5065324968087629,0.5119208097457886,892800
1983-08-01,0.5119208097457886,0.5146154595591959,0.5065324968087629,0.5119208097457886,1058400
1983-08-02,0.5119203017602456,0.5146149488997176,0.4957543923010336,0.5038373470306396,2628000
1983-08-03,0.5038377365292953,0.5038377365292953,0.47689469771672544,0.48228350281715393,643200
1983-08-04,0.48228344739048534,0.48497760295867925,0.4688116828600566,0.4849776029586792,1084800
1983-08-05,0.4876719053099487,0.5038378302743103,0.4876719053099487,0.4957548677921295,789600
1983-08-08,0.4876721261042349,0.4876721261042349,0.4742008447647095,0.4742008447647095,2942400
1983-08-09,0.4742004652349226,0.48497758035002086,0.46881166100502014,0.46881166100502014,2097600
1983-08-10,0.47420047277114463,0.5173094272613525,0.47420047277114463,0.5173094272613525,2484000
1983-08-11,0.5200035191907595,0.5442523956298827,0.5200035191907595,0.5442523956298828,2030400
1983-08-12,0.5442524891627657,0.5442524891627657,0.5200036085563345,0.5253924131393433,326400
1983-08-15,0.5280866274651115,0.5415583937479009,0.5280866274651115,0.5361695885658264,823200
1983-08-16,0.5361695023486845,0.5442524621496432,0.5173094272613525,0.5173094272613525,868800
1983-08-17,0.5173094018521172,0.5226982059029734,0.5173094018521172,0.5200035572052002,124800
1983-08-18,0.5200035827467673,0.5200035827467673,0.5092264674603939,0.5173094272613525,1132800
1983-08-19,0.5119207764907933,0.5119207764907933,0.5065324639037989,0.5092266201972961,208800
1983-08-22,0.5092261479651786,0.5200032564898516,0.5038373470306396,0.5038373470306396,1003200
1983-08-23,0.5065323371153699,0.5146152973175049,0.5065323371153699,0.5146152973175049,194400
1983-08-24,0.5146150345990463,0.5146150345990463,0.5011432766914368,0.5011432766914368,496800
1983-08-25,0.5011436738952093,0.5065324799982892,0.49575486779212946,0.4957548677921295,175200
1983-08-26,0.49575486779212946,0.49844951751610844,0.4903665550339277,0.4957548677921295,876000
1983-08-29,0.4957547954400997,0.498449444770813,0.49036648346828526,0.498449444770813,496800
1983-08-30,0.49844912244770967,0.5038374309351639,0.49844912244770967,0.5011432766914368,432000
1983-08-31,0.5011431932355725,0.5092261479651786,0.4984490394405055,0.5038373470306396,2690400
1983-09-01,0.5038378142654394,0.5092266201972961,0.5011436579719422,0.5092266201972961,1488000
1983-09-02,0.5092264674603939,0.5200035827467673,0.5065323119749792,0.5173094272613525,2366400
1983-09-06,0.5200036085563345,0.5280865687584783,0.5200036085563345,0.5253924131393433,1106400
1983-09-07,0.5253924131393433,0.533475373341487,0.5200036085563345,0.5253924131393433,1204800
1983-09-08,0.5307811761727781,0.5415582911504238,0.5307811761727781,0.5388641357421875,1600800
1983-09-09,0.5388644024770097,0.5577244863596993,0.5388644024770097,0.5523356795310974,612000
1983-09-12,0.5523357663572396,0.5765846608804114,0.5496416091918945,0.5496416091918945,1293600
1983-09-13,0.5496411992867949,0.555030002943707,0.5280864780038006,0.5442523956298828,933600
1983-09-14,0.5442524465586601,0.5523354061280694,0.5307811761727781,0.5388641357421875,2186400
1983-09-15,0.5442525566013376,0.5577243230557827,0.5442525566013376,0.5550301671028137,1747200
1983-09-16,0.5550301671028137,0.5577243230557827,0.5523355178050446,0.5550301671028137,465600
1983-09-19,0.5577241966438807,0.5792789194165113,0.5577241966438807,0.5711959600448608,1622400
1983-09-20,0.5711962085073278,0.5819733279091971,0.5604185957605555,0.5658074021339417,1142400
1983-09-21,0.5604186058044434,0.5604186058044434,0.5550302926793901,0.5604186058044434,621600
1983-09-22,0.5604187311982969,0.563113381708664,0.5065326278212631,0.5496416091918945,2956800
1983-09-23,0.56041868708231,0.571196301585324,0.56041868708231,0.5685016512870789,2637600
1983-09-26,0.5711959611322123,0.5900560352537367,0.5711959611322123,0.5819730758666992,705600
1983-09-27,0.5792789194165113,0.5792789194165113,0.568501311357852,0.5711959600448608,1195200
1983-09-28,0.5711959600448608,0.5738901153871816,0.5631130006732105,0.5711959600448608,384000
1983-09-29,0.5711962085073278,0.5738903650215694,0.5631132456197,0.5658074021339417,324000
1983-09-30,0.5658072842594897,0.5685014402124586,0.5523355178050446,0.5550301671028137,1286400
1983-10-03,0.555030002943707,0.557724158099836,0.5388640853176248,0.5442523956298828,400800
1983-10-04,0.544252715960667,0.5658074499301297,0.544252715960667,0.5523356795310974,1125600
1983-10-05,0.5523355178050446,0.5604184790087516,0.5469472058991067,0.5550301671028137,1802400
1983-10-06,0.55503004130156,0.5711959600448608,0.55503004130156,0.5711959600448608,1312800
1983-10-07,0.5765845208798253,0.6008334095151203,0.5765845208798253,0.5954450964927673,1334400
1983-10-10,0.5954448338803993,0.6196937118210759,0.5927501852127565,0.6089161038398743,1411200
1983-10-11,0.6089161038398743,0.6223878671440339,0.6089161038398743,0.6089161038398743,2090400
1983-10-12,0.6089161300563003,0.6250820493794296,0.6008331703947357,0.616999089717865,1029600
1983-10-13,0.6169992862776011,0.6277768981562881,0.5738903187974425,0.5792791247367859,1219200
1983-10-14,0.5765844014161656,0.5765844014161656,0.5388642446953997,0.5550301671028137,2676000
1983-10-17,0.5604183519862015,0.5711959600448608,0.5604183519862015,0.5711959600448608,1579200
1983-10-18,0.5604183132559649,0.5604183132559649,0.5334752816607127,0.5442523956298828,662400
1983-10-19,0.5415583596085056,0.5415583596085056,0.5307812432685309,0.533475399017334,3691200
1983-10-20,0.5334753315810145,0.5388641357421875,0.5307811761727781,0.5388641357421875,544800
1983-10-21,0.5388642378292605,0.5469471989299755,0.5361695885658264,0.5361695885658264,854400
1983-10-24,0.5307811913778551,0.5307811913778551,0.4957547033438914,0.5173094272613525,1058400
1983-10-25,0.5173096160277086,0.5280867352466544,0.5092266532772757,0.5119208097457886,597600
1983-10-26,0.5119206483541907,0.5253924131393433,0.5065323371159208,0.5253924131393433,520800
1983-10-27,0.5253924131393433,0.5280865687584783,0.5119206483541907,0.5253924131393433,5527200
1983-10-28,0.5253924639691305,0.5334754249532709,0.5253924639691305,0.5307812690734863,146400
1983-10-31,0.5307811761727781,0.5388641357421875,0.5307811761727781,0.5388641357421875,328800
1983-11-01,0.538864142945777,0.538864142945777,0.5200035748018919,0.5226982235908508,2707200
1983-11-02,0.5226982826773592,0.5361695547661369,0.5226982826773592,0.533475399017334,897600
1983-11-03,0.533475373341487,0.5388641779244958,0.5253924131393433,0.5253924131393433,300000
1983-11-04,0.5253924782409547,0.5550301671028137,0.5226983222879857,0.5550301671028137,657600
1983-11-07,0.5523354759484804,0.5523354759484804,0.5253924384261622,0.533475399017334,780000
1983-11-08,0.5334753315810145,0.5415582911504238,0.5280865274198415,0.5388641357421875,400800
1983-11-09,0.5334754249532709,0.5334754249532709,0.5253924639691305,0.5307812690734863,199200
1983-11-10,0.5307812834916927,0.5631131283065207,0.5307812834916927,0.5550301671028137,628800
1983-11-11,0.5550303731757863,0.571196301585324,0.5496415659242794,0.5685016512870789,1821600
1983-11-14,0.5685016512870789,0.571196301585324,0.5577245301290482,0.5685016512870789,571200
1983-11-15,0.5685015252978346,0.5738903313550939,0.5577244065281899,0.5631132125854492,463200
1983-11-16,0.5631128613238853,0.5685011706751222,0.5550299039524638,0.5577240586280823,516000
1983-11-17,0.5577243230557827,0.5631131283065207,0.5550301671028137,0.5550301671028137,720000
1983-11-18,0.5550304563947255,0.5550304563947255,0.5415586829185486,0.5415586829185486,729600
1983-11-21,0.5415583171997995,0.5496412771580055,0.5388641616619723,0.5469471216201782,722400
1983-11-22,0.5469474520265495,0.5523357663572396,0.5442528015161823,0.5496416091918945,585600
1983-11-23,0.5496414862094251,0.5604186058044434,0.5496414862094251,0.5604186058044434,316800
1983-11-25,0.5604185628843826,0.5658073689416419,0.5550302501719971,0.5631132125854492,340800
1983-11-28,0.5631132125854492,0.5685015252978346,0.5604185628843826,0.5631132125854492,561600
1983-11-29,0.5631130342370225,0.5738901495933533,0.5604183853894016,0.5738901495933533,1147200
1983-11-30,0.571196301585324,0.571196301585324,0.56041868708231,0.5685016512870789,681600
1983-12-01,0.5658073689416419,0.5658073689416419,0.5604185628843826,0.5631132125854492,266400
1983-12-02,0.5631132456197,0.5685015586481833,0.5631132456197,0.5658074021339417,355200
1983-12-05,0.5658073565608588,0.5792791247367859,0.5658073565608588,0.5792791247367859,424800
1983-12-06,0.5792789282653723,0.581973083648848,0.5738901241537252,0.5765842795372009,156000
1983-12-07,0.5765846154918477,0.5765846154918477,0.565807494333817,0.5685016512870789,720000
1983-12-08,0.5685013452428291,0.5873619137973051,0.5685013452428291,0.5738901495933533,998400
1983-12-09,0.5738903650215694,0.5738903650215694,0.5604185957605555,0.5658074021339417,720000
1983-12-12,0.5658074499301297,0.5658074499301297,0.5523356795310974,0.5523356795310974,1572000
1983-12-13,0.5523355178050446,0.5604184790087516,0.5523355178050446,0.5550301671028137,1982400
1983-12-14,0.5550302926793901,0.5765845318694264,0.5550302926793901,0.5604186058044434,2162400
1983-12-15,0.5604185628843826,0.5658073689416419,0.5523356004709306,0.5631132125854492,2088000
1983-12-16,0.5631131283065207,0.5631131283065207,0.5550301671028137,0.5550301671028137,564000
1983-12-19,0.5604183519862015,0.5711959600448608,0.5604183519862015,0.5711959600448608,1209600
1983-12-20,0.571196301585324,0.5819734227433546,0.56041868708231,0.5685016512870789,904800
1983-12-21,0.5685015688369348,0.5711962187443731,0.5604186058044434,0.5604186058044434,489600
1983-12-22,0.5604186058044434,0.5631132557118816,0.5523356427719518,0.5604186058044434,1569600
1983-12-23,0.5604186058044434,0.5685015688369348,0.5550302926793901,0.5604186058044434,816000
1983-12-27,0.5604183853894016,0.5738901495933533,0.5604183853894016,0.5738901495933533,1144800
1983-12-28,0.5738901153871816,0.5792789194165113,0.568501311357852,0.5711959600448608,703200
1983-12-29,0.5711958186953068,0.5765841280465437,0.5577240586280823,0.5577240586280823,907200
1983-12-30,0.5577244392463139,0.5658074021339417,0.5550302827320722,0.5658074021339417,160800
1984-01-03,0.5658074021339417,0.5685015586481833,0.5631132456197,0.5658074021339417,818400
1984-01-04,0.5658073793346848,0.5873621106147766,0.5658073793346848,0.5873621106147766,1684800
1984-01-05,0.5873618809837543,0.6008331510904026,0.5819730769342809,0.5927501916885376,3703200
1984-01-06,0.5927501249704643,0.6008330834625372,0.5900559699213183,0.5981389284133911,1389600
1984-01-09,0.5981389006523237,0.6143048168861703,0.5900559425354004,0.5900559425354004,1320000
1984-01-10,0.5900560363361459,0.6035277997874843,0.5846672322866725,0.5927501916885376,1807200
1984-01-11,0.5927501249704643,0.6035277318563178,0.5900559699213183,0.5981389284133911,842400
1984-01-12,0.5981389892033573,0.6089161038398743,0.5927501852127565,0.6089161038398743,830400
1984-01-13,0.6089160347776728,0.6089160347776728,0.5981389213634773,0.6035277247428894,972000
1984-01-16,0.6035277247428894,0.6143048381570848,0.6035277247428894,0.6035277247428894,415200
1984-01-17,0.6035277247428894,0.6035277247428894,0.5981389213634773,0.6035277247428894,3064800
1984-01-18,0.6035277975314627,0.6035277975314627,0.5711959600448608,0.5711959600448608,1276800
1984-01-19,0.571196301585324,0.5792792657900928,0.5685016512870789,0.5685016512870789,456000
1984-01-20,0.5738901164796617,0.5900560352537367,0.5738901164796617,0.5819730758666992,456000
1984-01-23,0.5819730758666992,0.5873618799062873,0.5711959611322123,0.5819730758666992,1082400
1984-01-24,0.581973083648848,0.5846672390323238,0.5711959687702495,0.5765842795372009,508800
1984-01-25,0.5765846154918477,0.5846675796966165,0.5685016512870789,0.5685016512870789,540000
1984-01-26,0.5685016960393542,0.5738905037150663,0.5469474520265495,0.5496416091918945,1298400
1984-01-27,0.5496415227892688,0.5577244863596993,0.5361697523902366,0.5523356795310974,2539200
1984-01-30,0.5523357663572396,0.5550304168676067,0.5442528015161823,0.5496416091918945,316800
1984-01-31,0.5496416483352433,0.5496416483352433,0.5415586829185486,0.5415586829185486,326400
1984-02-01,0.5388641247108521,0.5388641247108521,0.5200035572052002,0.5200035572052002,1468800
1984-02-02,0.5226983156278306,0.5388642378292605,0.5226983156278306,0.5361695885658264,712800
1984-02-03,0.5361695885658264,0.5469471989299755,0.5280866274651115,0.5361695885658264,2954400
1984-02-06,0.5361694423753844,0.5361694423753844,0.5253923282944866,0.5280864834785461,640800
1984-02-07,0.5280865687584783,0.5280865687584783,0.5011435325329121,0.5253924131393433,2092800
1984-02-08,0.5253924131387718,0.5307812177217748,0.5119206483536339,0.5146152973175049,420000
1984-02-09,0.5119203870108322,0.5119203870108322,0.49306032061576843,0.5011432766914368,789600
1984-02-10,0.5011436738952093,0.5038378302743103,0.49306071141302854,0.4957548677921295,3979200
1984-02-13,0.49575475780947276,0.5011435627170521,0.47958883643150335,0.4795888364315033,564000
1984-02-14,0.4849777489308478,0.49844951751610844,0.4849777489308478,0.4957548677921295,319200
1984-02-15,0.5011431932355725,0.5146149488997176,0.5011431932355725,0.5038373470306396,614400
1984-02-16,0.5038374309351639,0.506532078523378,0.5011432766914368,0.5011432766914368,427200
1984-02-17,0.5011436738952093,0.5038378302743103,0.49306071141302854,0.4957548677921295,1368000
1984-02-21,0.4957543923010336,0.5038373470306396,0.4957543923010336,0.5038373470306396,1675200
1984-02-22,0.5038377567426274,0.5065324060733407,0.498449444770813,0.498449444770813,1394400
1984-02-23,0.4984490394405055,0.5038373470306396,0.4957543923010336,0.5038373470306396,1848000
1984-02-24,0.5038373470306396,0.5065319941701115,0.4984490394405055,0.5038373470306396,676800
1984-02-27,0.5038376033246733,0.5065322518348694,0.49844929299359303,0.5065322518348694,535200
1984-02-28,0.506532078523378,0.506532078523378,0.49844912244770967,0.5011432766914368,120000
1984-02-29,0.5011431932355725,0.5038373470306396,0.4957543923010336,0.5038373470306396,535200
1984-03-01,0.5038378981085149,0.5523356795310974,0.4957549345380845,0.5523356795310974,2484000
1984-03-02,0.5523357663572396,0.563113381708664,0.5469474520265495,0.5496416091918945,1070400
1984-03-05,0.5496412580674922,0.5523354135117443,0.5226982235908508,0.5226982235908508,897600
1984-03-06,0.5253924639691305,0.5388642300576268,0.5253924639691305,0.5307812690734863,600000
1984-03-07,0.5307811653069128,0.5307811653069128,0.5146152464990341,0.5200035572052002,441600
1984-03-08,0.5200037724962214,0.5226984223096287,0.5119208097457886,0.5119208097457886,710400
1984-03-09,0.5119206483536339,0.5280865687579038,0.501143532532367,0.5146152973175049,4576800
1984-03-12,0.5146152639133876,0.5307811832683139,0.5092264596801767,0.5226982235908508,388800
1984-03-13,0.5280865274198415,0.5442524465586601,0.5280865274198415,0.5388641357421875,3055200
1984-03-14,0.5388641357421875,0.5469470953115968,0.5307811761727781,0.5388641357421875,650400
1984-03-15,0.5388640853176248,0.5442523956298827,0.5388640853176248,0.5442523956298828,326400
1984-03-16,0.5442523956298827,0.5604183132559649,0.5442523956298827,0.5442523956298828,494400
1984-03-19,0.5415586829185486,0.5415586829185486,0.538864525561336,0.5415586829185486,1024800
1984-03-20,0.5415582404737538,0.5496411992867949,0.5388640853176248,0.5442523956298828,729600
1984-03-21,0.5442523956298827,0.5523353544429238,0.5442523956298827,0.5442523956298828,213600
1984-03-22,0.5442523956298827,0.5496411992867949,0.5442523956298827,0.5442523956298828,696000
1984-03-23,0.5469474520265495,0.5550304168676067,0.5469474520265495,0.5496416091918945,470400
1984-03-26,0.5496416091918945,0.5577245740329518,0.5442528015161823,0.5496416091918945,180000
1984-03-27,0.5496412771580055,0.5523354326958329,0.5442524727376269,0.5469471216201782,1586400
1984-03-28,0.5469474520265495,0.5523357663572396,0.5442528015161823,0.5496416091918945,364800
1984-03-29,0.5496416091918945,0.5604187311982969,0.5496416091918945,0.5496416091918945,223200
1984-03-30,0.549641250719833,0.5550300548810061,0.5388641357421875,0.5388641357421875,1502400
1984-04-02,0.5415586443508372,0.5523357663572396,0.5415586443508372,0.5496416091918945,1149600
1984-04-03,0.5496411992867949,0.555030002943707,0.5361694368168417,0.5442523956298828,2551200
1984-04-04,0.5442525496665414,0.5442525496665414,0.5253924715464711,0.5361695885658264,1836000
1984-04-05,0.5361696979970874,0.5388643478104946,0.5092266532772757,0.5119208097457886,832800
1984-04-06,0.5119206229458086,0.5173094272613525,0.5092264674603939,0.5173094272613525,331200
1984-04-09,0.5173094272613525,0.5226982315768964,0.5119206229458086,0.5173094272613525,480000
1984-04-10,0.5173096160277086,0.5226984223096287,0.5119208097457886,0.5119208097457886,259200
1984-04-11,0.5119206483536339,0.5173094529366369,0.5119206483536339,0.5146152973175049,571200
1984-04-12,0.5146153471052054,0.5307812690734863,0.5146153471052054,0.5307812690734863,424800
1984-04-13,0.5307811761727781,0.5469470953115968,0.5280865274198415,0.5388641357421875,619200
1984-04-16,0.538864366614407,0.5604186058044434,0.5361697167069687,0.5604186058044434,967200
1984-04-17,0.5604185957605555,0.5658074021339417,0.5550302827320722,0.5658074021339417,1132800
1984-04-18,0.5658071560155312,0.5765842707295024,0.5658071560155312,0.5711959600448608,720000
1984-04-19,0.5711962085073278,0.5738903650215694,0.5604185957605555,0.5658074021339417,1584000
1984-04-23,0.5631131283065207,0.5631131283065207,0.5550301671028137,0.5550301671028137,792000
1984-04-24,0.55503004130156,0.5711959600448608,0.552335392614551,0.5711959600448608,470400
1984-04-25,0.5711961749989012,0.5738903313550939,0.5631132125854492,0.5631132125854492,408000
1984-04-26,0.5631132229290045,0.5873621106147766,0.5631132229290045,0.5873621106147766,331200
1984-04-27,0.5873620869733696,0.5900562432706098,0.5792791247367859,0.5792791247367859,921600
1984-04-30,0.5792789282653723,0.581973083648848,0.5658071646586023,0.5765842795372009,2071200
1984-05-01,0.5765844983022893,0.5927504234261374,0.5711961854909285,0.5873621106147766,698400
1984-05-02,0.5927501852127565,0.6143049078304751,0.5927501852127565,0.6089161038398743,703200
1984-05-03,0.6089161293317739,0.6143049335479737,0.6035278184602794,0.6062219738960266,2028000
1984-05-04,0.6062216706814243,0.616998780378719,0.6035275165932154,0.611610472202301,1017600
1984-05-07,0.6116107781122264,0.6143049335479737,0.6062219738960266,0.6062219738960266,2126400
1984-05-08,0.6062219746173474,0.6196937385015238,0.6062219746173474,0.616999089717865,674400
1984-05-09,0.6169991409816638,0.6250821013148067,0.614304985318865,0.6223879456520081,1027200
1984-05-10,0.6223878931999206,0.6223878931999206,0.6062219738960266,0.6062219738960266,844800
1984-05-11,0.6062219746173474,0.6169990897178649,0.6062219746173474,0.616999089717865,1980000
1984-05-14,0.6143048168861703,0.6143048168861703,0.5900559425354004,0.5900559425354004,732000
1984-05-15,0.5900559629666735,0.6035277247428894,0.5711958911556744,0.6035277247428894,679200
1984-05-16,0.6035278184602794,0.6143049335479737,0.6008331696798268,0.6062219738960266,4024800
1984-05-17,0.6062219485169162,0.6089161038398743,0.5900560298897984,0.6089161038398743,2481600
1984-05-18,0.6035280357386248,0.6035280357386248,0.5819733044585329,0.5873621106147766,1185600
1984-05-21,0.5819734227433546,0.5819734227433546,0.5685016512870789,0.5685016512870789,664800
1984-05-22,0.5685016512870789,0.5685016512870789,0.565807494333817,0.5685016512870789,463200
1984-05-23,0.5685016512870789,0.5685016512870789,0.5631133373805551,0.5685016512870789,1231200
1984-05-24,0.5685015688369348,0.5685015688369348,0.5550302926793901,0.5604186058044434,1663200
1984-05-25,0.5577242539479182,0.5577242539479182,0.5173094529371995,0.5253924131393433,535200
1984-05-29,0.5253924384261622,0.5361695547661369,0.5173094778349905,0.533475399017334,904800
1984-05-30,0.533475595648408,0.5523356795310974,0.533475595648408,0.5523356795310974,290400
1984-05-31,0.5523357663572396,0.5685016960393542,0.5469474520265495,0.5496416091918945,453600
1984-06-01,0.5577245301290482,0.5738904585385858,0.5577245301290482,0.5685016512870789,374400
1984-06-04,0.5738901164796617,0.5846672312141487,0.5738901164796617,0.5819730758666992,940800
1984-06-05,0.5792791247367859,0.5792791247367859,0.5711961625002022,0.5792791247367859,904800
1984-06-06,0.5792791480528526,0.5873621106147766,0.5685015357403652,0.5873621106147766,573600
1984-06-07,0.5873621106147766,0.5927504234261374,0.5873621106147766,0.5873621106147766,199200
1984-06-08,0.5873619137973051,0.5927502248031117,0.5738901495933533,0.5738901495933533,273600
1984-06-11,0.5738901164796617,0.5846672312141487,0.5711959611322123,0.5819730758666992,225600
1984-06-12,0.5819734065600717,0.5900563705400726,0.5819734065600717,0.5846675634384155,288000
1984-06-13,0.5873618079492818,0.6035277247428894,0.5873618079492818,0.6035277247428894,828000
1984-06-14,0.5981392536844526,0.5981392536844526,0.5658074021339417,0.5658074021339417,645600
1984-06-15,0.5658071570926243,0.5900560352537367,0.5550300423581374,0.5819730758666992,424800
1984-06-18,0.5846672503759328,0.6062219738960266,0.5846672503759328,0.6062219738960266,864000
1984-06-19,0.6008333563804626,0.6008333563804626,0.5927503942168472,0.6008333563804626,408000
1984-06-20,0.6008331696798268,0.6089161293317739,0.5846672503759328,0.6062219738960266,470400
1984-06-21,0.6008331510904026,0.6008331510904026,0.5900560363361459,0.5927501916885376,566400
1984-06-22,0.5927501179840652,0.6035277247428894,0.5873618079492818,0.6035277247428894,518400
1984-06-25,0.6035278184602794,0.6062219738960266,0.5954448588083323,0.6062219738960266,1716000
1984-06-26,0.6062219918366827,0.6250820671344729,0.6035278363212041,0.6196937561035156,1142400
1984-06-27,0.6196934278113866,0.6250817359878047,0.6008328691605477,0.611610472202301,1612800
1984-06-28,0.6089160347776728,0.6089160347776728,0.6035277247428894,0.6035277247428894,501600
1984-06-29,0.6035277931939581,0.6169990631534331,0.6035277931939581,0.6089161038398743,568800
1984-07-02,0.6089161104922676,0.6089161104922676,0.5819730769342809,0.5927501916885376,11256000
1984-07-03,0.5900559425354004,0.5900559425354004,0.584667139342581,0.5900559425354004,235200
1984-07-05,0.5900562907968249,0.5900562907968249,0.5658074021339417,0.5658074021339417,285600
1984-07-06,0.565807494333817,0.5685016512870789,0.5577245301290482,0.5685016512870789,823200
1984-07-09,0.5685015688369348,0.5711962187443731,0.5604186058044434,0.5604186058044434,5793600
1984-07-10,0.5631132125854492,0.5685015252978346,0.5631132125854492,0.5631132125854492,369600
1984-07-11,0.5631132557118816,0.5658074122744082,0.5577244492419167,0.5604186058044434,981600
1984-07-12,0.5604186058044434,0.5685015688369348,0.5604186058044434,0.5604186058044434,151200
1984-07-13,0.5604186058044434,0.5658074122744082,0.5550302926793901,0.5604186058044434,588000
1984-07-16,0.5604184790087516,0.5631131283065207,0.5523355178050446,0.5550301671028137,388800
1984-07-17,0.55503004130156,0.5765842707295024,0.552335392614551,0.5711959600448608,1384800
1984-07-18,0.5711959940904501,0.5765843050962566,0.5711959940904501,0.5738901495933533,192000
1984-07-19,0.5711962187443731,0.5711962187443731,0.5604186058044434,0.5604186058044434,201600
1984-07-20,0.5604182133037007,0.5631128613238853,0.5550299039524638,0.5577240586280823,9583200
1984-07-23,0.5550304168676067,0.5550304168676067,0.5469474520265495,0.5496416091918945,520800
1984-07-24,0.5442524012722227,0.5442524012722227,0.5280864834785461,0.5280864834785461,345600
1984-07-25,0.5307815601446413,0.5415586829185486,0.5307815601446413,0.5415586829185486,319200
1984-07-26,0.5361694423753844,0.5361694423753844,0.5253923282944866,0.5280864834785461,638400
1984-07-27,0.5280865274198415,0.5388641357421875,0.5173094124421959,0.5388641357421875,1348800
1984-07-30,0.5388640853176248,0.5469470441306659,0.5388640853176248,0.5442523956298828,307200
1984-07-31,0.5442523956298827,0.555030002943707,0.5442523956298827,0.5442523956298828,770400
1984-08-01,0.5469469465810424,0.5604182133037007,0.5469469465810424,0.5577240586280823,1161600
1984-08-02,0.5604183880052267,0.6250820671344729,0.5604183880052267,0.6196937561035156,2524800
1984-08-03,0.6196941190370171,0.64663717000558,0.5523357515980966,0.6250824332237244,3336000
1984-08-06,0.6250824332237244,0.6439430129122263,0.6169994685986546,0.6250824332237244,3283200
1984-08-07,0.6250817359878047,0.6304705375086813,0.611610472202301,0.611610472202301,1051200
1984-08-08,0.6143049517278385,0.6250820671344729,0.6143049517278385,0.6196937561035156,2337600
1984-08-09,0.619693773768151,0.6466368097251197,0.6143049692388638,0.643942654132843,1341600
1984-08-10,0.6493308154766543,0.6681913803044952,0.6493308154766543,0.6628025770187378,3432000
1984-08-13,0.6601088047027588,0.6601088047027588,0.6439428788189762,0.6601088047027588,700800
1984-08-14,0.6601088047027588,0.6708859241769785,0.6601088047027588,0.6601088047027588,986400
1984-08-15,0.6601082131527607,0.6654965213887338,0.6331646985950389,0.6385535001754761,2280000
1984-08-16,0.6385535244520415,0.6439423262373505,0.6331647226667326,0.6358593702316284,734400
1984-08-17,0.6358596418351702,0.6358596418351702,0.6196937229185531,0.6277766823768616,861600
1984-08-20,0.6277772820263491,0.6358602492054645,0.6250826307365341,0.6331655979156494,292800
1984-08-21,0.6385538826905254,0.6601086085798089,0.6385538826905254,0.6574139595031738,1197600
1984-08-22,0.6574138913110221,0.6574138913110221,0.6412479719071059,0.652025580406189,976800
1984-08-23,0.6520254362838409,0.6601083941991588,0.6466366332254292,0.6547195911407471,616800
1984-08-24,0.6547196187624117,0.6654967319893065,0.6493308154766543,0.6628025770187378,679200
1984-08-27,0.6547201171726238,0.6547201171726238,0.6385541883535467,0.641248345375061,276000
1984-08-28,0.6412481899882368,0.6493311524391175,0.6412481899882368,0.6493311524391174,724800
1984-08-29,0.6493311191210523,0.6547199249267578,0.6439428066601977,0.646636962890625,1058400
1984-08-30,0.6493307880823354,0.6574137459976532,0.6493307880823354,0.6547195911407471,1504800
1984-08-31,0.6547199982931958,0.6601088047027588,0.649331191883633,0.6601088047027588,616800
1984-09-04,0.6601084220481692,0.6654967319893065,0.6574137737329804,0.6628025770187378,350400
1984-09-05,0.6601088047027588,0.6601088047027588,0.6574141548255242,0.6601088047027588,1804800
1984-09-06,0.6654971999752937,0.6789689709908957,0.6654971999752937,0.6681918501853943,2073600
1984-09-07,0.6654970431933179,0.6654970431933179,0.646636962890625,0.646636962890625,4507200
1984-09-10,0.6493309989627873,0.6628027643116846,0.6493309989627873,0.6574139595031738,1761600
1984-09-11,0.6628027895467138,0.6735799062292952,0.6628027895467138,0.6654969453811646,1075200
1984-09-12,0.6654967861365246,0.6789685487747193,0.6628026309467498,0.6789685487747192,1228800
1984-09-13,0.6789686423667075,0.6897457579560315,0.6789686423667075,0.6816627979278564,1800000
1984-09-14,0.681662797691607,0.6870516021567655,0.6708856821060181,0.6708856821060181,645600
1984-09-17,0.6681918501853944,0.6681918501853944,0.6628030431101601,0.6681918501853943,403200
1984-09-18,0.6681918889701867,0.6681918889701867,0.6331653809655224,0.641248345375061,1116000
1984-09-19,0.6385538663182939,0.6385538663182939,0.6223879456520081,0.6223879456520081,554400
1984-09-20,0.6223879456520081,0.6223879456520081,0.6116108296560664,0.6223879456520081,837600
1984-09-21,0.6223884727918839,0.6331655979156495,0.6143055056127685,0.6331655979156494,1572000
1984-09-24,0.6331655979156495,0.6439432163845799,0.6277772820263491,0.6331655979156494,393600
1984-09-25,0.6331650274426068,0.6412479873390857,0.6196937565116222,0.630470871925354,492000
1984-09-26,0.6304705684463195,0.6385535244520415,0.6250817666610106,0.6358593702316284,444000
1984-09-27,0.6439426541328431,0.6520256142544071,0.6439426541328431,0.643942654132843,1564800
1984-09-28,0.6439426541328431,0.6439426541328431,0.6385538496035558,0.643942654132843,1504800
1984-10-01,0.643942995741571,0.6466371527630853,0.6358600313320324,0.641248345375061,1396800
1984-10-02,0.641248345375061,0.6493313097845995,0.641248345375061,0.641248345375061,595200
1984-10-03,0.6412476786724547,0.6439423262373505,0.6358593702316284,0.6358593702316284,1092000
1984-10-04,0.63585967630458,0.6466367917183118,0.6250820675461279,0.630470871925354,842400
1984-10-05,0.6250820224669921,0.6250820224669921,0.6035277931939581,0.6089161038398743,511200
1984-10-08,0.606221886905464,0.606221886905464,0.5927501249704643,0.5981389284133911,1154400
1984-10-09,0.5981389284133911,0.6035277318563178,0.595444773364245,0.5981389284133911,304800
1984-10-10,0.5981392530039439,0.5981392530039439,0.5873621336143358,0.5954450964927673,439200
1984-10-11,0.5954448338803993,0.6089161038398743,0.5927501852127565,0.6089161038398743,446400
1984-10-12,0.6116108296560664,0.630470905985151,0.6116108296560664,0.6223879456520081,345600
1984-10-15,0.6250826307365341,0.6412485650947649,0.6250826307365341,0.6331655979156494,1740000
1984-10-16,0.630470905985151,0.630470905985151,0.6196937899892093,0.6223879456520081,232800
1984-10-17,0.6223878939404767,0.6223878939404767,0.6035278191783945,0.616999089717865,1000800
1984-10-18,0.6169988106552885,0.6358593702316284,0.6143046564348754,0.6358593702316284,566400
1984-10-19,0.649330931609064,0.6654968510129802,0.649330931609064,0.652025580406189,1548000
1984-10-22,0.6520258021526618,0.6574141148899981,0.6493311524391175,0.6493311524391174,489600
1984-10-23,0.6493309989627873,0.6681915691201954,0.6493309989627873,0.6574139595031738,1634400
1984-10-24,0.6574139176154858,0.6708856821060181,0.6547197620552707,0.6708856821060181,518400
1984-10-25,0.6681915945603937,0.6681915945603937,0.660108633712263,0.6654969453811646,727200
1984-10-26,0.6601083941991588,0.6601083941991588,0.6466366332254292,0.6547195911407471,708000
1984-10-29,0.6547199585213299,0.6547199585213299,0.6439428397017811,0.6493311524391174,412800
1984-10-30,0.6493311191210523,0.6520257686963306,0.6358598446240649,0.646636962890625,1224000
1984-10-31,0.6466368097251197,0.6493309653173964,0.6439426541328431,0.643942654132843,552000
1984-11-01,0.6439429068907665,0.6735801100730896,0.6439429068907665,0.6735801100730896,2155200
1984-11-02,0.6735798805839466,0.6789686853924574,0.6574139595031738,0.6574139595031738,592800
1984-11-05,0.6574137737329804,0.6735796902456326,0.6547196187624117,0.6628025770187378,662400
1984-11-06,0.6654965292745146,0.6978283524513246,0.6654965292745146,0.6978283524513245,828000
1984-11-07,0.6897460917963971,0.6897460917963971,0.6681918501853944,0.6681918501853943,1068000
1984-11-08,0.6681915265458029,0.6762744865711766,0.6681915265458029,0.6708856821060181,856800
1984-11-09,0.6708860070505279,0.6735801639156616,0.6654971999752937,0.6681918501853943,506400
1984-11-12,0.6681915945603937,0.6681915945603937,0.660108633712263,0.6654969453811646,1804800
1984-11-13,0.6654969453811646,0.6708857503948444,0.6654969453811646,0.6654969453811646,468000
1984-11-14,0.6654967319893065,0.6681913803044952,0.6601084220481692,0.6628025770187378,614400
1984-11-15,0.6628023672707473,0.670885322969171,0.638553500175476,0.6385535001754761,1843200
1984-11-16,0.6385540008544922,0.6520257686963306,0.6331651950487868,0.646636962890625,760800
1984-11-19,0.64663717000558,0.6493313270989336,0.6250824332237244,0.6250824332237244,2829600
1984-11-20,0.6250824332237244,0.6277770836620868,0.6196941190370171,0.6250824332237244,1377600
1984-11-21,0.6223879116189943,0.6223879116189943,0.6116107962123599,0.6196937561035156,252000
1984-11-23,0.6196937385015238,0.6223878939404767,0.6116107788399591,0.616999089717865,410400
1984-11-26,0.6169991072433171,0.6277767159946714,0.6143049517278385,0.6196937561035156,379200
1984-11-27,0.6169990889837209,0.6169990889837209,0.5927502100278798,0.6062219738960266,4735200
1984-11-28,0.6062216706814243,0.616998780378719,0.6062216706814243,0.611610472202301,789600
1984-11-29,0.606221886905464,0.606221886905464,0.5927501249704643,0.5981389284133911,480000
1984-11-30,0.5981389213634773,0.6035277247428894,0.5900559629666735,0.6035277247428894,487200
1984-12-03,0.5981389284133911,0.5981389284133911,0.5819730114292454,0.5981389284133911,1629600
1984-12-04,0.5981389284133911,0.6008330834625372,0.5927501249704643,0.5981389284133911,163200
1984-12-05,0.5954448472556181,0.5954448472556181,0.5765842795372008,0.5765842795372009,295200
1984-12-06,0.5765842707295024,0.5792789194165113,0.5711959600448608,0.5711959600448608,626400
1984-12-07,0.5738901164796617,0.5819730758666992,0.5738901164796617,0.5819730758666992,511200
1984-12-10,0.581973083648848,0.581973083648848,0.5711959687702495,0.5765842795372009,993600
1984-12-11,0.5765844750946827,0.5792791247367859,0.5738903187974425,0.5792791247367859,830400
1984-12-12,0.5792791247367859,0.5819732810340261,0.5711961625002022,0.5792791247367859,1125600
1984-12-13,0.5792789282653723,0.5792789282653723,0.5738901241537252,0.5765842795372009,242400
1984-12-14,0.5711961749989012,0.5711961749989012,0.5604185628843826,0.5631132125854492,631200
1984-12-17,0.5631132557118816,0.5685015688369348,0.5496414862094251,0.5604186058044434,523200
1984-12-18,0.5604185731784411,0.590056267020457,0.5577244167727607,0.5873621106147766,2515200
1984-12-19,0.5873622136617288,0.6035281416217309,0.5819734065600717,0.5846675634384155,1788000
1984-12-20,0.5846674373312664,0.59275039956785,0.5765844750946827,0.5792791247367859,924000
1984-12-21,0.5792789282653723,0.5846672390323238,0.5711959687702495,0.5765842795372009,650400
1984-12-24,0.5765842718271112,0.5819730758666992,0.5765842718271112,0.5819730758666992,326400
1984-12-26,0.5819734065600717,0.5873622136617288,0.5819734065600717,0.5846675634384155,146400
1984-12-27,0.5846674608642133,0.5927504234261374,0.5792791480528526,0.5873621106147766,566400
1984-12-28,0.5900559629666735,0.6035277247428894,0.5900559629666735,0.6035277247428894,3091200
1984-12-31,0.6035277247428894,0.6089160347776728,0.5981389213634773,0.6035277247428894,417600
1985-01-02,0.6035277931939581,0.6196937118210759,0.6035277931939581,0.6089161038398743,376800
1985-01-03,0.6089160347776728,0.6116106831396931,0.6035277247428894,0.6035277247428894,691200
1985-01-04,0.6035278184602794,0.6089161293317739,0.6008331696798268,0.6062219738960266,477600
1985-01-07,0.6062219485169162,0.6143049078304751,0.6008331445263154,0.6089161038398743,3895200
1985-01-08,0.6089162734913196,0.6169992350568894,0.6089162734913196,0.6143050789833069,763200
1985-01-09,0.6143050789833069,0.619693884475294,0.6089162734913196,0.6143050789833069,2282400
1985-01-10,0.6196941025129553,0.643942995741571,0.6196941025129553,0.641248345375061,1742400
1985-01-11,0.6412481570849196,0.6493311191210523,0.6358598446240649,0.646636962890625,1824000
1985-01-14,0.6466366605060857,0.6628025770187378,0.6412478572203283,0.6628025770187378,1442400
1985-01-15,0.662802549056065,0.673579661828289,0.6547195911407471,0.6547195911407471,1956000
1985-01-16,0.6547198286985831,0.6681915945603937,0.6520256728641324,0.6654969453811646,787200
1985-01-17,0.6654971177674156,0.6708859241769785,0.6574141548255242,0.6601088047027588,991200
1985-01-18,0.6601084220481692,0.6654967319893065,0.6547196187624117,0.6628025770187378,463200
1985-01-21,0.6628024607686606,0.6924401336251931,0.6601083062706243,0.6897454857826233,1624800
1985-01-22,0.6897460065930895,0.7086065823541067,0.6574141548255242,0.6601088047027588,2443200
1985-01-23,0.6681916261069174,0.6951346657577893,0.6681916261069174,0.6924405097961426,2042400
1985-01-24,0.6978284411127904,0.7166890025918743,0.6978284411127904,0.70591139793396,2793600
1985-01-25,0.7059114164123289,0.7139943734450829,0.6897455023468211,0.7086060643196106,873600
1985-01-28,0.7086060457707049,0.7139943547551295,0.6951342866205781,0.70591139793396,1375200
1985-01-29,0.7059118652045981,0.7113006711006165,0.6978289030330002,0.7113006711006165,880800
1985-01-30,0.7139947658428165,0.7382436502677969,0.7139947658428165,0.7220777273178101,2515200
1985-01-31,0.7220777182831322,0.7301606796569912,0.7139947569092733,0.7274665236473083,703200
1985-02-01,0.7274667143982291,0.7409384846687317,0.7247725576821044,0.7409384846687317,1329600
1985-02-04,0.7409388016189943,0.7517159264385468,0.738244150405243,0.7490217685699463,1183200
1985-02-05,0.7490210597668718,0.7517152150859772,0.7247721818608726,0.7328551411628723,813600
1985-02-06,0.7328556503574933,0.7436327724666386,0.7328556503574933,0.735549807548523,1800000
1985-02-07,0.7382436305112565,0.7490212410860334,0.7382436305112565,0.743632435798645,2450400
1985-02-08,0.7436326694232765,0.7544097900390625,0.7436326694232765,0.7544097900390625,1970400
1985-02-11,0.7544100843071472,0.7597988933894989,0.7463271173561952,0.7490217685699463,523200
1985-02-12,0.7490212647590005,0.7544095768718843,0.7005234956741333,0.7005234956741333,6355200
1985-02-13,0.6978285562581731,0.6978285562581731,0.689745598103273,0.6951344013214111,3576000
1985-02-14,0.6951341983014137,0.7032171540956161,0.6897453966571221,0.6978283524513245,2188800
1985-02-15,0.6978288217194359,0.703217626987531,0.6789687432983058,0.6924405097961426,2858400
1985-02-19,0.6924405097961426,0.6951346657577893,0.6843575485664009,0.6924405097961426,868800
1985-02-20,0.6924403642394996,0.6924403642394996,0.6843574047088623,0.6843574047088623,1063200
1985-02-21,0.6843573524989293,0.687051507688704,0.6789685487747193,0.6789685487747192,489600
1985-02-22,0.6789689709908957,0.68435777806613,0.6654971999752937,0.6681918501853943,715200
1985-02-25,0.6681913803044952,0.6708855352750639,0.6601084220481692,0.6628025770187378,1344000
1985-02-26,0.6628026815122633,0.6843574047088623,0.6628026815122633,0.6843574047088623,1466400
1985-02-27,0.6843574047088623,0.6897457154994886,0.678968600573538,0.6843574047088623,1336800
1985-02-28,0.684357176786551,0.6897454857826233,0.6789683744459449,0.6897454857826233,780000
1985-03-01,0.689745598103273,0.7005232045395491,0.6870514431665109,0.6951344013214111,837600
1985-03-04,0.6951342881232293,0.6951342881232293,0.6816625289439812,0.6897454857826233,792000
1985-03-05,0.689745598103273,0.695134401321411,0.6816626399483728,0.6951344013214111,840000
1985-03-06,0.6951344666026888,0.7005232703268988,0.6789685487747193,0.6789685487747192,501600
1985-03-07,0.6789685487747193,0.6816627039644941,0.6762743935849445,0.6789685487747192,516000
1985-03-08,0.6789689288419836,0.6897460489784648,0.6762747721440974,0.6870518922805786,1596000
1985-03-11,0.6870515601041755,0.6897457154994886,0.6816627559688512,0.6843574047088623,376800
1985-03-12,0.6870517045280475,0.6951346657577893,0.6870517045280475,0.6924405097961426,340800
1985-03-13,0.6924403642394996,0.6951345196348128,0.678968600573538,0.6843574047088623,664800
1985-03-14,0.6870518922805786,0.6978290124170599,0.6870518922805786,0.6870518922805786,456000
1985-03-15,0.687051507688704,0.692440311412914,0.6762743935849445,0.6789685487747192,897600
1985-03-18,0.6789689331738152,0.6843577399489047,0.6735801263987257,0.6762747764587402,2258400
1985-03-19,0.6816628992599525,0.6951346657577893,0.6816628992599525,0.6924405097961426,264000
1985-03-20,0.6924401336251931,0.6951342881232293,0.684357176786551,0.6897454857826233,681600
1985-03-21,0.689745884758728,0.7005234956741333,0.6816629232445834,0.7005234956741333,1087200
1985-03-22,0.7005232045395491,0.7059115144130732,0.692440246384649,0.6951344013214111,1020000
1985-03-25,0.6951348557191737,0.6951348557191737,0.6870518922805786,0.6870518922805786,384000
1985-03-26,0.6870518922805786,0.6897460489784648,0.6870518922805786,0.6870518922805786,619200
1985-03-27,0.6897453966571221,0.7059113082455271,0.6897453966571221,0.6978283524513245,768000
1985-03-28,0.7005231072868566,0.7113002188823467,0.7005231072868566,0.7086060643196106,948000
1985-03-29,0.7086065148250368,0.7113006711006165,0.7032177089290185,0.7113006711006165,273600
1985-04-01,0.7113006711006165,0.7220777895477939,0.7059118652045981,0.7113006711006165,940800
1985-04-02,0.7113008982319312,0.7193838629845668,0.7113008982319312,0.7166897058486938,1046400
1985-04-03,0.7166894187024224,0.7220777308153061,0.7005234956741333,0.7005234956741333,1394400
1985-04-04,0.7005234956741333,0.7032176517305752,0.6924405341599889,0.7005234956741333,290400
1985-04-08,0.6978284426212655,0.6978284426212655,0.684357176786551,0.6897454857826233,556800
1985-04-09,0.6897457154994886,0.6897457154994886,0.678968600573538,0.6843574047088623,564000
1985-04-10,0.684357176786551,0.6978284426212655,0.684357176786551,0.6897454857826233,463200
1985-04-11,0.6924408115907871,0.7166897058486938,0.6924408115907871,0.7166897058486938,924000
1985-04-12,0.7166894152310254,0.7301606887928035,0.7166894152310254,0.7220777273178101,979200
1985-04-15,0.7220777895477939,0.7274665954438122,0.7059118652045981,0.7113006711006165,916800
1985-04-16,0.7113008982319312,0.7166897058486938,0.7059120906151686,0.7166897058486938,1372800
1985-04-17,0.7166894152310254,0.72207772731781,0.7166894152310254,0.7220777273178101,696000
1985-04-18,0.7274668539859401,0.738243976263313,0.7274668539859401,0.7301610112190247,1934400
1985-04-19,0.7301604924990831,0.7328551411628723,0.7247721818608726,0.7328551411628723,1005600
1985-04-22,0.7328551411628723,0.7328551411628723,0.7274663371799779,0.7328551411628723,674400
1985-04-23,0.7328556503574933,0.740938615275609,0.7247726854393777,0.735549807548523,916800
1985-04-24,0.7355490083681807,0.7436319645040947,0.7355490083681807,0.7382431626319885,1104000
1985-04-25,0.7382438346076673,0.7409384846687317,0.7355496778915427,0.7409384846687317,216000
1985-04-26,0.7409381004648721,0.7409381004648721,0.7274663371799779,0.7328551411628723,307200
1985-04-29,0.7328553185686715,0.743632435798645,0.7274665132812831,0.743632435798645,624000
1985-04-30,0.7436326413848563,0.746326798100981,0.7382438346076673,0.7409384846687317,1459200
1985-05-01,0.740937810240287,0.7436319645040947,0.7355490083681807,0.7382431626319885,919200
1985-05-02,0.738243266832582,0.7651867866516113,0.7328549575444244,0.7651867866516113,955200
1985-05-03,0.7624920851725465,0.7624920851725465,0.751714974007708,0.7597979307174683,895200
1985-05-06,0.7597984054775437,0.7705755233764648,0.7571042493390219,0.7705755233764648,410400
1985-05-07,0.7759637590483583,0.7975184723589699,0.7759637590483583,0.7786579132080078,763200
1985-05-08,0.7786581446903115,0.7894357512218589,0.7786581446903115,0.7840469479560852,592800
1985-05-09,0.7840472962538066,0.7948244142282602,0.7813531400964026,0.7894361019134521,688800
1985-05-10,0.7948243515923363,0.8190732351325581,0.7948243515923363,0.8109902739524841,1394400
1985-05-13,0.8082962897917496,0.8082962897917496,0.8002133268938322,0.8056021332740784,710400
1985-05-14,0.8056022256007782,0.8163793462514878,0.8056022256007782,0.8082963824272156,1346400
1985-05-15,0.8082959573602321,0.8163789169338344,0.7975188423769959,0.8136847615242004,799200
1985-05-16,0.8136845332900853,0.8190728425979615,0.8082957306376469,0.8190728425979614,900000
1985-05-17,0.8244616672830674,0.8379334276018975,0.8244616672830674,0.8325446248054504,1077600
1985-05-20,0.8352389853728779,0.8514049044016736,0.8352389853728779,0.8406277894973755,2599200
1985-05-21,0.84062825522969,0.8460170623397422,0.8163793632519105,0.8271564841270447,1723200
1985-05-22,0.827156032758413,0.827156032758413,0.8136847623518405,0.8244618773460388,883200
1985-05-23,0.8244623272445036,0.8325452912370968,0.8244623272445036,0.8271564841270447,1574400
1985-05-24,0.8271560249439193,0.8325448290624585,0.8244618695569977,0.8298506736755371,439200
1985-05-28,0.8325452651296342,0.8487111926078795,0.8325452651296342,0.8487111926078796,909600
1985-05-29,0.8514049823282788,0.8594879425824863,0.8514049823282788,0.8540996313095093,3196800
1985-05-30,0.8540993746768446,0.8567935295038158,0.8487105716783082,0.8514047265052795,336000
1985-05-31,0.8514047265052794,0.8567935295038158,0.8487105716783082,0.8514047265052795,1140000
1985-06-03,0.8514053376555268,0.8567941445222216,0.8298510968786438,0.8352394104003906,621600
1985-06-04,0.8352394104003905,0.8433223740279587,0.8298510968786438,0.8352394104003906,400800
1985-06-05,0.8352389923402369,0.8460166006791362,0.8244618773460387,0.8244618773460388,561600
1985-06-06,0.8244616672830674,0.8379334276018975,0.8244616672830674,0.8325446248054504,600000
1985-06-07,0.8325446248054504,0.8325446248054504,0.8244616672830674,0.8325446248054504,1372800
1985-06-10,0.8325448290624585,0.8325448290624585,0.8271560249439193,0.8298506736755371,424800
1985-06-11,0.8298511343545558,0.8352394481196378,0.8244623272445036,0.8271564841270447,420000
1985-06-12,0.827156032758413,0.8298506815154884,0.8244618773460387,0.8244618773460388,456000
1985-06-13,0.8244618773460387,0.8298506815154884,0.8244618773460387,0.8244618773460388,400800
1985-06-14,0.8244623272445036,0.8298511343545558,0.8244623272445036,0.8271564841270447,1197600
1985-06-17,0.827156032758413,0.827156032758413,0.8244618773460387,0.8244618773460388,216000
1985-06-18,0.8244618773460387,0.8298506815154884,0.8163789177642148,0.8244618773460388,1060800
1985-06-19,0.8244618773460387,0.8325448369278626,0.8244618773460387,0.8244618773460388,556800
1985-06-20,0.8244623272445036,0.8298511343545558,0.8244623272445036,0.8271564841270447,609600
1985-06-21,0.8298507254127299,0.8540996054409129,0.8298507254127299,0.8460166454315186,1072800
1985-06-24,0.8433217370537693,0.8433217370537693,0.8325446248054504,0.8325446248054504,535200
1985-06-25,0.8379336854221242,0.8487108009864076,0.8379336854221242,0.8460166454315186,688800
1985-06-26,0.8460165998186098,0.856793714801846,0.8136847615242004,0.8136847615242004,1836000
1985-06-27,0.8190728644866203,0.8325446248054504,0.8190728644866203,0.8325446248054504,429600
1985-06-28,0.8325448290624585,0.8379336331809978,0.8244618695569977,0.8298506736755371,1670400
1985-07-01,0.8217681703619627,0.8298511343545558,0.8217681703619627,0.8271564841270447,218400
1985-07-02,0.8271560319170707,0.8271560319170707,0.8136847615242004,0.8136847615242004,760800
1985-07-03,0.8136847078490298,0.837933584970246,0.7867411821512332,0.797518789768219,921600
1985-07-05,0.7975187897682191,0.7975187897682191,0.7921299859597262,0.797518789768219,1701600
1985-07-08,0.797519261776506,0.8082963824272156,0.7948246116051086,0.8082963824272156,1008000
1985-07-09,0.8082961180073924,0.8109902739524842,0.8056019620623006,0.8109902739524841,751200
1985-07-10,0.810989885291585,0.8190728425979615,0.8056015759837089,0.8190728425979614,688800
1985-07-11,0.8190734831452543,0.8406282172670854,0.8136851696235076,0.8352394104003906,600000
1985-07-12,0.8352389853728779,0.846016593621873,0.8352389853728779,0.8406277894973755,693600
1985-07-15,0.84062825522969,0.8433224121122309,0.8244623272445036,0.8271564841270447,326400
1985-07-16,0.827156032758413,0.8352389923402369,0.8217677219336644,0.8244618773460388,1449600
1985-07-17,0.824462290011949,0.8352394104003905,0.8190734831452543,0.8352394104003906,1156800
1985-07-18,0.8352394104003905,0.8406282172670854,0.8298510968786438,0.8352394104003906,566400
1985-07-19,0.8352389853728779,0.8487107490117733,0.8352389853728779,0.8406277894973755,568800
1985-07-22,0.8433223856668128,0.8540999995489463,0.8433223856668128,0.8487111926078796,302400
1985-07-23,0.8487107490117733,0.8514049044016736,0.8406277894973755,0.8406277894973755,276000
1985-07-24,0.8406276138528005,0.8621823325023523,0.8352388108542641,0.8514047265052795,912000
1985-07-25,0.8514049044016736,0.8594878639160715,0.8352389853728779,0.8406277894973755,1437600
1985-07-26,0.8406278409770133,0.8487108009864076,0.8406278409770133,0.8460166454315186,331200
1985-07-29,0.8460164168513369,0.8514047265052794,0.8406276138528005,0.8514047265052795,780000
1985-07-30,0.8514053494059356,0.8540999995489463,0.8433223856668128,0.8487111926078796,1087200
1985-07-31,0.8487104834610538,0.8540992858994636,0.843321681022644,0.843321681022644,271200
1985-08-01,0.8433217686797717,0.8514047265052794,0.8433217686797717,0.8514047265052795,559200
1985-08-02,0.8514049565412968,0.8514049565412968,0.8460166454315186,0.8460166454315186,244800
1985-08-05,0.8460170241337801,0.8487111808946535,0.8325452536395171,0.8352394104003906,458400
1985-08-06,0.8352387795313863,0.8433217370537693,0.8271558220090033,0.8325446248054504,885600
1985-08-07,0.8298508365500815,0.8298508365500815,0.8163790702819824,0.8163790702819824,576000
1985-08-08,0.8163787097606844,0.8325446248054504,0.8163787097606844,0.8325446248054504,312000
1985-08-09,0.8325448809676189,0.8514049565412968,0.8298507254127299,0.8460166454315186,528000
1985-08-12,0.8460166454315186,0.8487108009864076,0.8433219965319024,0.8460166454315186,86400
1985-08-13,0.8460163289141203,0.8460163289141203,0.8406275264757105,0.843321681022644,261600
1985-08-14,0.8433219965319024,0.8460166454315186,0.8406278409770133,0.8460166454315186,448800
1985-08-15,0.846016593621873,0.8487107490117733,0.8406277894973755,0.8406277894973755,1226400
1985-08-16,0.8406282172670854,0.8460170241337801,0.8352394104003905,0.8352394104003906,177600
1985-08-19,0.8325455321814841,0.8325455321814841,0.8029078245162965,0.8029078245162964,1065600
1985-08-20,0.8029069279852086,0.8244616452503999,0.8029069279852086,0.8190728425979614,2503200
1985-08-21,0.8190728425979615,0.8190728425979615,0.8136845332900853,0.8190728425979614,343200
1985-08-22,0.8190733956075816,0.8298510081891243,0.8136850826617056,0.821768045425415,753600
1985-08-23,0.8163790791874663,0.8163790791874663,0.8109902739524842,0.8109902739524841,374400
1985-08-26,0.8159784347243839,0.8214003849029541,0.813267707824707,0.813267707824707,372000
1985-08-27,0.8132673840161972,0.8186893320359782,0.8132673840161972,0.8159781098365784,588000
1985-08-28,0.8159780052522859,0.818689227104187,0.8159780052522859,0.818689227104187,876000
1985-08-29,0.8159784347243839,0.8159784347243839,0.813267707824707,0.813267707824707,835200
1985-08-30,0.8132680216064497,0.815978749552002,0.8051353413903852,0.8078460693359375,436800
1985-09-03,0.8078455467997643,0.8132674955632145,0.7997128718441321,0.8105567693710327,823200
1985-09-04,0.8105567693710327,0.8132674955632145,0.8051348206075825,0.8105567693710327,266400
1985-09-05,0.81055698092503,0.8186896580032771,0.8051350307464599,0.813267707824707,1488000
1985-09-06,0.8132680216064497,0.8132680216064497,0.8051353413903852,0.8078460693359375,372000
1985-09-09,0.8078457576461369,0.813267707824707,0.8051350307464599,0.813267707824707,592800
1985-09-10,0.813267183142367,0.813267183142367,0.7807364958166724,0.7861584424972534,288000
1985-09-11,0.7861582711012203,0.7888689956610783,0.7590490399874896,0.7698929309844971,403200
1985-09-12,0.7698931552415481,0.7753146059404423,0.7210971206779063,0.7265185713768005,770400
1985-09-13,0.7265192862741839,0.7536285519599916,0.7265192862741839,0.7536285519599915,1804800
1985-09-16,0.7590492501287373,0.7780258164377302,0.7590492501287373,0.7726038694381714,2839200
1985-09-17,0.7726038694381714,0.7726038694381714,0.7644711971282959,0.7726038694381714,1344000
1985-09-18,0.7726038694381714,0.7753145947484882,0.7644711971282959,0.7726038694381714,916800
1985-09-19,0.7726040224400682,0.7807366963604899,0.7698932965929354,0.7753147482872009,1783200
1985-09-20,0.7753150000760338,0.7834476766375978,0.7753150000760338,0.7780262231826782,566400
1985-09-23,0.7780257706658298,0.7915798927989386,0.7780257706658298,0.7861584424972534,374400
1985-09-24,0.7861581882547093,0.7942908574560383,0.7834469676017761,0.7834469676017761,984000
1985-09-25,0.7834470501625745,0.7861582711012203,0.7671817100458513,0.7698929309844971,1260000
1985-09-26,0.7698933939136337,0.7698933939136337,0.7536280440167195,0.7671821713447571,811200
1985-09-30,0.7698932965929354,0.7753147482872009,0.7698932965929354,0.7753147482872009,1082400
1985-10-01,0.7753145947484882,0.7780258164377302,0.7671819224386127,0.7726038694381714,400800
1985-10-02,0.7726041127043238,0.7753148388681539,0.7617607116699219,0.7617607116699219,1819200
1985-10-03,0.7617604480606616,0.7671818985122143,0.7590492264559756,0.764471173286438,201600
1985-10-04,0.7644716038914499,0.7671823306441011,0.759049654006958,0.759049654006958,415200
1985-10-07,0.7590500079936164,0.7590500079936164,0.7536285519599916,0.7536285519599915,576000
1985-10-08,0.7536285519599916,0.7536285519599916,0.7454958715301334,0.7536285519599915,357600
1985-10-09,0.7536285519599916,0.7590500079936164,0.7509173275637583,0.7536285519599915,794400
1985-10-10,0.7536279075739397,0.7536279075739397,0.7454952340978864,0.7482059597969055,448800
1985-10-11,0.748205852508545,0.7753145947484882,0.748205852508545,0.7726038694381714,1204800
1985-10-14,0.7780257706658298,0.788869167648096,0.7780257706658298,0.7861584424972534,309600
1985-10-15,0.7915800104072295,0.8024239053795137,0.7915800104072295,0.7970019578933716,1939200
1985-10-16,0.7970018037641892,0.80784520026054,0.7942910787348199,0.8051344752311707,988800
1985-10-17,0.8051349052853793,0.8051349052853793,0.7997129559516908,0.7997129559516907,266400
1985-10-18,0.7997129559516908,0.8078456317626541,0.7997129559516908,0.7997129559516907,208800
1985-10-21,0.7997124348968757,0.8078451054089755,0.7970017101857809,0.8024236559867859,1087200
1985-10-22,0.8051353413903852,0.8105572936608975,0.8051353413903852,0.8078460693359375,513600
1985-10-23,0.80784520026054,0.810556421668783,0.7997125287935585,0.8051344752311707,331200
1985-10-24,0.8051353413903852,0.8105572936608975,0.802424613444833,0.8078460693359375,516000
1985-10-25,0.8078457576461369,0.813267707824707,0.8051350307464599,0.813267707824707,1260000
1985-10-28,0.8105563264988858,0.8105563264988858,0.7997124348968757,0.8024236559867859,871200
1985-10-29,0.8024240944154006,0.8132674955632145,0.8024240944154006,0.8105567693710327,288000
1985-10-30,0.8105566468399443,0.8268219942923912,0.8078454246785287,0.8214000463485718,537600
1985-10-31,0.8241105675697328,0.8295325141677132,0.8241105675697328,0.8241105675697327,288000
1985-11-01,0.824111111802631,0.8268223350815241,0.813267707824707,0.813267707824707,1183200
1985-11-04,0.8132671707526601,0.8241105675697328,0.8132671707526601,0.8241105675697327,624000
1985-11-05,0.8241107721309757,0.8241107721309757,0.8105566468399443,0.8214000463485718,1207200
1985-11-06,0.8214002126330591,0.834954837047104,0.8214002126330591,0.8268221616744995,3139200
1985-11-07,0.8268219942923912,0.8322434458571991,0.8214000463485717,0.8214000463485718,933600
1985-11-08,0.8214002783822479,0.8322436809539795,0.8186895518341031,0.8322436809539795,883200
1985-11-11,0.8322432889577328,0.8322432889577328,0.826821838415009,0.8295325636863708,379200
1985-11-12,0.8295327164106495,0.8539307374815509,0.8295327164106495,0.8512200117111206,1485600
1985-11-13,0.8512201727657985,0.8674855232238768,0.8457982238200714,0.867485523223877,537600
1985-11-14,0.8674855232238768,0.8674855232238768,0.8593528479948377,0.867485523223877,1128000
1985-11-15,0.867485282488916,0.8837506284332146,0.8647740605788892,0.8783286809921265,532800
1985-11-18,0.8833454768370144,0.9106090597173877,0.8806192683132249,0.8942508101463318,1063200
1985-11-19,0.8942505877494114,0.8997035026550293,0.8942505877494114,0.8997035026550293,864000
1985-11-20,0.8997033937187044,0.9051563079640821,0.8942504794733268,0.8969771862030029,400800
1985-11-21,0.8969767112759147,0.907882034778595,0.8942500059899618,0.907882034778595,667200
1985-11-22,0.9078824023396891,0.9133353159055259,0.9024294887738522,0.9051561951637268,360000
1985-11-25,0.9051561951637269,0.9051561951637269,0.89970328159789,0.9051561951637268,314400
1985-11-26,0.9051561951637269,0.9133353159055259,0.9024294887738522,0.9051561951637268,400800
1985-11-27,0.9051563797380356,0.9160617098795494,0.9051563797380356,0.9133355021476746,902400
1985-11-29,0.9133353159055259,0.9215144366473249,0.9051561951637269,0.9051561951637268,283200
1985-12-02,0.9051563797380356,0.9133355021476746,0.8997034650602718,0.9133355021476746,331200
1985-12-03,0.9106082408508375,0.9106082408508375,0.8997029173481572,0.907882034778595,765600
1985-12-04,0.9106093910960213,0.946052610874176,0.9106093910960213,0.946052610874176,633600
1985-12-05,0.9569572240154499,1.0005790393322975,0.9569572240154499,0.9760416746139526,1747200
1985-12-06,0.9760416746139526,0.9787683812808553,0.9678625530411711,0.9760416746139526,650400
1985-12-09,0.9760413541492601,1.014210742028033,0.9760413541492601,0.9978525042533875,1092000
1985-12-10,0.9978526572773531,0.9978526572773531,0.9814944169941178,0.9842206239700317,912000
1985-12-11,0.9842209915454049,1.0033059451460558,0.9842209915454049,1.0005792379379272,1514400
1985-12-12,1.0005787108112287,1.0060316231407103,0.9923995919239058,0.9978525042533875,1135200
1985-12-13,0.9978530299438609,1.0114850683423169,0.992400114741666,1.0005792379379272,950400
1985-12-16,1.0005791996271762,1.003305906730903,0.9896738688543982,0.9951267838478088,542400
1985-12-17,0.9951262976955463,1.0033054165828692,0.9787680599209005,0.9978525042533875,693600
1985-12-18,0.9978530938241238,1.0142113412638636,0.9978530938241238,1.0087584257125854,420000
1985-12-19,1.0087583278259211,1.0114850349440163,0.9978529969956775,1.0033059120178223,458400
1985-12-20,1.0033057297673476,1.0142110586166382,0.9923999017041018,1.0142110586166382,904800
1985-12-23,1.0142110586166382,1.0251163874659288,1.0142110586166382,1.0142110586166382,720000
1985-12-24,1.0060321488300292,1.0060321488300292,0.9733156561851501,0.9733156561851501,955200
1985-12-26,0.9733158314632158,0.9814949560973605,0.9596837906682579,0.965136706829071,446400
1985-12-27,0.9651370763267165,0.9733162040921972,0.9542317390441895,0.9542317390441895,648000
1985-12-30,0.9542317390441895,0.9596841580782824,0.9515050303128018,0.9542317390441895,213600
1985-12-31,0.9542313737215948,0.965136706829071,0.9460522490874502,0.965136706829071,818400
1986-01-02,0.9651365625203414,0.9678627705860461,0.9296938608098795,0.943325400352478,2481600
1986-01-03,0.9433257698712227,0.9433257698712227,0.9351466432561131,0.9405995607376099,1130400
1986-01-06,0.9405991969910559,0.9515045285224915,0.9351462816182992,0.9515045285224915,768000
1986-01-07,0.9569566918582452,1.0087575999417364,0.9569566918582452,1.0060313940048218,1334400
1986-01-08,1.0060320928692816,1.0114850077447954,0.9814947247505188,0.9814947247505188,470400
1986-01-09,0.9760417323635081,0.9760417323635081,0.9487781585791172,0.9569572806358337,1497600
1986-01-10,0.956957339560515,0.9596835473426226,0.9378728866577148,0.9378728866577148,820800
1986-01-13,0.9378727050260406,0.9487780332565309,0.9351459985579729,0.9487780332565308,955200
1986-01-14,0.9487788207957553,0.956957948561236,0.9487788207957553,0.9542317390441895,232800
1986-01-15,0.9542317390441895,0.96241086680967,0.9515050303128018,0.9542317390441895,1226400
1986-01-16,0.9542317390441895,0.9596841580782824,0.9515050303128018,0.9542317390441895,1296000
1986-01-17,0.9596835852117052,1.0005791996271762,0.9596835852117052,0.9951267838478088,976800
1986-01-20,1.0005790231445584,1.0142110586166382,1.0005790231445584,1.0142110586166382,681600
1986-01-21,1.0142118803997886,1.0251172180853223,0.9896744961965679,0.9924007058143616,408000
1986-01-22,0.9923997441116493,1.000578864253267,0.9842206239700317,0.9842206239700317,408000
1986-01-23,0.9842209873287564,0.9896739025075897,0.9705894482027636,0.9733156561851501,518400
1986-01-24,0.9733151608243331,0.981494279822857,0.9651360418258094,0.9678622484207153,379200
1986-01-27,0.9705894099992355,0.9869476556777954,0.9705894099992355,0.9869476556777954,1084800
1986-01-28,0.9896731599559629,1.0196634221167662,0.9896731599559629,1.0060313940048218,1384800
1986-01-29,1.0060327523320485,1.0142118803997886,0.9924007058143615,0.9924007058143616,628800
1986-01-30,0.9923995919239058,1.0060316231407103,0.9923995919239058,0.9978525042533875,456000
1986-01-31,0.9978528257648107,1.0114848613739014,0.9896737042421484,1.0114848613739014,955200
1986-02-03,1.0114849390365988,1.0414747207796957,1.0114849390365988,1.0360223054885864,1713600
1986-02-04,1.0360229602898106,1.046928296978566,1.0251171243867412,1.0278438329696655,1771200
1986-02-05,1.0278428458065343,1.0523802042007446,1.0223899330920982,1.0523802042007446,1288800
1986-02-06,1.0660118124166977,1.085096758657528,1.0660118124166977,1.0796438455581665,1656000
1986-02-07,1.0796435578425128,1.0960017935673991,1.0660115283338616,1.087822675704956,1951200
1986-02-10,1.0960022974860621,1.1123605407321226,1.0960022974860621,1.1014552116394043,1857600
1986-02-11,1.1041815929553087,1.1123607158660889,1.1041815929553087,1.1123607158660889,861600
1986-02-12,1.1123607158660889,1.1150869237650005,1.1041815929553087,1.1123607158660889,468000
1986-02-13,1.1178133289306156,1.128718656794525,1.1178133289306156,1.1232657432556152,753600
1986-02-14,1.128718789657343,1.1396241188049316,1.128718789657343,1.1396241188049316,1041600
1986-02-18,1.1396238555777454,1.1941514871489833,1.136897648724032,1.1614350080490112,1627200
1986-02-19,1.1723405916861545,1.1996046630557144,1.1723405916861545,1.1968779563903809,921600
1986-02-20,1.1968772497336793,1.1968772497336793,1.1886981329946935,1.1941510438919067,1920000
1986-02-21,1.1968781187267772,1.2241421937942507,1.1968781187267772,1.2241421937942505,784800
1986-02-24,1.2268802421989882,1.2268802421989882,1.1556776955976986,1.166631817817688,1687200
1986-02-25,1.1693708783112795,1.1858023215730205,1.1693708783112795,1.1803255081176758,1855200
1986-02-26,1.1803255081176758,1.1858023215730205,1.17758659994215,1.1803255081176758,360000
1986-02-27,1.1803249179462494,1.1885406354691987,1.1693702936172485,1.1693702936172485,1694400
1986-02-28,1.1721097314448123,1.1940179871330914,1.1721097314448123,1.1885411739349365,871200
1986-03-03,1.1885407150992948,1.2022332442565167,1.1830634025678242,1.1994948387145996,1156800
1986-03-04,1.1994948949167927,1.204972207704902,1.1858018636703491,1.1858018636703491,715200
1986-03-05,1.1830632518714583,1.1830632518714583,1.152938788957022,1.166631817817688,616800
1986-03-06,1.1666325396961637,1.1830639839172363,1.1611552244731784,1.1830639839172363,1005600
1986-03-07,1.188541251734861,1.2433123959886165,1.188541251734861,1.2296198606491089,1255200
1986-03-10,1.2296198606491089,1.2350966742057667,1.2268809524229172,1.2296198606491089,501600
1986-03-11,1.229618994851128,1.2597429525454866,1.226880088553452,1.2542661428451538,595200
1986-03-12,1.254265785941836,1.2597425940837343,1.2405727626923566,1.2433111667633057,1555200
1986-03-13,1.2460506341299977,1.278913503588832,1.2460506341299977,1.2679588794708252,1116000
1986-03-14,1.2679587556671195,1.2871290952780396,1.257004634066268,1.2789133787155151,914400
1986-03-17,1.2789132908391798,1.2789132908391798,1.240573115699303,1.2542661428451538,1207200
1986-03-18,1.2542660749967527,1.2734359108059612,1.237834643889579,1.2405730485916138,1192800
1986-03-19,1.2405742476028812,1.2433126549515785,1.229620116760125,1.2350969314575195,374400
1986-03-20,1.2350966742057667,1.2350966742057667,1.2214041388662593,1.2296198606491089,1368000
1986-03-21,1.2296190169980579,1.2624818815819925,1.2296190169980579,1.2597429752349854,1720800
1986-03-24,1.2597429525454866,1.2597429525454866,1.2378347108491368,1.2542661428451538,914400
1986-03-25,1.2515274644481664,1.2515274644481664,1.218664594471868,1.2268803119659424,1339200
1986-03-26,1.2268806538725807,1.229619561432284,1.1967566822977707,1.2159265279769897,2604000
1986-03-27,1.2159270771207047,1.2433126549515785,1.207711353626646,1.2350969314575195,1216800
1986-03-31,1.2378350672439697,1.2542665039708911,1.2378350672439697,1.2487891912460327,1008000
1986-04-01,1.2706972132622647,1.2706972132622647,1.2378343586214076,1.2433111667633057,469200
1986-04-02,1.2433123397754071,1.248789654532285,1.2214040836435762,1.2378355264663696,1596000
1986-04-03,1.2378355264663694,1.270698412111956,1.2378355264663694,1.2378355264663696,679200
1986-04-04,1.2378343586214076,1.2597425940837343,1.2378343586214076,1.2433111667633057,715200
1986-04-07,1.2433115205494694,1.2597429525454866,1.2433115205494694,1.2542661428451538,1118400
1986-04-08,1.2542666641329772,1.2926063537597656,1.2487893507086998,1.2926063537597656,1245600
1986-04-09,1.2926068182657364,1.3145155783881721,1.2816526889284678,1.3035614490509033,976800
1986-04-10,1.3254687281930078,1.4076258911274406,1.3254687281930078,1.4021490812301636,1454400
1986-04-11,1.4021501424727918,1.4131042720057043,1.3473784919124157,1.3692872524261475,1796400
1986-04-14,1.3692865259902802,1.374763337127217,1.3364236533780947,1.3473777770996094,1206000
1986-04-15,1.3473771819915377,1.3583313008748492,1.3199916340595488,1.3418998718261719,376800
1986-04-16,1.3473779180168883,1.391194918933247,1.3473779180168883,1.3857181072235107,769200
1986-04-17,1.385717350254258,1.3966714691375695,1.3199916340595488,1.3418998718261719,712800
1986-04-18,1.3419004645150314,1.374763337127217,1.3364236533780947,1.3473777770996094,516000
1986-04-21,1.3473780112089073,1.3692867639062625,1.336423885584094,1.3528553247451782,417600
1986-04-22,1.3528549566007384,1.3747632018886036,1.3145147751755863,1.325468897819519,861600
1986-04-23,1.309037413419518,1.309037413419518,1.265220423060133,1.276174545288086,1256400
1986-04-24,1.2761746429167156,1.30903751356219,1.270697832107544,1.270697832107544,625200
1986-04-25,1.270697574841171,1.270697574841171,1.2487888316973117,1.2542661428451538,988800
1986-04-28,1.2597432075939783,1.2816519551734984,1.2597432075939783,1.270697832107544,824400
1986-04-29,1.2706975977279762,1.2761744075269528,1.2323574218975462,1.2597429752349854,1110000
1986-04-30,1.2487896601359048,1.2487896601359048,1.2214040891243105,1.2323582172393799,1069200
1986-05-01,1.2323573997012944,1.2542661428451538,1.2214032788531195,1.2542661428451538,1032000
1986-05-02,1.254265785941836,1.2652199036729994,1.2378343586214076,1.2433111667633057,1916400
1986-05-05,1.2433115205494694,1.2816516956893462,1.2433115205494694,1.2542661428451538,640800
1986-05-06,1.2542669692891628,1.2652210973550782,1.2323582117094918,1.2378355264663696,458400
1986-05-07,1.2378355183374459,1.248789646331425,1.2159267609016506,1.2214040756225586,1018800
1986-05-08,1.2214040756225586,1.243312331610517,1.1940180034658556,1.2214040756225586,903600
1986-05-09,1.2214035873928455,1.2268803984766796,1.1775860900363535,1.1994948387145996,892800
1986-05-12,1.1994953181867636,1.2214040756225586,1.1940180034658556,1.2214040756225586,458400
1986-05-13,1.2214040756225586,1.22688088889563,1.2104494461807427,1.2214040756225586,331200
1986-05-14,1.2268804417942527,1.2597433152480957,1.2268804417942527,1.2487891912460327,507600
1986-05-15,1.2487890590993418,1.2487890590993418,1.2214035012682933,1.2268803119659424,734400
1986-05-16,1.2268803119659426,1.2268803119659426,1.2104488769777932,1.2268803119659424,648000
1986-05-19,1.2268803119659426,1.2433117469540917,1.2214035012682933,1.2268803119659424,334800
1986-05-20,1.2268806538725807,1.2323579675442464,1.210449214305324,1.2159265279769897,732000
1986-05-21,1.2159267719392073,1.2214040867098355,1.210449457168579,1.210449457168579,477600
1986-05-22,1.215925989605579,1.2706975977279762,1.215925989605579,1.2597429752349854,512400
1986-05-23,1.2652445607032008,1.2817477528151444,1.248741368591257,1.2762470245361328,372000
1986-05-27,1.276247282345152,1.298251207181022,1.2652448162896608,1.2927504777908325,518400
1986-05-28,1.3037526125005674,1.3477609716255985,1.3037526125005674,1.3422602415084839,613200
1986-05-29,1.342259217294668,1.3862675428390503,1.298250388113047,1.3202548027038574,1586400
1986-05-30,1.3202548027038574,1.3477599432144416,1.3147535731468452,1.3202548027038574,451200
1986-06-02,1.3202554583475736,1.3257566906365181,1.2872490718888843,1.2982510328292847,380400
1986-06-03,1.2982510493679094,1.2982510493679094,1.2872490882873535,1.2872490882873535,327600
1986-06-04,1.2872486777988494,1.3092530965805054,1.2707454896219412,1.3092530965805054,820800
1986-06-05,1.3092540379593027,1.3642643690109253,1.298251568838821,1.3642643690109253,992400
1986-06-06,1.3642634019880562,1.3642634019880562,1.3257562982742255,1.3367582559585571,370800
1986-06-09,1.3367583803916414,1.3422596115645629,1.2817475795745847,1.281747579574585,670800
1986-06-10,1.2762470776326709,1.2762470776326709,1.2102343064385237,1.2267374992370605,561600
1986-06-11,1.2267380740173395,1.2432412745483452,1.2212368392944337,1.2377400398254395,374400
1986-06-12,1.2432392357449562,1.254241183510826,1.2432392357449562,1.2487399578094482,940800
1986-06-13,1.2487399578094485,1.2762455826794517,1.2487399578094485,1.2487399578094482,2078400
1986-06-16,1.248741368591257,1.276247024536133,1.2432406403122456,1.2762470245361328,748800
1986-06-17,1.281747855928328,1.2982510493679094,1.281747855928328,1.2872490882873535,721200
1986-06-18,1.2872484215112334,1.2872484215112334,1.259743281238362,1.2652440071105957,417600
1986-06-19,1.2652447395752653,1.2652447395752653,1.2487415451302073,1.2542427778244019,804000
1986-06-20,1.2542420919839437,1.2707452774047852,1.2487408622979133,1.2707452774047852,894000
1986-06-23,1.2597432414648502,1.2597432414648502,1.204732459018713,1.2102336883544922,1680000
1986-06-24,1.2102348660407423,1.2157355970920949,1.1222176292043056,1.193731665611267,3964800
1986-06-25,1.1937305039843729,1.2322375984231724,1.1827280453128144,1.2102336883544922,3608400
1986-06-26,1.210234327504036,1.2267375205898297,1.1827286699360569,1.1992318630218506,1089600
1986-06-27,1.1992321201016947,1.2102345869424829,1.1772281936953024,1.1882301568984985,370800
1986-06-30,1.1882296548762792,1.2047328445273386,1.1662252341290735,1.1717264652252197,1189200
1986-07-01,1.1717266520938356,1.2322381892523921,1.1717266520938356,1.221236228942871,1514400
1986-07-02,1.2212370044334953,1.2212370044334953,1.1717273961456507,1.1827293634414673,2062800
1986-07-03,1.182728942226566,1.1937314092417641,1.1717269788489684,1.1772282123565674,999600
1986-07-07,1.171726942084101,1.171726942084101,1.1332193160143487,1.1442217826843262,1845600
1986-07-08,1.1332195214851133,1.1332195214851133,1.089211157738539,1.111215591430664,2151600
1986-07-09,1.1002127919855564,1.1002127919855564,1.0782088685466114,1.0837095975875854,5378400
1986-07-10,1.0947119226522672,1.2267374609163615,1.0892106906787768,1.221236228942871,15120000
1986-07-11,1.210234075623485,1.2432404549256038,1.1662252341290735,1.1717264652252197,7147200
1986-07-14,1.17172661913368,1.17172661913368,1.1222170436773273,1.1332190036773682,2580000
1986-07-15,1.144221386190981,1.1662253046310123,1.1112150048935239,1.138720154762268,1752000
1986-07-16,1.127718790790339,1.1332195214851133,1.1002131227657637,1.111215591430664,1173600
1986-07-17,1.1112152573425533,1.1167159863835274,1.0782088685466114,1.0837095975875854,5010000
1986-07-18,1.0947115580752056,1.133218658153055,1.050702724218675,1.1222167015075684,2228400
1986-07-21,1.1112155187879287,1.1222174830959293,1.1002130508422852,1.1002130508422852,524400
1986-07-22,1.0947123920709894,1.1332195214851133,1.0947123920709894,1.111215591430664,1675200
1986-07-23,1.1112147448620817,1.149721844939931,1.1112147448620817,1.1222167015075684,4009200
1986-07-24,1.1332192613606145,1.155223690001739,1.1332192613606145,1.1497224569320679,4777200
1986-07-25,1.1387205674679555,1.1662257273053753,1.1387205674679555,1.1607249975204468,3459600
1986-07-28,1.1552237457167192,1.1552237457167192,1.1277185863169445,1.1442217826843262,2520000
1986-07-29,1.1332193160143487,1.1497225123817305,1.1332193160143487,1.1442217826843262,1069200
1986-07-30,1.1387205493493375,1.1497225123817305,1.1277185863169445,1.1442217826843262,3999600
1986-07-31,1.144221386190981,1.144221386190981,1.1332189233335552,1.138720154762268,1096800
1986-08-01,1.138720212025228,1.138720212025228,1.1112150607733289,1.1167157888412476,621600
1986-08-04,1.105713829067975,1.1222170205466016,1.078208677816076,1.1167157888412476,844800
1986-08-05,1.127718210220337,1.1332189380832358,1.1222169787200216,1.127718210220337,824400
1986-08-06,1.1222169787200216,1.1497221289467656,1.1222169787200216,1.127718210220337,1406400
1986-08-07,1.1222169641135396,1.138720154762268,1.1222169641135396,1.138720154762268,780000
1986-08-08,1.1332193160143487,1.160724979051708,1.1332193160143487,1.1442217826843262,1231200
1986-08-11,1.1442211384161205,1.2102338867163331,1.1442211384161205,1.2047326564788818,1593600
1986-08-12,1.215735316725285,1.215735316725285,1.1772281936953024,1.1882301568984985,2065200
1986-08-13,1.1882294694038285,1.2157346133164835,1.1827282391663771,1.2047326564788818,2763600
1986-08-14,1.1992318630218506,1.2047330952629431,1.1882299021771494,1.1992318630218506,1830000
1986-08-15,1.2102342686333498,1.221236228942871,1.193731076350338,1.221236228942871,662400
1986-08-18,1.1992318046863686,1.221236228942871,1.1882298443768475,1.221236228942871,738000
1986-08-19,1.221235843553935,1.221235843553935,1.1882294694038285,1.2047326564788818,276000
1986-08-20,1.193731665611267,1.193731665611267,1.1717272304927309,1.193731665611267,397200
1986-08-21,1.1937313903188926,1.1937313903188926,1.166225726854514,1.1882301568984985,2132400
1986-08-22,1.188230430922206,1.19923239666262,1.1772284651817921,1.193731665611267,1221600
1986-08-25,1.1495190858840942,1.1882044813625896,1.1495190858840942,1.1495190858840942,762000
1986-08-26,1.1439922844812696,1.182678182564568,1.1439922844812696,1.171624779701233,1170000
1986-08-27,1.1605723640497991,1.1660990677731686,1.1274131536483765,1.1274131536483765,704400
1986-08-28,1.127413058626479,1.1495193656873712,1.127413058626479,1.1439926624298096,1419600
1986-08-29,1.1495188377510137,1.1660984339398786,1.1495188377510137,1.1550450325012207,1620000
1986-09-02,1.1550450325012207,1.1882042248789506,1.1495188377510137,1.1550450325012207,2802000
1986-09-03,1.155045427861976,1.1660988330841064,1.1329396293563054,1.1660988330841064,1528800
1986-09-04,1.1660984269614167,1.1771513223648071,1.1384654294992622,1.1771513223648071,2054400
1986-09-05,1.1882046315897772,1.1937313342008424,1.1495192312202058,1.1660988330841064,1461600
1986-09-08,1.1716246216785524,1.1882042177681977,1.1495188308717716,1.1771513223648071,429600
1986-09-09,1.193731427192688,1.215837733389738,1.1771518240372338,1.193731427192688,974400
1986-09-10,1.1882047241510918,1.215837733389738,1.1771518240372338,1.193731427192688,1670400
1986-09-11,1.1937309619798575,1.1937309619798575,1.088726680927102,1.0997800827026367,1734000
1986-09-12,1.0942534492129372,1.1053063457001127,1.0058287594080275,1.0445146560668945,1726800
1986-09-15,1.0721470604091223,1.0887266567348775,1.050041269287533,1.0610941648483276,1569600
1986-09-16,1.061094470638703,1.077674071742433,1.0445148695349733,1.0721473693847656,933600
1986-09-17,1.0610938794685132,1.1108326550685999,1.0610938794685132,1.0942530632019043,939600
1986-09-18,1.0832001706137706,1.0997797624804662,1.066620578747075,1.0942530632019043,807600
1986-09-19,1.0832008123397825,1.0832008123397825,1.0721474072342354,1.0832008123397827,1160400
1986-09-22,1.0721470999120897,1.0776738008806799,1.0500413079760185,1.0555675029754639,2019600
1986-09-23,1.05556755255407,1.05556755255407,1.022408357123375,1.0445146560668945,824400
1986-09-24,1.05556755255407,1.05556755255407,1.0389879548387226,1.0445146560668945,540000
1986-09-25,1.0445146560668945,1.0500413572950666,1.022408357123375,1.0445146560668945,771600
1986-09-26,1.0445149886992668,1.0500416916874522,1.0168824856969993,1.0279353857040405,523200
1986-09-29,1.0389878527608265,1.0445145534460143,1.011355361273125,1.016882061958313,855600
1986-09-30,1.0168822208434591,1.0389880150999444,1.0058288177460186,1.0113555192947388,972000
1986-10-01,1.0113554520267305,1.072147141142441,1.0113554520267305,1.066620945930481,985200
1986-10-02,1.0776738423235652,1.0776738423235652,1.0610942447493565,1.066620945930481,547200
1986-10-03,1.066620945930481,1.0776738423235652,1.066620945930481,1.066620945930481,558000
1986-10-06,1.0555675029754639,1.0997800987858959,1.0445146070074283,1.0555675029754639,404400
1986-10-07,1.0500413079760185,1.0721470999120897,1.0500413079760185,1.0555675029754639,555600
1986-10-08,1.050041300140583,1.0776737928390503,1.050041300140583,1.0776737928390503,481200
1986-10-09,1.0721467449288289,1.083200143206276,1.0445142611731661,1.0500409603118896,896400
1986-10-10,1.050041269287533,1.0610941648483276,1.050041269287533,1.0610941648483276,858000
1986-10-13,1.0666209049126443,1.0721470999120897,1.0500413079760185,1.0555675029754639,249600
1986-10-14,1.0610940504835495,1.0610940504835495,1.0389877557754517,1.0389877557754517,709200
1986-10-15,1.0500409868803795,1.1108326550685999,1.0389875883232558,1.0942530632019043,1838400
1986-10-16,1.0997800827026367,1.132939276090966,1.0832004860084719,1.0997800827026367,1395600
1986-10-17,1.0997800827026367,1.0997800827026367,1.088726680927102,1.0997800827026367,511200
1986-10-20,1.0887269704884954,1.0887269704884954,1.061094470638703,1.0721473693847656,598800
1986-10-21,1.0721467720566469,1.0942530632019043,1.027934695735122,1.0942530632019043,3901200
1986-10-22,1.0887269835132145,1.1108332872390747,1.083200787058708,1.1108332872390747,547200
1986-10-23,1.105306386397971,1.182678182564568,1.105306386397971,1.171624779701233,2121600
1986-10-24,1.1716250297258766,1.1882046315897772,1.1660988330841064,1.1660988330841064,1160400
1986-10-27,1.171625166778909,1.171625166778909,1.1439926624298096,1.1439926624298096,608400
1986-10-28,1.1439925286091406,1.1660988330841064,1.1384658259980753,1.1660988330841064,610800
1986-10-29,1.166099218571003,1.2158380406052716,1.166099218571003,1.204784631729126,1934400
1986-10-30,1.2103105145440975,1.2324168113199974,1.1771513223648071,1.1771513223648071,1496400
1986-10-31,1.18267852707883,1.193731427192688,1.1716251209956376,1.193731427192688,698400
1986-11-03,1.1937310794587161,1.1937310794587161,1.1550451813754175,1.171624779701233,594000
1986-11-04,1.171624847850508,1.2103107481840285,1.171624847850508,1.1992578506469727,2118000
1986-11-05,1.2047836737139634,1.226889967918396,1.1771511854352177,1.226889967918396,1189200
1986-11-06,1.2379433982566697,1.3042618036270142,1.2324172017886605,1.3042618036270142,1546800
1986-11-07,1.2876821870030135,1.2932088893747147,1.2655763894547563,1.282155990600586,1311600
1986-11-10,1.2821555192912888,1.2821555192912888,1.2600492238998413,1.2600492238998413,1353600
1986-11-11,1.2600494128583046,1.282155711564838,1.2545227116893805,1.2711023092269897,670800
1986-11-12,1.2821563457533678,1.287682543686533,1.232417528538402,1.2434704303741455,1036800
1986-11-13,1.2489970691298269,1.2489970691298269,1.2268907606419777,1.2324174642562866,1108800
1986-11-14,1.2213631134384755,1.2213631134384755,1.20478352137384,1.2103102207183838,706800
1986-11-17,1.2047590017318726,1.22696619895106,1.1881033496724005,1.2047590017318726,1922400
1986-11-18,1.199207036853393,1.2158626901430234,1.1825513835637624,1.188103437423706,5133600
1986-11-19,1.1881034382482234,1.1936549838218191,1.17699933052063,1.1769993305206299,5218800
1986-11-20,1.1825512112633152,1.221414566040039,1.1769991582123185,1.221414566040039,4819200
1986-11-21,1.2214142270508928,1.3268996477127073,1.2214142270508928,1.3268996477127075,7965600
1986-11-24,1.3157964623891392,1.3269000605741894,1.2769331063062475,1.2991408109664917,2214000
1986-11-25,1.2880371801917374,1.2880371801917374,1.2547258781892798,1.2769330739974976,694800
1986-11-26,1.2658294760933888,1.2769330739974978,1.2547258781892798,1.2769330739974976,532800
1986-11-28,1.2713814640130374,1.276933008535426,1.2269660580932993,1.2547258138656616,451200
1986-12-01,1.22141477520654,1.2658296823501587,1.2103106672029753,1.2658296823501587,1717200
1986-12-02,1.2658296818023174,1.288037389509622,1.2658296818023174,1.2713817358016968,1555200
1986-12-03,1.2824853355102426,1.2824853355102426,1.2547260820937716,1.2713817358016968,1509600
1986-12-04,1.2824851595438445,1.3324521138117864,1.2769331063062475,1.2991408109664917,3866400
1986-12-05,1.2991409892181678,1.3102445889267136,1.2713817358016968,1.2713817358016968,2763600
1986-12-08,1.2713817358016968,1.288037389509622,1.2658296818023174,1.2713817358016968,842400
1986-12-09,1.2880372127814415,1.2991408109664917,1.271381561358794,1.2991408109664917,1177200
1986-12-10,1.3046932220458987,1.3157968232763644,1.2880375660550585,1.3046932220458984,1718400
1986-12-11,1.2935891394734687,1.3213489055633545,1.2880375928877261,1.3213489055633545,1584000
1986-12-12,1.3213490286560634,1.3213490286560634,1.2991413153734128,1.3102449178695679,1216800
1986-12-15,1.2991409892181678,1.2991409892181678,1.2491740280943922,1.2713817358016968,1134000
1986-12-16,1.2713821204278093,1.2824857234954834,1.2602780090697683,1.2824857234954834,1485600
1986-12-17,1.2713820005613403,1.3157969169349453,1.2713820005613403,1.288037657737732,1689600
1986-12-18,1.276932988420655,1.3102442881906728,1.276932988420655,1.293588638305664,1509600
1986-12-19,1.2935891394734687,1.3213489055633545,1.2769334831356545,1.3213489055633545,1966800
1986-12-22,1.3102449178695676,1.3102449178695676,1.2824856574840102,1.3102449178695679,742800
1986-12-23,1.2991407780958464,1.3046928311929662,1.2713815291905086,1.2769330739974976,1519200
1986-12-24,1.265829411200544,1.276933008535426,1.2547258138656618,1.2547258138656616,1539600
1986-12-26,1.260277840316215,1.260277840316215,1.2436221837997437,1.2436221837997437,303600
1986-12-29,1.2436227163798321,1.2491747736930847,1.1992077827453613,1.1992077827453613,628800
1986-12-30,1.2103108441323458,1.2380706099091074,1.1992072427958138,1.2269665002822876,639600
1986-12-31,1.2325185550956976,1.2325185550956976,1.2214149537591656,1.2269665002822876,595200
1987-01-02,1.2380702271880508,1.2769330739974978,1.2380702271880508,1.2769330739974976,340800
1987-01-05,1.2658294760933888,1.2769330739974978,1.2547258781892798,1.2769330739974976,1560000
1987-01-06,1.2658296823501587,1.2824853360652924,1.2658296823501587,1.2658296823501587,3630000
1987-01-07,1.2547258138656618,1.265829411200544,1.2380701637182863,1.2547258138656616,812400
1987-01-08,1.26582994540577,1.310244861779375,1.26582994540577,1.288037657737732,4400400
1987-01-09,1.2769344333310162,1.354661226272583,1.2602787645993478,1.354661226272583,3496800
1987-01-12,1.3546602093548101,1.3879715218119753,1.3546602093548101,1.382419466972351,1802400
1987-01-13,1.3879718090633104,1.415731072425842,1.3824197530746458,1.4157310724258423,1640400
1987-01-14,1.410178304252241,1.421282410621643,1.404626759357679,1.421282410621643,1590000
1987-01-15,1.4212817326491394,1.4490409687507986,1.415729682112849,1.4323853254318237,2208000
1987-01-16,1.443490037047057,1.443490037047057,1.3546602093548101,1.382419466972351,3090000
1987-01-19,1.3713158669658823,1.3824194683660345,1.360211757275439,1.376867413520813,1148400
1987-01-20,1.3824194683660345,1.3879715232112562,1.3546602107205084,1.376867413520813,1764000
1987-01-21,1.3713158655833928,1.4212828342691404,1.3657638107437686,1.382419466972351,1653600
1987-01-22,1.3935226529882772,1.437938061885607,1.382419054909014,1.421282410621643,1046400
1987-01-23,1.4379386901855469,1.5600798472968098,1.4212830316439782,1.4379386901855469,2910000
1987-01-26,1.4601455029402246,1.521216573344379,1.4545939571145554,1.4768011569976807,1228800
1987-01-27,1.4823532097898218,1.510112463764051,1.4823532097898218,1.4879052639007568,994800
1987-01-28,1.493457075637788,1.5212168428449842,1.471249871820408,1.504561185836792,1635600
1987-01-29,1.504560589236765,1.504560589236765,1.4879049388330006,1.4990085363388062,1129200
1987-01-30,1.4934563636779783,1.5045604685834388,1.4656971179944707,1.4934563636779785,619200
1987-02-02,1.504561500214591,1.504561500214591,1.4545945187494247,1.4656981229782104,846000
1987-02-03,1.4768010962718694,1.5045608574196352,1.4490418434143066,1.4490418434143066,1278000
1987-02-04,1.460145182633318,1.4990085363388062,1.4490415851275127,1.4990085363388062,709200
1987-02-05,1.4879058397262022,1.504561500214591,1.4545945187494247,1.4656981229782104,722400
1987-02-06,1.465697557056118,1.4934568110551365,1.465697557056118,1.4768011569976807,910800
1987-02-09,1.4823532111135738,1.4934568110551365,1.4712496111720113,1.4768011569976807,612000
1987-02-10,1.476800681284617,1.4934563299768875,1.4656970849197903,1.4823527336120605,1546800
1987-02-11,1.4934564834408472,1.5267677842483762,1.4934564834408472,1.4990085363388062,2055600
1987-02-12,1.51011273264598,1.5212168428449842,1.504561185836792,1.504561185836792,1498800
1987-02-13,1.5156645178838242,1.548975825969183,1.5101124637728565,1.5434237718582153,1288800
1987-02-17,1.5323206163597116,1.5489762752331866,1.5323206163597116,1.5378726720809937,1569600
1987-02-18,1.5378729136414024,1.5434244619443194,1.5101131389650142,1.5323208570480347,1374000
1987-02-19,1.5267682075500488,1.5378723164246189,1.5101125525284476,1.5267682075500488,999600
1987-02-20,1.532320261987334,1.532320261987334,1.5101125525284476,1.5267682075500488,469200
1987-02-23,1.4939905405044558,1.521863325052737,1.432669699981577,1.4939905405044556,1268400
1987-02-24,1.493990359250255,1.5051393696431365,1.4828408384883927,1.4884155988693237,510000
1987-02-25,1.488414719404289,1.533011244993884,1.471690958512106,1.47726571559906,841200
1987-02-26,1.4828412177196035,1.4939907413329159,1.4438194161803453,1.4716922044754028,1255200
1987-02-27,1.471690419076503,1.488414173838736,1.4493919092706948,1.45496666431427,981600
1987-03-02,1.4382438239686104,1.4549675893635943,1.4270948171615603,1.42709481716156,1518000
1987-03-03,1.4270948171615603,1.4326690653806768,1.415945299985693,1.42709481716156,1982400
1987-03-04,1.4326695261669546,1.493990359250255,1.4326695261669546,1.4884155988693237,1165200
1987-03-05,1.4995636404375547,1.5162874004066302,1.4884146372477216,1.5051383972167969,1636800
1987-03-06,1.4995648644946578,1.5162886381149294,1.4995648644946578,1.5162886381149292,1160400
1987-03-09,1.5162874004066302,1.5162874004066302,1.4884146372477216,1.5051383972167969,482400
1987-03-10,1.4939893940269637,1.505138397216797,1.4884146372477216,1.5051383972167969,888000
1987-03-11,1.5162874004066302,1.5218621571858726,1.471690877278646,1.5051383972167969,1418400
1987-03-12,1.4995648644946578,1.5385871730649807,1.4995648644946578,1.5162886381149292,1608000
1987-03-13,1.516287694363013,1.5274372100830078,1.516287694363013,1.5274372100830078,897600
1987-03-16,1.5274381607744891,1.5274381607744891,1.5051396258244376,1.5162886381149292,2072400
1987-03-17,1.5051399319019392,1.560886025428772,1.5051399319019392,1.560886025428772,4186800
1987-03-18,1.5720350399864698,1.5831840545441676,1.5553112629653372,1.560886025428772,2077200
1987-03-19,1.5553109430252239,1.5943332515037176,1.5553109430252239,1.5720347166061401,3276000
1987-03-20,1.5887583086411399,1.6668024063110352,1.5831835479615015,1.6668024063110352,1921200
1987-03-23,1.6500783593376886,1.733697203736033,1.6389293502075506,1.6556531190872192,1458000
1987-03-24,1.6500788131838635,1.672377347946167,1.6500788131838635,1.672377347946167,736800
1987-03-25,1.677952266555588,1.716974068087015,1.677952266555588,1.6946760416030884,2116800
1987-03-26,1.6946760416030886,1.7058250548450518,1.689101279797551,1.6946760416030884,402000
1987-03-27,1.6891011214256286,1.6946758827084705,1.672377347946167,1.672377347946167,567600
1987-03-30,1.6612272472567073,1.6612272472567073,1.6277797222137451,1.6277797222137451,2931600
1987-03-31,1.6389285600602672,1.6835250854492188,1.6389285600602672,1.6835250854492188,783600
1987-04-01,1.6612281560004052,1.6723771669906735,1.6445043843304985,1.6668024063110352,1039200
1987-04-02,1.6668015832358452,1.689100104574266,1.644503572266181,1.6500778198242188,1018800
1987-04-03,1.6389289542514136,1.6500779606880136,1.6333541958487134,1.6445037126541138,1297200
1987-04-06,1.6500783593376886,1.66122787883675,1.6445041099570812,1.6556531190872192,968400
1987-04-07,1.6500786346411285,1.6723771669906735,1.6500786346411285,1.6668024063110352,1393200
1987-04-08,1.6556527190907138,1.672376483930014,1.6389289542514136,1.6445037126541138,2037600
1987-04-09,1.644502867850728,1.644502867850728,1.6166296005249026,1.6166296005249023,1254000
1987-04-10,1.6166308326293146,1.6222055924169534,1.5943328142166138,1.5943328142166138,1353600
1987-04-13,1.5887572847573872,1.5943320418443414,1.4605419547068772,1.47726571559906,942000
1987-04-14,1.4884159795262597,1.4884159795262597,1.4270956411294884,1.4716922044754028,2229600
1987-04-15,1.4828413005985521,1.533012628555298,1.471692286731211,1.5330126285552979,1750800
1987-04-16,1.5330118418767655,1.5553103685379028,1.5274375929881399,1.5553103685379028,565200
1987-04-20,1.5553110091240854,1.5553110091240854,1.5051396862491149,1.5218634605407715,625200
1987-04-21,1.51628863454673,1.5720347166061401,1.477266836437303,1.5720347166061401,1064400
1987-04-22,1.5720347166061401,1.5999075024513119,1.5664599552894791,1.5720347166061401,787200
1987-04-23,1.5720330873195347,1.6277791116026479,1.566458331780662,1.6166296005249023,1716000
1987-04-24,1.6054812021800398,1.6110559598105192,1.5999064445495603,1.5999064445495605,829200
1987-04-27,1.5831837288703956,1.5999075024513119,1.5274381571800522,1.5720347166061401,1976400
1987-04-28,1.5943328253157387,1.5943328253157387,1.5608852870949117,1.5664595365524292,920400
1987-04-29,1.5887579033451695,1.5943326626026735,1.5553103685379028,1.5553103685379028,535200
1987-04-30,1.5664599552894791,1.5720347166061401,1.5441619307609684,1.5720347166061401,721200
1987-05-01,1.5720347834157422,1.5720347834157422,1.5051396862491149,1.5218634605407715,2678400
1987-05-04,1.5274383524752835,1.5330126041355905,1.460543249598543,1.46611750125885,1400400
1987-05-05,1.4828410873848972,1.5720347166061401,1.4828410873848972,1.5720347166061401,1308000
1987-05-06,1.5720351867981301,1.5776099497821896,1.5385876296322125,1.544162392616272,1826400
1987-05-07,1.5441608036907224,1.5831825733184814,1.5385860464430308,1.5831825733184814,686400
1987-05-08,1.5831826820268518,1.6166302070722691,1.5831826820268518,1.5999064445495605,632400
1987-05-11,1.6054824472722626,1.6612285357033691,1.5776096582412722,1.577609658241272,802800
1987-05-12,1.5720350399864698,1.5943335794710372,1.5385874859442044,1.560886025428772,620400
1987-05-13,1.5497357448468156,1.5608852643371511,1.4939901888708293,1.5385867357254028,740400
1987-05-14,1.5385862154342524,1.5385862154342524,1.516287694363013,1.5274372100830078,501600
1987-05-15,1.5330111603757057,1.5497349203447812,1.505138397216797,1.5051383972167969,1078800
1987-05-18,1.4939905405044558,1.4995647911926862,1.460542994898901,1.4939905405044556,981600
1987-05-19,1.4939898787414956,1.4939898787414956,1.4270948171615603,1.42709481716156,1206000
1987-05-20,1.4103712970307276,1.4270950653339818,1.3992217779159546,1.3992217779159546,862800
1987-05-21,1.4103719690981278,1.4493937734877027,1.4103719690981278,1.432669997215271,1141200
1987-05-22,1.4333418607711792,1.4613366447844631,1.422143537083519,1.4333418607711792,284400
1987-05-26,1.4445398476990787,1.4837329601709828,1.4445398476990787,1.4781337976455688,500400
1987-05-27,1.4781331825246924,1.500529310703267,1.4725340223293533,1.4837323427200317,466800
1987-05-28,1.4949305928376808,1.5341237005962012,1.483732781736504,1.5229253768920898,520800
1987-05-29,1.5285246039047082,1.556519389152527,1.5285246039047082,1.5565193891525269,709200
1987-06-01,1.55092160753991,1.5621194253845965,1.5341246244712583,1.53972327709198,462000
1987-06-02,1.5285238396731906,1.5397216456530467,1.5005290684222006,1.5061277151107788,608400
1987-06-03,1.5117266514256587,1.5229244557538628,1.483731884303836,1.489330530166626,1179600
1987-06-04,1.4949299091309227,1.5117268744020567,1.4725337845685107,1.5061277151107788,668400
1987-06-05,1.5005288470974545,1.517325809891073,1.489330530166626,1.489330530166626,597600
1987-06-08,1.500528695407613,1.534122617598809,1.4837317343120149,1.5117264986038208,410400
1987-06-09,1.5117268744020567,1.5173260336933347,1.4837321031510666,1.5061277151107788,1310400
1987-06-10,1.5005297546897363,1.5397223498453223,1.4949305928376808,1.5229253768920898,1334400
1987-06-11,1.5229243018000285,1.5229243018000285,1.4837317343120149,1.5117264986038208,1540800
1987-06-12,1.5173262357711792,1.5229248832053863,1.5061279156972285,1.5173262357711792,381600
1987-06-15,1.5229239156629861,1.5341222286224365,1.5117261153059782,1.5341222286224365,754800
1987-06-16,1.545321800389281,1.5621187764804687,1.528524824298093,1.5509209632873535,859200
1987-06-17,1.5509206262197595,1.562118436979211,1.5341236537791227,1.5453214645385742,541200
1987-06-18,1.5453210851197603,1.5621180534362793,1.539721924813323,1.5621180534362793,523200
1987-06-19,1.5677172137427167,1.5677172137427167,1.5509202454261974,1.5621180534362793,1098000
1987-06-22,1.5509212778825772,1.590113888309985,1.5341242983842212,1.578916072845459,1029600
1987-06-23,1.590113386794114,1.590113386794114,1.5677177629285588,1.5845147371292114,1459200
1987-06-24,1.5733156204223633,1.584513939319712,1.5733156204223633,1.5733156204223633,615600
1987-06-25,1.5733167367777763,1.606910692101167,1.5677180859592632,1.6013120412826538,746400
1987-06-26,1.5901137144394717,1.6013120412826538,1.5789159001993673,1.6013120412826538,721200
1987-06-29,1.590113386794114,1.590113386794114,1.5677177629285588,1.5845147371292114,651600
1987-06-30,1.5677177906036377,1.5677177906036377,1.5509208161064667,1.5677177906036377,1807200
1987-07-01,1.5677177906036377,1.5789156027340914,1.5621186282369202,1.5677177906036377,796800
1987-07-02,1.573316589673584,1.573316589673584,1.5509209632873537,1.5509209632873535,784800
1987-07-06,1.5509209632873537,1.5621187764804687,1.5341239871961658,1.5509209632873535,792000
1987-07-07,1.55092160753991,1.5621194253845965,1.53972327709198,1.53972327709198,655200
1987-07-08,1.545321800389281,1.5621187764804687,1.545321800389281,1.5509209632873535,1074000
1987-07-09,1.5509209632873537,1.5677179393785414,1.545321800389281,1.5509209632873535,805200
1987-07-10,1.5621185512432731,1.5677177133340194,1.5509207396647369,1.5565193891525269,1186800
1987-07-13,1.5565194658702026,1.5677177906036377,1.5509208161064667,1.5677177906036377,1368000
1987-07-14,1.5733158614463612,1.5845141820592359,1.5509202454261974,1.5621180534362793,835200
1987-07-15,1.5509208944264512,1.5565195444729136,1.5117277810861776,1.5285247564315796,1545600
1987-07-16,1.5229239156629861,1.5565178293364523,1.5229239156629861,1.5341222286224365,1251600
1987-07-17,1.539721924813323,1.5621180534362793,1.539721924813323,1.5621180534362793,673200
1987-07-20,1.556518818221702,1.556518818221702,1.5173262357711792,1.5173262357711792,835200
1987-07-21,1.5117268744020567,1.5397216456530467,1.5061277151107788,1.5061277151107788,783600
1987-07-22,1.511727565790913,1.5341237005962012,1.511727565790913,1.5229253768920898,512400
1987-07-23,1.5285240432423617,1.534123203279337,1.5117270757342038,1.5173262357711792,633600
1987-07-24,1.5061283162014274,1.5285244497020594,1.4837326953036998,1.4949305057525635,786000
1987-07-27,1.4781325764126247,1.5117264986038208,1.4725334185132346,1.5117264986038208,1075200
1987-07-28,1.5173260336933347,1.5173260336933347,1.4837321031510666,1.5061277151107788,283200
1987-07-29,1.5061283162014274,1.5061283162014274,1.4725343722519315,1.4949305057525635,2216400
1987-07-30,1.4781331825246924,1.4893309903125884,1.4669353747367966,1.4837323427200317,2148000
1987-07-31,1.4837323007548635,1.5173262357711792,1.4781331407178881,1.5173262357711792,1395600
1987-08-03,1.5229243018000285,1.5285234596994186,1.5117264986038208,1.5117264986038208,1281600
1987-08-04,1.5173269437356474,1.5397225691275118,1.5173269437356474,1.5285247564315796,940800
1987-08-05,1.5397223028573892,1.5509206262197595,1.5285244920979375,1.5453214645385742,1791600
1987-08-06,1.5509202454261974,1.5677172137427167,1.5229249564968037,1.5621180534362793,1050000
1987-08-07,1.5509208161064667,1.5789156027340914,1.545321653739749,1.5677177906036377,1204800
1987-08-10,1.5677182573809332,1.578916072845459,1.556519929313273,1.578916072845459,984000
1987-08-11,1.556518752558111,1.5901126861572266,1.5509201053600894,1.5901126861572266,1948800
1987-08-12,1.573316589673584,1.5845149154697293,1.5341239871961658,1.5509209632873535,2653200
1987-08-13,1.5453224423159448,1.578916408453248,1.53972327709198,1.53972327709198,997200
1987-08-14,1.5285251343503912,1.601312216377645,1.5229259703165612,1.578916072845459,3534000
1987-08-17,1.5789155413707097,1.6125094890594482,1.5789155413707097,1.6125094890594482,884400
1987-08-18,1.6125090316622563,1.6125090316622563,1.573315932941749,1.6069098711013794,943200
1987-08-19,1.5957120656967163,1.5957120656967163,1.584514257155924,1.5957120656967163,1710000
1987-08-20,1.590113386794114,1.6181086855305165,1.5845147371292114,1.5845147371292114,1852800
1987-08-21,1.5957117456143466,1.6125087113576555,1.5565186546790544,1.5733156204223633,1136400
1987-08-24,1.529019832611084,1.5739913523069478,1.5177772100142546,1.529019832611084,1795200
1987-08-25,1.540263061586262,1.5515056848525999,1.5290199236656203,1.5515056848526,4462800
1987-08-26,1.562748308118938,1.5683698770792587,1.5458841158922791,1.5515056848526,772800
1987-08-27,1.5571271610845672,1.5571271610845672,1.529019832611084,1.529019832611084,1423200
1987-08-28,1.5290200540572927,1.5458842477220949,1.5065348056071213,1.5346416234970093,482400
1987-08-31,1.5233982801437378,1.5346408990616858,1.4952909608677103,1.5233982801437378,825600
1987-09-01,1.5233987948734218,1.5346414175900547,1.484048843383789,1.484048843383789,1576800
1987-09-02,1.4840492186512786,1.4840492186512786,1.4503208273182948,1.4784276485443115,1959600
1987-09-03,1.4840488326683472,1.5177772152289914,1.4840488326683472,1.5009130239486694,594000
1987-09-04,1.5121554071893608,1.517776974944256,1.4559417882571841,1.4728059768676758,674400
1987-09-08,1.4615625044717848,1.472805637390064,1.4334557014842364,1.4503198862075806,1918800
1987-09-09,1.4503201316384706,1.461562751805211,1.433455944061279,1.4334559440612793,1593600
1987-09-10,1.444698652747394,1.4840485977232725,1.444698652747394,1.4728059768676758,652800
1987-09-11,1.4840479022202917,1.5009120829273406,1.4840479022202917,1.4952905178070068,1548000
1987-09-14,1.4952912105028988,1.5009127782274323,1.4615628334640802,1.4896701574325562,994800
1987-09-15,1.4896698178912127,1.4896698178912127,1.4615625003292545,1.467184066772461,699600
1987-09-16,1.4615625003292545,1.4952908696803455,1.4615625003292545,1.467184066772461,488400
1987-09-17,1.4728061055965715,1.4728061055965715,1.4503203472658435,1.455941915512085,483600
1987-09-18,1.45594145266672,1.4615625044717848,1.4446983197484409,1.4503198862075806,1654800
1987-09-21,1.4615625044717848,1.4840482556542685,1.4503198862075803,1.4503198862075806,973200
1987-09-22,1.4559420187525687,1.5009130239486694,1.433456258827381,1.5009130239486694,669600
1987-09-23,1.5009127863337641,1.5009127863337641,1.4615628413578856,1.4728059768676758,1120800
1987-09-24,1.461562751805211,1.4671843192156622,1.427834376650828,1.4334559440612793,3754800
1987-09-25,1.439077267943376,1.4671840709309243,1.4334557014842364,1.4503198862075806,3712800
1987-09-28,1.4615629691040883,1.478427159188575,1.4503203472658435,1.455941915512085,1012800
1987-09-29,1.4671840683674378,1.5177766224490734,1.4559414501228767,1.5121550559997559,1057200
1987-09-30,1.5177767133577114,1.5402624658477122,1.512155146571685,1.5233982801437378,1630800
1987-10-01,1.5290199283925465,1.5627483129501343,1.5290199283925465,1.5627483129501343,751200
1987-10-02,1.5627489273406092,1.5627489273406092,1.5290205295227939,1.5458847284317017,1342800
1987-10-05,1.5290200540572927,1.5346416234970093,1.5009132361674047,1.5346416234970093,438000
1987-10-06,1.523397576610538,1.5346401903364393,1.517776012420654,1.5177760124206543,658800
1987-10-07,1.506534592593535,1.5177772152289914,1.467184641388025,1.5009130239486694,2259600
1987-10-08,1.4896701654781674,1.4952912185788692,1.450320220502289,1.4728059768676758,823200
1987-10-09,1.484048843383789,1.495291466100422,1.4728062206671564,1.484048843383789,820800
1987-10-12,1.484048589708023,1.4952912105028988,1.4446986449446708,1.4896701574325562,627600
1987-10-13,1.4952905178070068,1.5009120829273406,1.455941105926528,1.4952905178070068,1341600
1987-10-14,1.4952913492730613,1.4952913492730613,1.4446987790196018,1.455941915512085,729600
1987-10-15,1.4390777349472046,1.4952913591645247,1.4222135447511601,1.4390777349472046,1617600
1987-10-16,1.4334565719118548,1.4503207668755236,1.3941066121118317,1.4109708070755005,1382400
1987-10-19,1.3491348894706556,1.3491348894706556,1.1242789030075073,1.1242789030075073,4575600
1987-10-20,1.1017941035312,1.2310860770590166,1.084929910694775,1.146765112876892,5443200
1987-10-21,1.1692509553374204,1.2142219677777357,1.1523867613405074,1.1973577737808228,4771200
1987-10-22,1.1692500369657715,1.1692500369657715,1.0793075680748803,1.141142725944519,3700800
1987-10-23,1.1017941112597585,1.1299009279661818,1.0905509728537284,1.1186583042144775,2245200
1987-10-26,1.0230939240483303,1.034337059410459,0.9893655472703174,1.0006086826324463,1791600
1987-10-27,1.000608792171447,1.0399582262840128,1.000608792171447,1.0174729824066162,2572800
1987-10-28,1.0006084541704088,1.039957874990917,0.9781227032343546,1.0118510723114014,1364400
1987-10-29,1.0230941443971673,1.0568225284394288,1.0174730901596554,1.0343372821807861,1246800
1987-10-30,1.0680658249651935,1.0680658249651935,1.0230942964553833,1.0230942964553833,2563200
1987-11-02,1.0230940386117358,1.0624439874771179,1.0230940386117358,1.056822419166565,2743200
1987-11-03,1.0624438373756269,1.0680654048919678,1.0343370291022653,1.0680654048919678,1182000
1987-11-04,1.051201548201513,1.1523867074512522,1.0455799789139717,1.1130367517471313,944400
1987-11-05,1.101793965329069,1.247950113360399,1.101793965329069,1.2086001634597778,1536000
1987-11-06,1.1973582515400147,1.2310866529918463,1.1017946189780137,1.1074156761169434,644400
1987-11-09,1.1017943970256852,1.1017943970256852,1.0793086290359497,1.0793086290359497,1762800
1987-11-10,1.073687274665112,1.124279876842859,1.0568230739391962,1.1074156761169434,1453200
1987-11-11,1.124279350876885,1.2029792605497491,1.124279350876885,1.146765112876892,904800
1987-11-12,1.14676474833834,1.1636289358139038,1.14676474833834,1.1636289358139038,1264800
1987-11-13,1.1523869037628174,1.1636295295987713,1.1467653335176295,1.1523869037628174,362400
1987-11-16,1.1474123289233147,1.1813259989159401,1.0908898905899636,1.130455493927002,458400
1987-11-17,1.130455505479736,1.130455505479736,1.08523745085464,1.107846736907959,1164000
1987-11-18,1.0965412076872834,1.1530641317367554,1.0795843822205664,1.1530641317367554,415200
1987-11-19,1.14176018804908,1.1474121203661805,1.0852372425079753,1.0908896923065186,1369200
1987-11-20,1.0795848410723718,1.090889741175892,1.0626280083985573,1.0682804584503174,1038000
1987-11-23,1.0739327858258798,1.0795847177505493,1.0626278870137271,1.0795847177505493,973200
1987-11-24,1.0908898343771511,1.096541767430324,1.0682805497199297,1.0852373838424683,826800
1987-11-25,1.079584693576289,1.1021939732129162,1.079584693576289,1.0965415239334106,338400
1987-11-27,1.0908895231959321,1.0908895231959321,1.0400190353393555,1.0400190353393555,590400
1987-11-30,1.0061056239909336,1.0061056239909336,0.9156690064187124,0.9552351236343384,1304400
1987-12-01,0.9665397683094288,0.994800992549746,0.9665397683094288,0.9834966063499451,2200800
1987-12-02,0.9948003089253473,1.0287139617009986,0.9891483784502547,1.0004527568817139,817200
1987-12-03,0.994800992549746,1.0004534443904614,0.9608873164687134,0.9834966063499451,1254000
1987-12-04,0.9891489449589724,0.9891489449589724,0.9100166981740496,0.9382784366607666,1158000
1987-12-07,0.943930767675742,0.960887610912323,0.943930767675742,0.960887610912323,866400
1987-12-08,0.9721917164830712,1.051323413848877,0.9665392675707417,1.051323413848877,1042800
1987-12-09,1.0400189150378594,1.096541327797286,1.0400189150378594,1.0626276731491089,751200
1987-12-10,1.0400190335055794,1.102193901615758,1.0287141356809204,1.051323413848877,592800
1987-12-11,1.0513237155973911,1.0908898343771511,1.0513237155973911,1.0852373838424683,1174800
1987-12-14,1.079584764409171,1.130455258818212,1.0739328322402302,1.1191508769989014,1326000
1987-12-15,1.130455212022336,1.1756737723905866,1.1248032800873604,1.1417601108551025,1292400
1987-12-16,1.1361083984375,1.164369628889792,1.107847167985208,1.1361083984375,937200
1987-12-17,1.1304552884519934,1.1474121203661805,1.0908896923065186,1.0908896923065186,819600
1987-12-18,1.0908898365996933,1.1700215568389236,1.0908898365996933,1.1643691062927246,1430400
1987-12-21,1.1643689217575726,1.1700213714079424,1.1191508769989014,1.1191508769989014,1404000
1987-12-22,1.1191511097566391,1.130455493927002,1.0852374397640137,1.130455493927002,2346000
1987-12-23,1.141760556489055,1.1643693280160712,1.136108104866496,1.158717393875122,544800
1987-12-24,1.1474116840874344,1.1643685095541514,1.1134980331540003,1.1530641317367554,702000
1987-12-28,1.1474120902878922,1.1474120902878922,1.1021940455292212,1.1191508769989014,493200
1987-12-29,1.1078458016722623,1.1361069972698505,1.096540909448343,1.1021933555603027,492000
1987-12-30,1.107846422492422,1.1248032528495437,1.0965415239334106,1.0965415239334106,667200
1987-12-31,1.1078458016722623,1.1361069972698505,1.1021933555603027,1.1021933555603027,890400
1988-01-04,1.107846488531412,1.2152394088739704,1.107846488531412,1.2039350271224976,756000
1988-01-05,1.2152394088739704,1.232196240241893,1.186978195754575,1.2039350271224976,496800
1988-01-06,1.2152402251924868,1.2265451320192793,1.1869789930890529,1.2095882892608643,526800
1988-01-07,1.1982825527873806,1.2265442828052073,1.1813257217692505,1.2208918333053589,410400
1988-01-08,1.2095877167539089,1.2321964847430469,1.1078467083582024,1.1248035430908203,912000
1988-01-11,1.119151054367666,1.1643691062927246,1.119151054367666,1.1643691062927246,500400
1988-01-12,1.1756735049889584,1.1869778837691873,1.147411781816451,1.1813254356384277,553200
1988-01-13,1.1813260919835769,1.18697854325484,1.136108034258204,1.1474124193191528,954000
1988-01-14,1.1474116840874344,1.1587165793860763,1.1361073062700384,1.1530641317367554,612000
1988-01-15,1.175673814003102,1.2378486898583425,1.175673814003102,1.2039350271224976,626400
1988-01-18,1.203935835847468,1.2095882892608643,1.1926314465024492,1.2095882892608643,277200
1988-01-19,1.203934931755066,1.203934931755066,1.1643688225369262,1.1869781017303467,631200
1988-01-20,1.1926313768238275,1.1982833124252399,1.119151556669776,1.1361083984375,602400
1988-01-21,1.153064870590416,1.1587173218616793,1.136108034258204,1.1474124193191528,548400
1988-01-22,1.1530649422525632,1.1700217796386303,1.1530649422525632,1.158717393875122,452400
1988-01-25,1.1700214505881845,1.2661099962586102,1.1700214505881845,1.23219633102417,700800
1988-01-26,1.2265443081068694,1.2378486898583425,1.2039350271224976,1.2039350271224976,690000
1988-01-27,1.2265442828052073,1.2604579448414674,1.186978171269099,1.2208918333053589,1122000
1988-01-28,1.2265446481572053,1.2830670900664207,1.2265446481572053,1.277415156364441,804000
1988-01-29,1.2887184808495449,1.2887184808495449,1.249152390084134,1.2830660343170166,908400
1988-02-01,1.2887184808495449,1.3113277494985147,1.2717616587331035,1.2830660343170166,818400
1988-02-02,1.2661098963795474,1.2887191772460938,1.2604579642739784,1.2887191772460938,548400
1988-02-03,1.2887194796517834,1.3226331501689357,1.2321965229626815,1.2435014247894287,836400
1988-02-04,1.2548048366166622,1.2830660343170166,1.2265436389163078,1.2830660343170166,555600
1988-02-05,1.2774146752897328,1.3113283346559967,1.2774146752897328,1.3000234365463257,399600
1988-02-08,1.266109585762024,1.277414482162553,1.2435008279235586,1.266109585762024,327600
1988-02-09,1.277415156364441,1.2943719924335195,1.2604583202953623,1.277415156364441,744000
1988-02-10,1.2887190348142152,1.3056758642196655,1.2887190348142152,1.3056758642196655,679200
1988-02-11,1.3056759119033814,1.3056759119033814,1.2717622518539429,1.2717622518539429,430800
1988-02-12,1.2830665858519432,1.3056758642196655,1.2717622054087652,1.3056758642196655,1132800
1988-02-16,1.3000232752602667,1.3282849995468078,1.3000232752602667,1.3226325511932373,754800
1988-02-17,1.3113288285025981,1.3113288285025981,1.277415156364441,1.277415156364441,920400
1988-02-18,1.2548058691118131,1.2943719924335195,1.2548058691118131,1.277415156364441,1347600
1988-02-19,1.2830666816619225,1.311328411102295,1.2717623003746164,1.311328411102295,885600
1988-02-22,1.311328411102295,1.3169803430052456,1.2943715804306335,1.311328411102295,2326800
1988-02-23,1.307235808544127,1.3242867126571038,1.3015525207413337,1.3129196166992188,1650000
1988-02-24,1.3129194696877617,1.318603277206421,1.2958685674840247,1.318603277206421,1369200
1988-02-25,1.318603277206421,1.3242865643728399,1.3072356621691026,1.318603277206421,2172000
1988-02-26,1.3186039214753515,1.3186039214753515,1.295869200644787,1.3015530109405518,1180800
1988-02-29,1.2901848148444264,1.3072357177734375,1.2845015274362641,1.3072357177734375,1363200
1988-03-01,1.2958685674840247,1.318603277206421,1.2901847599653655,1.318603277206421,1146000
1988-03-02,1.318603277206421,1.3242865643728399,1.3072356621691026,1.318603277206421,841200
1988-03-03,1.318603277206421,1.3242865643728399,1.3072356621691026,1.318603277206421,696000
1988-03-04,1.3072365014005456,1.3242874145507812,1.3072365014005456,1.3242874145507812,944400
1988-03-07,1.324287069790442,1.3527055978775024,1.3129199707670811,1.3527055978775024,1292400
1988-03-08,1.364072123660317,1.3868068325053957,1.3413374148152384,1.347021222114563,2023200
1988-03-09,1.3470221919777952,1.392491122053607,1.3470221919777952,1.3811240196228027,770400
1988-03-10,1.3697565541723609,1.3811236535906004,1.3356547355651855,1.3356547355651855,1591200
1988-03-11,1.335654179410158,1.335654179410158,1.3072356621691026,1.318603277206421,2925600
1988-03-14,1.3129194696877617,1.318603277206421,1.3072356621691026,1.318603277206421,765600
1988-03-15,1.3186039214753515,1.3186039214753515,1.295869200644787,1.3015530109405518,927600
1988-03-16,1.3015524303652752,1.312919525533862,1.2901848148444264,1.3072357177734375,1588800
1988-03-17,1.3186034248543104,1.3186034248543104,1.3015525207413337,1.3129196166992188,1838400
1988-03-18,1.3356542869879866,1.3356542869879866,1.3129195754344647,1.3299704790115356,2887200
1988-03-21,1.3186041237357522,1.3356550368859879,1.3072365014005456,1.3242874145507812,561600
1988-03-22,1.3356541278681338,1.347021222114563,1.3242865132694845,1.347021222114563,597600
1988-03-23,1.3527051905650576,1.3527051905650576,1.3186033834109157,1.3299704790115356,1024800
1988-03-24,1.324287211418622,1.3299710217143865,1.3015530109405518,1.3015530109405518,446400
1988-03-25,1.307235311573137,1.307235311573137,1.2731335163116455,1.2731335163116455,619200
1988-03-28,1.2731339648684663,1.2958686765034995,1.267450677223921,1.2788177728652954,900000
1988-03-29,1.2901846170425415,1.3129193242464545,1.2845013305057003,1.2901846170425415,894000
1988-03-30,1.290184840101206,1.3072357433640074,1.278817744710096,1.284501552581787,482400
1988-03-31,1.2845017148961766,1.2901850031337567,1.2674508094787598,1.2674508094787598,814800
1988-04-04,1.2788173223059276,1.2845011283002097,1.2731335163116455,1.2731335163116455,460800
1988-04-05,1.2845017762259598,1.2958688735961914,1.2788179673646627,1.2958688735961914,748800
1988-04-06,1.3072365014005456,1.341338327701017,1.2958693994179131,1.3242874145507812,2215200
1988-04-07,1.3242865643728399,1.329970371891499,1.3072356621691026,1.318603277206421,1968000
1988-04-08,1.3072356621691026,1.318603277206421,1.3015523750026836,1.318603277206421,1305600
1988-04-11,1.3186034248543104,1.3186034248543104,1.3015525207413337,1.3129196166992188,310800
1988-04-12,1.3186039214753515,1.3186039214753515,1.295869200644787,1.3015530109405518,736800
1988-04-13,1.3015522308205891,1.3015522308205891,1.2731337167276526,1.2901846170425415,1004400
1988-04-14,1.2617669966485767,1.2788179020086925,1.2276651859283447,1.2276651859283447,1152000
1988-04-15,1.2390323267759475,1.2503999443217995,1.2106143236160278,1.2106143236160278,1358400
1988-04-18,1.1992471505075497,1.2049304385683561,1.1821962456204864,1.1935633420944214,2151600
1988-04-19,1.2049312019482739,1.2049312019482739,1.1253604355143076,1.1424113512039185,3109200
1988-04-20,1.136727539189831,1.1480951632180059,1.136727539189831,1.1424113512039185,1653600
1988-04-21,1.1651453971862793,1.1935633999241677,1.1537777798092463,1.1651453971862793,1266000
1988-04-22,1.1765125116831818,1.2162981323889537,1.1765125116831818,1.2106143236160278,1165200
1988-04-25,1.2049311283810924,1.2276658546967198,1.1594621961024576,1.1992478370666504,1844400
1988-04-26,1.1992473739889307,1.2106144725811399,1.1935635645166167,1.2049306631088257,744000
1988-04-27,1.2049311283810924,1.2276658546967198,1.1992478370666504,1.1992478370666504,1447200
1988-04-28,1.1992478370666504,1.2106149400481543,1.1935640253995887,1.1992478370666504,502800
1988-04-29,1.1992472264225307,1.2162981323889537,1.1935634176496048,1.2106143236160278,1084800
1988-05-02,1.2106143236160278,1.2276652295824506,1.2049305148431018,1.2106143236160278,652800
1988-05-03,1.2049311283810924,1.2106149400481543,1.1992478370666504,1.1992478370666504,471600
1988-05-04,1.21061430563737,1.21061430563737,1.1651453971862793,1.1651453971862793,910800
1988-05-05,1.1651453065066615,1.1651453065066615,1.1537776900143346,1.159461498260498,723600
1988-05-06,1.1594615884977628,1.1821963028994817,1.1594615884977628,1.1651453971862793,315600
1988-05-09,1.1651451194315179,1.1935631153949422,1.1651451194315179,1.182196021080017,921600
1988-05-10,1.1878790855407715,1.2106137902640441,1.1878790855407715,1.1878790855407715,518400
1988-05-11,1.176512598991394,1.176512598991394,1.1594616917596348,1.176512598991394,1344000
1988-05-12,1.176512598991394,1.1935635062231533,1.176512598991394,1.176512598991394,763200
1988-05-13,1.176512213746443,1.1992469227285163,1.176512213746443,1.182196021080017,376800
1988-05-16,1.182196021080017,1.187879308061368,1.176512213746443,1.182196021080017,390000
1988-05-17,1.187879498786702,1.1935633070328657,1.159461498260498,1.159461498260498,318000
1988-05-18,1.1594613517899257,1.1594613517899257,1.11399245262146,1.11399245262146,924000
1988-05-19,1.11399245262146,1.1196757397973676,1.0912577428611065,1.11399245262146,2178000
1988-05-20,1.131044042437954,1.1367273330688477,1.1139931298401586,1.1367273330688477,788400
1988-05-23,1.1383285583785263,1.1612091817814985,1.1383285583785263,1.1440484523773193,403200
1988-05-24,1.1554891845604152,1.1955305337905884,1.1554891845604152,1.1955305337905884,986400
1988-05-25,1.1898103537224152,1.2069710774602205,1.1726496299846096,1.1783695220947266,978000
1988-05-26,1.189811272970869,1.1955311695001791,1.1840908527374268,1.1840908527374268,910800
1988-05-27,1.1898103537224152,1.1898103537224152,1.1612087983569213,1.1783695220947266,315600
1988-05-31,1.1898109187723505,1.2126915454864502,1.1840905002418374,1.2126915454864502,318000
1988-06-01,1.224132931896035,1.2470135688781738,1.2184125107983945,1.2470135688781738,1010400
1988-06-02,1.2241319491252514,1.2412926749368025,1.2241319491252514,1.2298518419265747,770400
1988-06-03,1.2298522360241364,1.2527333856729062,1.2184119230517307,1.2412930727005005,396000
1988-06-06,1.2412932340230327,1.252733548482259,1.2355728149414062,1.2355728149414062,278400
1988-06-07,1.2412936345477252,1.247013531770948,1.2241328954696655,1.2241328954696655,514800
1988-06-08,1.2355732833134971,1.2756151846556205,1.229852862063415,1.2641743421554565,957600
1988-06-09,1.252733588218689,1.2698943223038766,1.247013168955612,1.252733588218689,812400
1988-06-10,1.2527333856729062,1.2584538040110882,1.2412930727005005,1.2412930727005005,880800
1988-06-13,1.2527331901140122,1.264173501300519,1.2470127726688205,1.258453607559204,618000
1988-06-14,1.2527336268811613,1.2756147809355949,1.2527336268811613,1.2698943614959717,811200
1988-06-15,1.2584540463207845,1.2698943614959717,1.247013207441538,1.2698943614959717,1078800
1988-06-16,1.258453607559204,1.264173501300519,1.2527331901140122,1.258453607559204,535200
1988-06-17,1.2412928789275053,1.264173501300519,1.2412928789275053,1.258453607559204,1753200
1988-06-20,1.2584544110734546,1.2584544110734546,1.2355732503871044,1.2470135688781738,778800
1988-06-21,1.2412936714847447,1.2527339899758143,1.2355732503871044,1.2470135688781738,369600
1988-06-22,1.2527331901140122,1.264173501300519,1.2527331901140122,1.258453607559204,2482800
1988-06-23,1.2584538040110882,1.2584538040110882,1.2355726543623184,1.2412930727005005,1245600
1988-06-24,1.2355722584316886,1.2470125677381259,1.2298518419265747,1.2298518419265747,993600
1988-06-27,1.2355731010437012,1.2355731010437012,1.2012516260147095,1.2012516260147095,422400
1988-06-28,1.2012514262132243,1.2298524760788523,1.1955310067584743,1.218412160873413,628800
1988-06-29,1.2298527926928884,1.247013531770948,1.218412474542247,1.2241328954696655,2414400
1988-06-30,1.235572892266351,1.2756147809355949,1.235572892266351,1.2698943614959717,754800
1988-07-01,1.269894729564524,1.269894729564524,1.2412936714847447,1.2470135688781738,732000
1988-07-05,1.2470136021094358,1.2641743421554568,1.2470136021094358,1.2641743421554565,638400
1988-07-06,1.2641743421554568,1.2641743421554568,1.2470136021094358,1.2641743421554565,820800
1988-07-07,1.2527339899758143,1.2641743084668837,1.2355732503871044,1.2470135688781738,476400
1988-07-08,1.2355732503871044,1.2584544110734546,1.2298528292894642,1.2470135688781738,969600
1988-07-11,1.2412928789275053,1.264173501300519,1.2412928789275053,1.258453607559204,512400
1988-07-12,1.2527339899758143,1.2584544110734546,1.2470135688781738,1.2470135688781738,339600
1988-07-13,1.2470127726688205,1.258453607559204,1.2355724614823134,1.258453607559204,1306800
1988-07-14,1.252734023359518,1.2756151846556205,1.252734023359518,1.2641743421554565,578400
1988-07-15,1.264173594452582,1.3042154721117025,1.264173594452582,1.2984950542449951,2842800
1988-07-18,1.2927753925323489,1.2984952877236182,1.2641738217599632,1.2927753925323486,698400
1988-07-19,1.2813350822014775,1.2927759247016413,1.2641743421554568,1.2641743421554565,385200
1988-07-20,1.275614336190903,1.281334229932218,1.2527331901140122,1.258453607559204,981600
1988-07-21,1.2698947634055386,1.2698947634055386,1.252734023359518,1.2641743421554565,1255200
1988-07-22,1.2698941169834939,1.2698941169834939,1.2355726543623184,1.2412930727005005,1047600
1988-07-25,1.2355722584316886,1.2470125677381259,1.2241319491252514,1.2298518419265747,680400
1988-07-26,1.2355728149414062,1.2412932340230327,1.2241325004821797,1.2355728149414062,498000
1988-07-27,1.2470131294006326,1.2698942820231118,1.2355728149414062,1.2355728149414062,1137600
1988-07-28,1.2412926749368025,1.2584534007483539,1.2298518419265747,1.2298518419265747,805200
1988-07-29,1.2298528292894642,1.2470135688781738,1.2298528292894642,1.2470135688781738,1312800
1988-08-01,1.2470127726688205,1.258453607559204,1.2412928789275053,1.258453607559204,367200
1988-08-02,1.2641739030407997,1.2698943223038766,1.2412932733965785,1.252733588218689,488400
1988-08-03,1.2641736287614913,1.2927751951673419,1.258453734443465,1.2870547771453857,1826400
1988-08-04,1.2984955196457428,1.3957400397141209,1.2870552035158584,1.3442578315734863,5052000
1988-08-05,1.3385366669184044,1.384298429681011,1.3328162501841494,1.3556973934173584,3565200
1988-08-08,1.3671381427824199,1.4071800253899651,1.3156559467315674,1.3156559467315674,4924800
1988-08-09,1.315656020705446,1.315656020705446,1.2641738217599632,1.2927753925323486,1480800
1988-08-10,1.2927752666322638,1.2927752666322638,1.2241323413899128,1.2412930727005005,1093200
1988-08-11,1.2470127726688205,1.264173501300519,1.2298520440371217,1.258453607559204,1128000
1988-08-12,1.2584540463207845,1.287055096110782,1.2584540463207845,1.2698943614959717,898800
1988-08-15,1.2641743421554568,1.2756151846556205,1.2584544446095998,1.2641743421554565,487200
1988-08-16,1.2584539265686936,1.3042157066188973,1.2584539265686936,1.2927753925323486,571200
1988-08-17,1.3042146509343926,1.3556968082081187,1.29849423666945,1.3213753700256348,2656800
1988-08-18,1.3270970955266084,1.372858883750249,1.3270970955266084,1.3442578315734863,2056800
1988-08-19,1.3499763939431761,1.3556968082081187,1.3099350651993351,1.3213753700256348,829200
1988-08-22,1.3172351420253474,1.3172351420253474,1.288474202156067,1.288474202156067,718800
1988-08-23,1.2827224981561312,1.2999788522720337,1.2827224981561312,1.2999788522720337,602400
1988-08-24,1.2999788522720337,1.2999788522720337,1.288474265113342,1.2999788522720337,514800
1988-08-25,1.2942265049293875,1.3747559785842896,1.288474211588997,1.3747559785842896,1849200
1988-08-26,1.3632517144083978,1.3805080652236938,1.3574994219292877,1.3805080652236938,1638000
1988-08-29,1.369004552302999,1.4552863407544014,1.369004552302999,1.4207736253738403,4306800
1988-08-30,1.4207734829980687,1.4207734829980687,1.3747561826872203,1.4035171270370483,1418400
1988-08-31,1.415020978722797,1.415020978722797,1.369004211866012,1.3747559785842896,1849200
1988-09-01,1.3632518661853468,1.3632518661853468,1.3344914538318386,1.3402432203292847,932400
1988-09-02,1.3517482280731201,1.3574999963640935,1.3402436382466592,1.3517482280731201,1971600
1988-09-06,1.351748013405052,1.3747561361595917,1.3459957194053302,1.3690043687820435,1099200
1988-09-07,1.3690042745115483,1.3977646892853492,1.3690042745115483,1.3862606287002563,3728400
1988-09-08,1.3862605652650706,1.3862605652650706,1.3632519185256216,1.3747559785842896,1630800
1988-09-09,1.3747550229019008,1.3747550229019008,1.3632509708404539,1.363250970840454,1052400
1988-09-12,1.3632519185256216,1.3977646253237386,1.3632519185256216,1.3747559785842896,1388400
1988-09-13,1.3747557727445838,1.3805080652236938,1.3632517144083978,1.3805080652236938,870000
1988-09-14,1.3805086521128065,1.3920127153396606,1.3690045888859526,1.3920127153396606,1219200
1988-09-15,1.3805083350966414,1.4092687498704424,1.3805083350966414,1.3862606287002563,1633200
1988-09-16,1.386260357702804,1.3920121235598801,1.3747557727445838,1.3805080652236938,1610400
1988-09-19,1.3690043687820435,1.3747561361595917,1.3574997807826001,1.3690043687820435,381600
1988-09-20,1.3517482280731201,1.3690045861905547,1.3517482280731201,1.3517482280731201,698400
1988-09-21,1.363251653259297,1.363251653259297,1.3517475954391294,1.357499361038208,435600
1988-09-22,1.3517468785326936,1.3574986410812933,1.3287382484731018,1.3344905376434326,481200
1988-09-23,1.328738451004028,1.334490741051143,1.2999780540120773,1.3287384510040283,972000
1988-09-26,1.3172352063879362,1.3172352063879362,1.2942265586926878,1.2999788522720337,378000
1988-09-27,1.2999787887526228,1.2999787887526228,1.2769701421816202,1.288474202156067,1437600
1988-09-28,1.288473757133807,1.3114823957579216,1.2827219924442237,1.3057301044464111,805200
1988-09-29,1.311482781814281,1.334491427211366,1.2999787224267796,1.3229868412017822,1082400
1988-09-30,1.3229868412017822,1.3574995459863686,1.3172350748190726,1.3229868412017822,813600
1988-10-03,1.328738451004028,1.334490741051143,1.2999780540120773,1.3287384510040283,1332000
1988-10-04,1.3172348406960737,1.3229866060564746,1.311482548713684,1.311482548713684,321600
1988-10-05,1.3229864517590153,1.3344910343820364,1.2999783397568279,1.3057301044464111,956400
1988-10-06,1.3057302567312945,1.311482548713684,1.2999784913708936,1.311482548713684,502800
1988-10-07,1.3057298174373806,1.328738451004028,1.2999780540120773,1.3287384510040283,1297200
1988-10-10,1.3172352063879362,1.3344915605038385,1.2999788522720337,1.2999788522720337,428400
1988-10-11,1.3172350748190726,1.334491427211366,1.305730488809489,1.3229868412017822,1243200
1988-10-12,1.3287392019997941,1.3287392019997941,1.2827224354798983,1.288474202156067,847200
1988-10-13,1.2884742081141913,1.2999787947639463,1.2712178547616704,1.2769701480865479,1768800
1988-10-14,1.2884742081141913,1.2884742081141913,1.2712178547616704,1.2769701480865479,991200
1988-10-17,1.2712178547616704,1.2827224414114253,1.2712178547616704,1.2769701480865479,1023600
1988-10-18,1.2654660880589044,1.2769701480865479,1.2539615014091494,1.2769701480865479,396000
1988-10-19,1.2884733282341199,1.2884733282341199,1.2482088823223283,1.2597129344940186,746400
1988-10-20,1.253961415894339,1.282722353935242,1.253961415894339,1.2827223539352417,978000
1988-10-21,1.2769702045767852,1.3057306192292446,1.259713850460883,1.2999788522720337,1381200
1988-10-24,1.2884743940038714,1.294226688158639,1.2539616823196411,1.2539616823196411,633600
1988-10-25,1.259713794734027,1.2769701480865479,1.259713794734027,1.2769701480865479,1089600
1988-10-26,1.2712177680700505,1.282722353935242,1.2654660017595305,1.2827223539352417,975600
1988-10-27,1.2769693120478804,1.2827216016067031,1.2654652595520022,1.265465259552002,1759200
1988-10-28,1.2654657960855789,1.2769698534589602,1.2309530973434448,1.2309530973434448,586800
1988-10-31,1.2424565929256073,1.2597129344940186,1.230952540753917,1.2597129344940186,900000
1988-11-01,1.2539606804343568,1.2654652595520022,1.248208917497301,1.265465259552002,950400
1988-11-02,1.2539609334732902,1.2539609334732902,1.230952823838687,1.2367045879364014,2062800
1988-11-03,1.2367045879364014,1.2539609334732902,1.2367045879364014,1.2367045879364014,2170800
1988-11-04,1.242457154716826,1.242457154716826,1.225200805345759,1.2309530973434448,2013600
1988-11-07,1.225200805345759,1.2367048627191404,1.225200805345759,1.2309530973434448,601200
1988-11-08,1.2309530973434448,1.2367048627191404,1.225200805345759,1.2309530973434448,1394400
1988-11-09,1.2367045879364014,1.2424568786559886,1.230952823838687,1.2367045879364014,3062400
1988-11-10,1.230953126688501,1.2482094764709473,1.230953126688501,1.2482094764709473,2469600
1988-11-11,1.2424573683235396,1.2424573683235396,1.2136969566345215,1.2136969566345215,1066800
1988-11-14,1.2095291340594807,1.2153165322536275,1.1863806009548137,1.203742265701294,1028400
1988-11-15,1.1921674693130002,1.2095291340594807,1.1863806009548137,1.203742265701294,584400
1988-11-16,1.2095290885706675,1.215316486547158,1.174805760383606,1.174805760383606,940800
1988-11-17,1.1805930351143452,1.1863804324866714,1.163231372833252,1.163231372833252,663600
1988-11-18,1.1748057127710574,1.197954773902893,1.163231447123099,1.197954773902893,813600
1988-11-21,1.1979548675071472,1.2037422657012942,1.1690189362083332,1.203742265701294,1065600
1988-11-22,1.192167911598633,1.221104383468628,1.192167911598633,1.221104383468628,594000
1988-11-23,1.221104383468628,1.2326786543149317,1.221104383468628,1.221104383468628,1053600
1988-11-25,1.2211038350347285,1.2211038350347285,1.1921673761609544,1.197954773902893,327600
1988-11-28,1.1979551042829242,1.2211041717989637,1.192167704944898,1.2153167724609375,374400
1988-11-29,1.2095291340594807,1.2153165322536275,1.1979548675071472,1.203742265701294,906000
1988-11-30,1.192167704944898,1.2211041717989637,1.192167704944898,1.2153167724609375,856800
1988-12-01,1.197954422364584,1.215316080659723,1.197954422364584,1.2095286846160889,1093200
1988-12-02,1.197955278329798,1.2095295488513718,1.19216787815094,1.19216787815094,928800
1988-12-05,1.2037422657012942,1.2153165322536275,1.1921674693130002,1.203742265701294,819600
1988-12-06,1.19216787815094,1.2037426785086558,1.1748062074505081,1.19216787815094,932400
1988-12-07,1.1979553730449586,1.1979553730449586,1.169019429535161,1.1863811016082764,1023600
1988-12-08,1.169018770205578,1.1805930351143452,1.1574439754609258,1.163231372833252,1790400
1988-12-09,1.1574441398200395,1.2095291340594807,1.1574441398200395,1.203742265701294,871200
1988-12-12,1.2153169831273976,1.2326786543149317,1.2153169831273976,1.221104383468628,1000800
1988-12-13,1.2211039304477744,1.226890798805961,1.2037422657012942,1.203742265701294,789600
1988-12-14,1.2037426807319207,1.2095295510853248,1.1748062096203284,1.1805936098098755,2516400
1988-12-15,1.1748064514319119,1.1805938528126854,1.1516579055813212,1.1690195798873901,1730400
1988-12-16,1.1574445388878303,1.1805936098098755,1.1574445388878303,1.1805936098098755,1015200
1988-12-19,1.1748057127710574,1.197954773902893,1.1690188448650376,1.197954773902893,688800
1988-12-20,1.1921679724085255,1.2037427736813917,1.1863811016082764,1.1863811016082764,1471200
1988-12-21,1.1863805563365868,1.1921674244771368,1.1690188922430558,1.174805760383606,1281600
1988-12-22,1.1805937009718432,1.1921679724085255,1.1748063003354101,1.1863811016082764,943200
1988-12-23,1.1863810099994225,1.1921678803528266,1.1805936098098755,1.1805936098098755,398400
1988-12-27,1.1805936098098755,1.1921678803528266,1.1805936098098755,1.1805936098098755,573600
1988-12-28,1.1805936098098755,1.1921678803528266,1.1690193392669244,1.1805936098098755,841200
1988-12-29,1.1805936076293662,1.19216787815094,1.1805936076293662,1.19216787815094,824400
1988-12-30,1.1863805563365868,1.1921674244771368,1.174805760383606,1.174805760383606,1029600
1989-01-03,1.174805637742019,1.1863804324866714,1.1574439754609258,1.163231372833252,480000
1989-01-04,1.163231447123099,1.197954773902893,1.163231447123099,1.197954773902893,517200
1989-01-05,1.197955278329798,1.197955278329798,1.1805936076293662,1.19216787815094,1963200
1989-01-06,1.2037422657012942,1.2153165322536275,1.1979548675071472,1.203742265701294,2692800
1989-01-09,1.2095293731229113,1.2268910413009246,1.2095293731229113,1.2153167724609375,1347600
1989-01-10,1.2153166538820308,1.2326783203660598,1.2095292551086834,1.2268909215927124,970800
1989-01-11,1.2268912539737014,1.2326786543149317,1.2153169831273976,1.221104383468628,914400
1989-01-12,1.2211041717989637,1.2326784406389508,1.2153167724609375,1.2153167724609375,862800
1989-01-13,1.2153169831273976,1.2268912539737014,1.2095295827861672,1.221104383468628,290400
1989-01-16,1.2211039304477744,1.226890798805961,1.1921674693130002,1.203742265701294,600000
1989-01-17,1.215316080659723,1.215316080659723,1.203741818408218,1.2095286846160889,304800
1989-01-18,1.215316080659723,1.221103476703357,1.203741818408218,1.2095286846160889,1048800
1989-01-19,1.203741818408218,1.215316080659723,1.203741818408218,1.2095286846160889,1028400
1989-01-20,1.2095290395508513,1.2095290395508513,1.1921673761609544,1.197954773902893,366000
1989-01-23,1.1921681257379806,1.203742928499528,1.1690195798873901,1.1690195798873901,420000
1989-01-24,1.17480580456652,1.2095291340594807,1.17480580456652,1.203742265701294,820800
1989-01-25,1.2095290395508513,1.2095290395508513,1.1863805082549346,1.197954773902893,403200
1989-01-26,1.1863805082549346,1.197954773902893,1.1863805082549346,1.197954773902893,958800
1989-01-27,1.2095295488513718,1.2211043492090878,1.19216787815094,1.19216787815094,1189200
1989-01-30,1.1921678803528266,1.1979552805423737,1.1748062096203284,1.1805936098098755,1918800
1989-01-31,1.1805932027606667,1.2153165322536275,1.1805932027606667,1.203742265701294,3018000
1989-02-01,1.1979548675071472,1.2153165322536275,1.1979548675071472,1.203742265701294,556800
1989-02-02,1.2037422657012942,1.2153165322536275,1.1921674693130002,1.203742265701294,2112000
1989-02-03,1.2037422657012942,1.226890798805961,1.1979548675071472,1.203742265701294,2230800
1989-02-06,1.2095291340594807,1.2095291340594807,1.1979548675071472,1.203742265701294,1246800
1989-02-07,1.2037425036209501,1.2211041717989637,1.1979551042829242,1.2153167724609375,1694400
1989-02-08,1.2268910783908509,1.2558275461196897,1.2268910783908509,1.25582754611969,1196400
1989-02-09,1.2500402927398682,1.2731893636619134,1.2500402927398682,1.2500402927398682,1705200
1989-02-10,1.238465839976977,1.2442527094789382,1.2095293731229113,1.2153167724609375,1572000
1989-02-13,1.2037425036209501,1.2153167724609375,1.2037425036209501,1.2153167724609375,753600
1989-02-14,1.2268912539737014,1.238466054656162,1.2153169831273976,1.221104383468628,676800
1989-02-15,1.2153169831273976,1.2268912539737014,1.2153169831273976,1.221104383468628,824400
1989-02-16,1.226891460189431,1.2384662628173828,1.221104588711701,1.2384662628173828,2065200
1989-02-17,1.23267862200737,1.2616145632828193,1.23267862200737,1.2500402927398682,414000
1989-02-21,1.2465453147888184,1.252369936536236,1.2290703829613703,1.2465453147888184,574800
1989-02-22,1.2465449398691535,1.2465449398691535,1.2174197067215862,1.2348946332931519,1399200
1989-02-23,1.2290700132975878,1.2348946332931519,1.223244860009587,1.2348946332931519,892800
1989-02-24,1.2232445376630043,1.2232445376630043,1.2115947674493603,1.2174193859100342,1404000
1989-02-27,1.2057702132633754,1.2232451438903809,1.2057702132633754,1.2232451438903809,1832400
1989-02-28,1.2232445376630043,1.2290696894159747,1.2174193859100342,1.2174193859100342,848400
1989-03-01,1.2174199892505255,1.2290702985302362,1.2174199892505255,1.2232451438903809,991200
1989-03-02,1.217419996475429,1.2348949272061414,1.217419996475429,1.2290703058242798,552000
1989-03-03,1.2232451438903809,1.234894919877531,1.2232451438903809,1.2232451438903809,290400
1989-03-06,1.2232451511498543,1.2348949272061414,1.2057702204191423,1.2290703058242798,2430000
1989-03-07,1.2290703058242798,1.2407200818805666,1.2290703058242798,1.2290703058242798,1027200
1989-03-08,1.2232453386548539,1.275670138882919,1.2232453386548539,1.240720272064209,1294800
1989-03-09,1.2407193958061602,1.2581943168738525,1.2407193958061602,1.2523691654205322,672000
1989-03-10,1.2465453147888184,1.2465453147888184,1.2290703829613703,1.2465453147888184,937200
1989-03-13,1.2407197865811526,1.2465449398691535,1.2348946332931519,1.2348946332931519,1209600
1989-03-14,1.2348951164968753,1.240720272064209,1.2348951164968753,1.240720272064209,1078800
1989-03-15,1.2465453147888184,1.2640202466162662,1.2057702960939074,1.2465453147888184,636000
1989-03-16,1.2465455024871517,1.2640204369458843,1.2465455024871517,1.2581952810287476,2126400
1989-03-17,1.223244860009587,1.2465449398691535,1.2174197067215862,1.2348946332931519,1479600
1989-03-20,1.23489424435284,1.2581943168738525,1.23489424435284,1.2523691654205322,2793600
1989-03-21,1.2581943168738525,1.264019468327173,1.2465445472594807,1.2523691654205322,1111200
1989-03-22,1.2581950915762512,1.2581950915762512,1.234895004708788,1.2465453147888184,777600
1989-03-23,1.2465445472594807,1.2523691654205322,1.2465445472594807,1.2523691654205322,386400
1989-03-27,1.2465445472594807,1.2523691654205322,1.2407193958061602,1.2523691654205322,591600
1989-03-28,1.2465453147888184,1.269844868363684,1.2465453147888184,1.2465453147888184,984000
1989-03-29,1.2465445472594807,1.2581943168738525,1.2465445472594807,1.2523691654205322,3664800
1989-03-30,1.2523691654205322,1.2581943168738525,1.2465445472594807,1.2523691654205322,294000
1989-03-31,1.2581944139036414,1.287319106831752,1.252369262001095,1.2756693363189697,4974000
1989-04-03,1.2873196359367587,1.2873196359367587,1.2581949310380178,1.2640200853347778,2874000
1989-04-04,1.2581944139036414,1.2814944882215158,1.2465446433908591,1.2756693363189697,1497600
1989-04-05,1.2698454358062137,1.3106204727218382,1.2698454358062137,1.2873203754425049,1681200
1989-04-06,1.2814944882215158,1.287319106831752,1.2698441844164237,1.2756693363189697,2091600
1989-04-07,1.2640202330281634,1.2989700963073514,1.2640202330281634,1.293144941329956,1736400
1989-04-10,1.2931448597657051,1.339744496767851,1.2931448597657051,1.328094720840454,2127600
1989-04-11,1.3280950099006572,1.3339201657784812,1.316445231437683,1.316445231437683,1082400
1989-04-12,1.316445231437683,1.322269854022833,1.287319985341237,1.316445231437683,1113600
1989-04-13,1.3047949075698853,1.3164452192173857,1.298970285038804,1.3047949075698853,789600
1989-04-14,1.3106197903030796,1.328094720840454,1.3047946356931022,1.328094720840454,793200
1989-04-17,1.316445231437683,1.322269854022833,1.304794919682035,1.316445231437683,650400
1989-04-18,1.316445187436224,1.3339201211929321,1.3106200317531025,1.3339201211929321,994800
1989-04-19,1.3280949975722174,1.3397447759270489,1.3047949075698853,1.3047949075698853,1473600
1989-04-20,1.2989700963073514,1.3047947179921549,1.2814951646677573,1.293144941329956,1404000
1989-04-21,1.293144547144572,1.3106194734573364,1.293144547144572,1.3106194734573364,493200
1989-04-24,1.3222697540606712,1.3397446870803833,1.3106199764784077,1.3397446870803833,444000
1989-04-25,1.328094720840454,1.3513948059878058,1.328094720840454,1.328094720840454,1461600
1989-04-26,1.328094720840454,1.3339198754504313,1.3222695662304766,1.328094720840454,624000
1989-04-27,1.3280949655098107,1.3455698992665186,1.3222698098266892,1.3339201211929321,559200
1989-04-28,1.3222694140179512,1.3222694140179512,1.2931447109058587,1.2989698648452759,550800
1989-05-01,1.293144941329956,1.293144941329956,1.2756700096903621,1.293144941329956,880800
1989-05-02,1.293144258734298,1.293144258734298,1.2698441844164237,1.2756693363189697,658800
1989-05-03,1.2698450595703434,1.281495371404617,1.2581952810287476,1.2581952810287476,1903200
1989-05-04,1.2581952810287476,1.2756702154874802,1.2581952810287476,1.2581952810287476,1557600
1989-05-05,1.2756706435591172,1.2873204260099835,1.2698454856872559,1.2698454856872559,1324800
1989-05-08,1.2640200853347778,1.281495014932528,1.2581949310380178,1.2640200853347778,343200
1989-05-09,1.2640200853347778,1.281495014932528,1.2581949310380178,1.2640200853347778,478800
1989-05-10,1.2756693363189697,1.2814944882215158,1.2698441844164237,1.2756693363189697,452400
1989-05-11,1.2756700096903621,1.2989700963073514,1.269844854712967,1.293144941329956,2055600
1989-05-12,1.304794919682035,1.3280950099006572,1.2931451412190609,1.316445231437683,1092000
1989-05-15,1.3222697540606712,1.3397446870803833,1.3222697540606712,1.3397446870803833,901200
1989-05-16,1.3280949094981198,1.3455698425178317,1.3222697540606712,1.3397446870803833,2589600
1989-05-17,1.3397432692301146,1.3455684185028076,1.3280935039767972,1.3455684185028076,914400
1989-05-18,1.3280942345464408,1.3455691586852097,1.322269082069397,1.322269082069397,579600
1989-05-19,1.316444944913057,1.339744496767851,1.316444944913057,1.328094720840454,727200
1989-05-22,1.3362996368642983,1.3538825268230392,1.324577889087544,1.330438494682312,1167600
1989-05-23,1.3187170228661134,1.3304387730958132,1.3069952726364136,1.3069952726364136,1347600
1989-05-24,1.3128556047235713,1.3421607790462846,1.3128556047235713,1.330438494682312,1837200
1989-05-25,1.3304388907353337,1.3480217859282562,1.3304388907353337,1.3421611785888672,753600
1989-05-26,1.3421608237877076,1.3597437143325806,1.3421608237877076,1.3597437143325806,878400
1989-05-30,1.3597437143325806,1.3656043201227142,1.3480214295778414,1.3597437143325806,1059600
1989-05-31,1.353883000893597,1.4007705450057983,1.353883000893597,1.4007705450057983,1419600
1989-06-01,1.3949099779129028,1.4066317301348863,1.3890488335082003,1.3949099779129028,1620000
1989-06-02,1.3949099779129028,1.4066317301348863,1.3890488335082003,1.3949099779129028,1038000
1989-06-05,1.4124927327522074,1.4242144837975503,1.4007704451194969,1.406631588935852,1052400
1989-06-06,1.406632310006525,1.4300763607025146,1.406632310006525,1.4300763607025146,1970400
1989-06-07,1.4300758428472145,1.4417975956567377,1.4242146981487287,1.435936450958252,1653600
1989-06-08,1.4359362348428932,1.4476585224756038,1.406631588935852,1.406631588935852,1435200
1989-06-09,1.3890487002699,1.4007704513675268,1.324578264351897,1.336300015449524,5518800
1989-06-12,1.3714657827995573,1.3714657827995573,1.353882888148281,1.3656046390533447,4479600
1989-06-13,1.3538819551467896,1.3656036979740416,1.3421602123195373,1.3538819551467896,3063600
1989-06-14,1.3538819551467896,1.3597430948539113,1.3480208154396678,1.3538819551467896,2184000
1989-06-15,1.3538819551467896,1.3538819551467896,1.3421602123195373,1.3538819551467896,1431600
1989-06-16,1.3421607790462846,1.348021384641053,1.324577889087544,1.330438494682312,1996800
1989-06-19,1.3187171394691781,1.3421611785888672,1.3128559955424113,1.3421611785888672,1522800
1989-06-20,1.3421611785888672,1.3538829298550228,1.3421611785888672,1.3421611785888672,3499200
1989-06-21,1.3480217859282562,1.3538829298550228,1.3363000346621003,1.3421611785888672,735600
1989-06-22,1.3362996368642983,1.348021384641053,1.3304384946823122,1.330438494682312,610800
1989-06-23,1.3421611592920224,1.348021766547151,1.324578264351897,1.336300015449524,1430400
1989-06-26,1.3421608237877076,1.3773266048774533,1.336299681410338,1.3597437143325806,4100400
1989-06-27,1.383187648890297,1.4007705450057983,1.3773270412434004,1.4007705450057983,2551200
1989-06-28,1.3890490772386492,1.4007708315173986,1.3773273229599001,1.3773273229599,621600
1989-06-29,1.3773269265457697,1.383187533704621,1.3656046390533447,1.3656046390533447,1689600
1989-06-30,1.3656046583635963,1.371465802192688,1.3538829072927816,1.371465802192688,709200
1989-07-03,1.3773269460217796,1.3773269460217796,1.371465802192688,1.371465802192688,319200
1989-07-05,1.3773266878631052,1.3949095794673692,1.3714655451325943,1.3831872940063477,1399200
1989-07-06,1.3949099779129028,1.4007705857301838,1.3831876891034978,1.3949099779129028,463200
1989-07-07,1.3949098378905092,1.406631588935852,1.389048694074154,1.406631588935852,1328400
1989-07-10,1.3890485763549805,1.4535190065216739,1.3890485763549805,1.4417972564697266,1968000
1989-07-11,1.435936450958252,1.4476587403552235,1.4242146981487287,1.435936450958252,1708800
1989-07-12,1.4359368422733287,1.4535197445729515,1.4242150862694452,1.4476591348648071,1378800
1989-07-13,1.441797988569068,1.4593808908686907,1.441797988569068,1.4476591348648071,807600
1989-07-14,1.4417963142854622,1.471100938559022,1.4359351747959617,1.4593791961669922,1485600
1989-07-17,1.4711022377014162,1.4828245270324665,1.4593804849578111,1.471102237701416,1498800
1989-07-18,1.465240963270161,1.5004067420959473,1.447658073857268,1.5004067420959473,2199600
1989-07-19,1.5004077646412823,1.535573567432972,1.5004077646412823,1.5238512754440308,1387200
1989-07-20,1.5355725209217335,1.5355725209217335,1.5004067420959473,1.5004067420959473,1075200
1989-07-21,1.5004067420959473,1.5062673475087773,1.4945456000959159,1.5004067420959473,1378800
1989-07-24,1.4945458187613379,1.5121287107467654,1.4945458187613379,1.5121287107467651,519600
1989-07-25,1.50626768663642,1.5297117233276367,1.50626768663642,1.5297117233276367,1042800
1989-07-26,1.5297124214385014,1.5297124214385014,1.5004077646412823,1.5238512754440308,2193600
1989-07-27,1.5238512754440308,1.5238512754440308,1.506268374048186,1.5238512754440308,514800
1989-07-28,1.5238512754440308,1.5297124214385014,1.5179906660371272,1.5238512754440308,921600
1989-07-31,1.5238512754440308,1.5297124214385014,1.5004077646412823,1.5238512754440308,930000
1989-08-01,1.541433473379584,1.5648775100708008,1.523850580008002,1.5297117233276367,1988400
1989-08-02,1.5238507164137796,1.5531558990478513,1.5179901091568613,1.5531558990478516,2259600
1989-08-03,1.547294267018636,1.6059040772075,1.547294267018636,1.5824600458145142,3061200
1989-08-04,1.5941828195457348,1.664514422416687,1.588322210364853,1.664514422416687,2844000
1989-08-07,1.6586536039219308,1.6703753573920135,1.6293484153655065,1.635209560394287,2733600
1989-08-08,1.629348433346704,1.6586536222265356,1.629348433346704,1.6410707235336304,3194400
1989-08-09,1.6352095603942869,1.6527924588931502,1.6352095603942869,1.635209560394287,1774800
1989-08-10,1.6293484153655065,1.6410707054230675,1.6234878069242042,1.635209560394287,3583200
1989-08-11,1.6469311714172363,1.6762363574389831,1.635209418960997,1.6469311714172363,1548000
1989-08-14,1.6527924771330724,1.6527924771330724,1.6352095784401672,1.6410707235336304,679200
1989-08-15,1.641069764909667,1.641069764909667,1.6176257348180298,1.623486876487732,1762800
1989-08-16,1.6293482817308347,1.6352094262789003,1.5941824876173099,1.6117653846740723,930000
1989-08-17,1.6000427226903067,1.6176256097528376,1.5941815814737532,1.6059038639068604,1154400
1989-08-18,1.5941824876173099,1.6117653846740723,1.5941824876173099,1.6117653846740723,600000
1989-08-21,1.6141213404349646,1.6200119340208043,1.5669933557510376,1.5669933557510376,945600
1989-08-22,1.55521162924649,1.5669933557510376,1.5434299027419425,1.5669933557510376,746400
1989-08-23,1.5787752090451685,1.5964480638504028,1.5611023542399345,1.5964480638504028,440400
1989-08-24,1.602338655896996,1.6082297872763167,1.5787752090451685,1.5964480638504028,1102800
1989-08-25,1.596448758439727,1.596448758439727,1.5611030334508986,1.5846664905548096,924000
1989-08-28,1.5728846300633694,1.5787757635116577,1.5669934966150814,1.5787757635116577,940800
1989-08-29,1.5728846300633694,1.5846663576270292,1.5728846300633694,1.5787757635116577,1131600
1989-08-30,1.57877500438499,1.5964478568992524,1.5552110212550878,1.5611021518707275,1105200
1989-08-31,1.55521162924649,1.5669933557510376,1.5434299027419425,1.5669933557510376,728400
1989-09-01,1.5552117690514216,1.5905574910753175,1.5552117690514216,1.5787757635116577,496800
1989-09-05,1.572884762002854,1.6082304869916821,1.572884762002854,1.5846664905548096,1077600
1989-09-06,1.5964486245236056,1.5964486245236056,1.5787757635116577,1.5787757635116577,708000
1989-09-07,1.5905569324710824,1.6200115107022304,1.584665801091762,1.5964480638504028,2283600
1989-09-08,1.5964484358927746,1.6141212948165586,1.5611027180452064,1.6023390293121338,1869600
1989-09-11,1.5905574910753175,1.5964486245236056,1.5728846300633694,1.5787757635116577,292800
1989-09-12,1.5905576244972681,1.596448758439727,1.5846664905548096,1.5846664905548096,375600
1989-09-13,1.5964486245236056,1.6023392186389773,1.5787757635116577,1.5787757635116577,794400
1989-09-14,1.5728839670561545,1.5787750980211939,1.5493199825286865,1.5493199825286865,279600
1989-09-15,1.5493215744476214,1.55521271146577,1.5316487027264196,1.5375398397445679,1698000
1989-09-18,1.5434306859970093,1.5434306859970093,1.5375395500886873,1.5434306859970093,360000
1989-09-19,1.5552110212550878,1.5728838737693502,1.5552110212550878,1.5611021518707275,286800
1989-09-20,1.55521189950844,1.5846664905548096,1.5493207655659813,1.5846664905548096,504000
1989-09-21,1.5787756561032686,1.5787756561032686,1.5552116632461548,1.5552116632461548,391200
1989-09-22,1.5552124184805112,1.5611035543888332,1.5434306859970093,1.5434306859970093,552000
1989-09-25,1.5493198906394479,1.5669927431537103,1.5434292993564653,1.5611021518707275,382800
1989-09-26,1.5611033058606594,1.5905579020468037,1.555212170890208,1.5728850364685059,633600
1989-09-27,1.5669933900082718,1.5669933900082718,1.5552116632461548,1.5552116632461548,530400
1989-09-28,1.5552116182115343,1.5964484696841585,1.5552116182115343,1.590557336807251,1045200
1989-09-29,1.5905576244972681,1.596448758439727,1.5846664905548096,1.5846664905548096,1062000
1989-10-02,1.5787755769689904,1.602339029312134,1.5787755769689904,1.6023390293121338,1035600
1989-10-03,1.602339029312134,1.6082301620643462,1.5905573031405622,1.6023390293121338,631200
1989-10-04,1.6082306601239604,1.6141217947006226,1.5905577957269939,1.6141217947006226,652800
1989-10-05,1.6259037256240845,1.6317948609294035,1.614121994346533,1.6259037256240845,651600
1989-10-06,1.6317941803895581,1.6494670396019617,1.6317941803895581,1.64357590675354,514800
1989-10-09,1.6435767925710383,1.6435767925710383,1.6259039238337152,1.6376856565475464,121200
1989-10-10,1.64357590675354,1.64357590675354,1.6259030475411365,1.64357590675354,307200
1989-10-11,1.6435767925710383,1.6435767925710383,1.6200127878102235,1.6376856565475464,1232400
1989-10-12,1.637685456901636,1.637685456901636,1.6200125903187654,1.6259037256240845,398400
1989-10-13,1.6200113006964973,1.6259024313121373,1.5611021518707278,1.5611021518707275,904800
1989-10-16,1.5080849492133612,1.5728852868723353,1.4963026773967174,1.5434306859970093,1550400
1989-10-17,1.5375392499333023,1.5493209801167982,1.5080846548080442,1.5080846548080444,580800
1989-10-18,1.5139752814338912,1.5493210120458345,1.4963024161279195,1.5257575511932373,931200
1989-10-19,1.5375382599312972,1.5669928360911152,1.5316471289662579,1.5493199825286865,660000
1989-10-20,1.5611024438160843,1.572884167918034,1.5316473245620728,1.5316473245620728,896400
1989-10-23,1.5434295879967805,1.5493201803813765,1.519865600460123,1.5316473245620728,655200
1989-10-24,1.5316473245620728,1.5611024438160843,1.5080838763581732,1.5316473245620728,626400
1989-10-25,1.5198663849915401,1.5434303846915685,1.5080846548080442,1.5080846548080444,714000
1989-10-26,1.5080838763581732,1.5375384562794265,1.5080838763581732,1.5316473245620728,704400
1989-10-27,1.5198663849915401,1.531648115175036,1.4845206551080161,1.5080846548080444,562800
1989-10-30,1.5080838359501183,1.519865559736385,1.496301572831108,1.5139744281768799,735600
1989-10-31,1.5257565373339077,1.5493199825286865,1.5198654063688686,1.5493199825286865,447600
1989-11-01,1.5611027510884419,1.5964484696841585,1.5611027510884419,1.590557336807251,573600
1989-11-02,1.5905569324710824,1.602338655896996,1.5905569324710824,1.5964480638504028,642000
1989-11-03,1.6023385063166202,1.6200113594720706,1.6023385063166202,1.608229637145996,1226400
1989-11-06,1.6141212948165586,1.6141212948165586,1.602339029312134,1.6023390293121338,1550400
1989-11-07,1.5905573031405622,1.6082301620643462,1.5905573031405622,1.6023390293121338,1465200
1989-11-08,1.602339029312134,1.6082301620643462,1.5964484358927746,1.6023390293121338,1413600
1989-11-09,1.602338655896996,1.602338655896996,1.584665801091762,1.5964480638504028,562800
1989-11-10,1.5964484696841585,1.5964484696841585,1.590557336807251,1.590557336807251,387600
1989-11-13,1.5751605033874512,1.5929254735089031,1.5751605033874512,1.5751605033874512,698400
1989-11-14,1.57516074647019,1.6047693960044664,1.57516074647019,1.5870044231414795,982800
1989-11-15,1.57516074647019,1.5870044231414795,1.57516074647019,1.5870044231414795,459600
1989-11-16,1.5810825848058347,1.5870044231414795,1.5810825848058347,1.5870044231414795,294000
1989-11-17,1.5870043717627589,1.604769344050611,1.5810825336188317,1.5929256677627563,715200
1989-11-20,1.5870044231414795,1.592925719333177,1.5692394502784925,1.5870044231414795,362400
1989-11-21,1.5751609816724432,1.587004660112225,1.5751609816724432,1.581082820892334,570000
1989-11-22,1.592925076438405,1.6047687483296613,1.592925076438405,1.5988469123840332,1045200
1989-11-24,1.5988475059066838,1.5988475059066838,1.5870043717627589,1.5929256677627563,164400
1989-11-27,1.5988469123840332,1.6047687483296613,1.592925076438405,1.5988469123840332,686400
1989-11-28,1.5929256677627566,1.5988475059066838,1.5870043717627589,1.5929256677627563,612000
1989-11-29,1.5988469123840332,1.6047687483296613,1.5870037826365055,1.5988469123840332,1150800
1989-11-30,1.592925076438405,1.5988469123840332,1.5810819466908774,1.5988469123840332,706800
1989-12-01,1.6106903553009035,1.6166121923979246,1.5988472232506947,1.6106903553009033,874800
1989-12-04,1.6166116426560357,1.6166116426560357,1.5988466795499254,1.6047685146331787,438000
1989-12-05,1.6047696356278691,1.6106909327037318,1.5751609816724432,1.581082820892334,302400
1989-12-06,1.581082340809223,1.587004178230995,1.563317370687771,1.5751605033874512,396000
1989-12-07,1.569239208109543,1.587004178230995,1.563317370687771,1.5751605033874512,184800
1989-12-08,1.5870044231414795,1.5988475576688217,1.5810825848058347,1.5870044231414795,570000
1989-12-11,1.5988477964079784,1.5988477964079784,1.581082820892334,1.581082820892334,438000
1989-12-12,1.592925076438405,1.5988469123840332,1.5870037826365055,1.5988469123840332,333600
1989-12-13,1.5988475059066838,1.604769344050611,1.5929256677627566,1.5929256677627563,890400
1989-12-14,1.5988474840015934,1.6106906179832607,1.5692393779754639,1.5692393779754639,813600
1989-12-15,1.533709521528948,1.5455526561873805,1.498179575409698,1.5218658447265625,2557200
1989-12-18,1.5277874887992065,1.5277874887992065,1.4863357095512666,1.5041006803512573,2344800
1989-12-19,1.4922577370085053,1.5277876831277553,1.4922577370085053,1.5218658447265625,1317600
1989-12-20,1.5277884636802235,1.5514752872427222,1.515945322971089,1.54555344581604,308400
1989-12-21,1.5573957231870523,1.5988475059066838,1.5573957231870523,1.5929256677627563,918000
1989-12-22,1.5929256459387986,1.5929256459387986,1.563317539912669,1.5692393779754639,326400
1989-12-26,1.563317611942848,1.5870044231414795,1.563317611942848,1.5870044231414795,678000
1989-12-27,1.592925978334317,1.6225346326828003,1.592925978334317,1.6225346326828003,760800
1989-12-28,1.6106898075727825,1.6166116426560357,1.5988466795499254,1.6047685146331787,975600
1989-12-29,1.6047700750636908,1.6284563541412356,1.6047700750636908,1.6284563541412354,1054800
1990-01-02,1.6166125069493835,1.6462206139078026,1.610690668700124,1.6343774795532227,1570800
1990-01-03,1.6402997440354092,1.6699078586875158,1.6402997440354092,1.6462210416793823,1832400
1990-01-04,1.652142744887248,1.652142744887248,1.6166127933842966,1.6225346326828003,794400
1990-01-05,1.6284556413039633,1.6521424521570622,1.6284556413039633,1.6343774795532227,967200
1990-01-08,1.6284556413039633,1.6462206139078026,1.6284556413039633,1.6343774795532227,4144800
1990-01-09,1.6343770446358146,1.6343770446358146,1.6166120767593384,1.6166120767593384,452400
1990-01-10,1.6166121923979246,1.622534029494946,1.5988472232506947,1.6106903553009033,1856400
1990-01-11,1.6106903553009035,1.622534029494946,1.604769060347716,1.6106903553009033,1555200
1990-01-12,1.610690042131561,1.610690042131561,1.5988469123840332,1.5988469123840332,3993600
1990-01-15,1.5988475059066838,1.5988475059066838,1.5810825336188317,1.5929256677627563,576000
1990-01-16,1.5870037826365055,1.5988469123840332,1.5751601107452493,1.5988469123840332,682800
1990-01-17,1.5929256677627566,1.5988475059066838,1.5870043717627589,1.5929256677627563,682800
1990-01-18,1.5870044231414795,1.5988475576688217,1.5810825848058347,1.5870044231414795,1692000
1990-01-19,1.587004178230995,1.6047691483524467,1.5751605033874512,1.5751605033874512,700800
1990-01-22,1.5870051287987443,1.5988482685921044,1.5514751672744753,1.551475167274475,662400
1990-01-23,1.5514751672744753,1.5692401480366098,1.545553326305701,1.551475167274475,733200
1990-01-24,1.5514743269970208,1.5514743269970208,1.5100225469542337,1.539630651473999,1183200
1990-01-25,1.5396306514739988,1.54555248923551,1.5337093558563826,1.539630651473999,1153200
1990-01-26,1.533709521528948,1.5396308177861877,1.515944548469323,1.5218658447265625,1628400
1990-01-29,1.5277880955889112,1.5337099355888393,1.5159449577331543,1.5159449577331543,807600
1990-01-30,1.5159439653894125,1.527787095492603,1.4508053944625028,1.4804140329360962,1306800
1990-01-31,1.4744926046729576,1.5396306514739988,1.4744926046729576,1.539630651473999,554400
1990-02-01,1.5396316043893576,1.54555344581604,1.5337103051069056,1.54555344581604,1591200
1990-02-02,1.54555344581604,1.5573965865251742,1.5337103051069056,1.54555344581604,940800
1990-02-05,1.5396308177861877,1.5396308177861877,1.4922577370085053,1.5218658447265625,963600
1990-02-06,1.515944548469323,1.533709521528948,1.5041008716669375,1.5218658447265625,609600
1990-02-07,1.5159443847157446,1.5396306514739988,1.5041007091927228,1.539630651473999,943200
1990-02-08,1.5514747582644137,1.5929260076856155,1.5514747582644137,1.563317894935608,2467200
1990-02-09,1.563317370687771,1.5751605033874512,1.563317370687771,1.5751605033874512,912000
1990-02-12,1.5633176338675794,1.5751607685610156,1.5277876876433163,1.5337095260620117,1024800
1990-02-13,1.5218670344565484,1.5337107205178167,1.5218670344565484,1.5277888774871826,960000
1990-02-14,1.5277875180948717,1.54555248923551,1.5218656803333608,1.539630651473999,2074800
1990-02-15,1.5396308223367525,1.5396308223367525,1.5337095260620117,1.5337095260620117,186000
1990-02-16,1.5337099355888393,1.539631233444668,1.5159449577331543,1.5159449577331543,1711200
1990-02-20,1.504101277733298,1.5277880955889112,1.4922581398775412,1.5159449577331543,842400
1990-02-21,1.504101277733298,1.5159449577331543,1.4981799798774693,1.5159449577331543,1023600
1990-02-22,1.5159448373859477,1.5277879743015064,1.51002299785614,1.5100229978561401,960000
1990-02-23,1.4922577414190532,1.545552660755448,1.4922577414190532,1.5337095260620117,812400
1990-02-26,1.5277876876433163,1.5337095260620117,1.5159445529498803,1.5337095260620117,602400
1990-02-27,1.5368073945757987,1.5606340475910814,1.530850594985816,1.5546772480010986,3256800
1990-02-28,1.5427638292312622,1.5487200820676694,1.5427638292312622,1.5427638292312622,906000
1990-03-01,1.5427641941657813,1.5546772480010986,1.5427641941657813,1.5546772480010986,1317600
1990-03-02,1.566590301836416,1.566590301836416,1.5546772480010986,1.5546772480010986,838800
1990-03-05,1.5487195253372192,1.5606331174163988,1.5427632746419526,1.5487195253372192,550800
1990-03-06,1.548720448411116,1.5546772480010986,1.5427641941657813,1.5546772480010986,566400
1990-03-07,1.5546769800089213,1.56659003179069,1.5487201814457598,1.5606337785720825,1296000
1990-03-08,1.5546767472322311,1.6023294925689697,1.5546767472322311,1.6023294925689697,889200
1990-03-09,1.596372365951538,1.6023286150162561,1.5904155715426462,1.596372365951538,2192400
1990-03-12,1.590416442570903,1.6142430879115086,1.590416442570903,1.6023294925689697,363600
1990-03-13,1.5963732402421726,1.6142430879115086,1.5963732402421726,1.6023294925689697,3061200
1990-03-14,1.6023282523340214,1.6142418384552,1.6023282523340214,1.6142418384552002,1238400
1990-03-15,1.6023281575481332,1.620197990328759,1.6023281575481332,1.6082849502563477,490800
1990-03-16,1.6142430138303767,1.6321128606796265,1.6142430138303767,1.6321128606796265,1467600
1990-03-19,1.6201988074785927,1.6440254449844358,1.5904159196045087,1.644025444984436,871200
1990-03-20,1.6380694115158598,1.7035925588107859,1.6380694115158598,1.6857227087020874,1414800
1990-03-21,1.7095479699599991,1.721461561061119,1.7035917197537174,1.715504765510559,1138800
1990-03-22,1.7155051101465708,1.7155051101465708,1.6857222170991,1.70359206199646,787200
1990-03-23,1.7095477068142477,1.7274175453709966,1.7035914575247941,1.721461296081543,744000
1990-03-26,1.7333748616670308,1.7333748616670308,1.691678377371251,1.6976351737976074,1422000
1990-03-27,1.6976358765547788,1.7274187803268433,1.6738092263303765,1.7274187803268433,540000
1990-03-28,1.7095482213059625,1.721461814158676,1.691678377371251,1.6976351737976074,1167600
1990-03-29,1.6916787514365228,1.6916787514365228,1.6559390556643112,1.6797657012939453,628800
1990-03-30,1.673809111733257,1.6857227087020874,1.64998300848469,1.6857227087020874,704400
1990-04-02,1.67380919155229,1.67380919155229,1.6380694896305714,1.6559393405914307,1137600
1990-04-03,1.6678517804112962,1.721461296081543,1.6618949857776486,1.721461296081543,631200
1990-04-04,1.715504765510559,1.7274178112674008,1.7035917197537174,1.715504765510559,584400
1990-04-05,1.721461814158676,1.7393316580933875,1.6976351737976076,1.6976351737976074,951600
1990-04-06,1.7095482213059625,1.7155050177323192,1.691678377371251,1.6976351737976074,679200
1990-04-09,1.7035928381957017,1.7035928381957017,1.6857229851563924,1.6916792392730713,360000
1990-04-10,1.6976352652492106,1.70359206199646,1.6857222170991,1.70359206199646,524400
1990-04-11,1.6916789618419557,1.7095488119506543,1.6857227087020874,1.6857227087020874,1129200
1990-04-12,1.673809386233762,1.7035928381957017,1.673809386233762,1.6916792392730713,627600
1990-04-16,1.7035919702239641,1.7333748616670308,1.691678377371251,1.6976351737976074,1112400
1990-04-17,1.7035925588107859,1.7035925588107859,1.679765910217672,1.6857227087020874,1371600
1990-04-18,1.6916790214614434,1.6916790214614434,1.667852917373178,1.6738091707229614,958800
1990-04-19,1.6678522825241089,1.6678522825241089,1.6499824385875805,1.6678522825241089,1144800
1990-04-20,1.6678526511513678,1.6857224990374735,1.6618958534078394,1.6797657012939453,718800
1990-04-23,1.6797659694173106,1.6797659694173106,1.667852917373178,1.6738091707229614,823200
1990-04-24,1.6678522825241089,1.6857221264606375,1.6618954860971467,1.6678522825241089,1068000
1990-04-25,1.6738091707229614,1.6797659694173106,1.667852917373178,1.6738091707229614,338400
1990-04-26,1.6797659694173106,1.6797659694173106,1.6618961186788286,1.6738091707229614,505200
1990-04-27,1.667852082490279,1.67380833285852,1.6380686492719019,1.644025444984436,908400
1990-04-30,1.6440256421606183,1.6738085336067128,1.6380688457336559,1.6678522825241089,342000
1990-05-01,1.6797654203518506,1.70359206199646,1.6797654203518506,1.70359206199646,1179600
1990-05-02,1.7035917197537174,1.715504765510559,1.6976349242031574,1.715504765510559,248400
1990-05-03,1.7155045014478953,1.7333743400046442,1.7155045014478953,1.721461296081543,991200
1990-05-04,1.7333750566657706,1.7512449026107786,1.7274182595692948,1.7512449026107788,1123200
1990-05-07,1.7393323781113366,1.7512454305512455,1.721462526779181,1.7274187803268433,1027200
1990-05-08,1.721461296081543,1.7333743400046442,1.7095477068142477,1.721461296081543,1038000
1990-05-09,1.7155056277921712,1.834637781273999,1.7155056277921712,1.816767930984497,3831600
1990-05-10,1.816766806365425,1.9061160025037935,1.816766806365425,1.828680396080017,4306800
1990-05-11,1.8405933636318172,1.846550158240502,1.8286803197586396,1.8346365690231323,2476800
1990-05-14,1.8346365690231323,1.8405933636318172,1.81676673054127,1.8346365690231323,906000
1990-05-15,1.8167670582521362,1.840593695640564,1.810810807913247,1.840593695640564,1488000
1990-05-16,1.8346365690231323,1.8405933636318172,1.822723525149955,1.8346365690231323,2354400
1990-05-17,1.8346360997448514,1.8346360997448514,1.7988964319229124,1.7988964319229126,1234800
1990-05-18,1.7988976115115294,1.7988976115115294,1.7750715142361515,1.7869845628738403,1306800
1990-05-21,1.78411144484661,1.8499677181243896,1.78411144484661,1.8499677181243896,1310400
1990-05-22,1.8559539209918474,1.8619405031204226,1.8439796604918608,1.8619405031204224,938400
1990-05-23,1.8439793159181765,1.8619401551905006,1.8439793159181765,1.855953574180603,710400
1990-05-24,1.855954550088077,1.87990198296246,1.8379937013714878,1.8679282665252686,1339200
1990-05-25,1.867928334982088,1.867928334982088,1.8140457868576048,1.814045786857605,453600
1990-05-29,1.8260190603022537,1.832006191347153,1.8080582152890463,1.8200324773788452,662400
1990-05-30,1.820032919356422,1.8260195037336153,1.8080586543587875,1.814045786857605,2235600
1990-05-31,1.8140446754462816,1.8200318042769628,1.8080575466156004,1.8080575466156006,916800
1990-06-01,1.808058827923114,1.832006812095642,1.8020722429712395,1.832006812095642,1100400
1990-06-04,1.820032919356422,1.8260195037336153,1.8020720699815942,1.814045786857605,1041600
1990-06-05,1.820032919356422,1.8260195037336153,1.8020720699815942,1.814045786857605,591600
1990-06-06,1.8080585128867377,1.8080585128867377,1.7900976649172615,1.8020719289779663,1011600
1990-06-07,1.8080583573191689,1.8080583573191689,1.7781237959861755,1.7960846424102783,324000
1990-06-08,1.7960838370755263,1.8140446754462816,1.7841101275354523,1.8080575466156006,804000
1990-06-11,1.8200326203495933,1.8200326203495933,1.7960846424102783,1.7960846424102783,379200
1990-06-12,1.796084489899631,1.8379933107044517,1.7900973588928033,1.826019048690796,885600
1990-06-13,1.8379930783632856,1.873914763620409,1.8379930783632856,1.8619405031204224,1027200
1990-06-14,1.8499674178086793,1.8679282665252683,1.8439802855292817,1.8679282665252686,735600
1990-06-15,1.8439794362178266,1.8978619575500488,1.8379928548173694,1.8978619575500488,1580400
1990-06-18,1.8918752527252514,1.897861833735149,1.855953574180603,1.855953574180603,2812800
1990-06-19,1.8499677181243896,1.8679285697566652,1.8439805848730668,1.8499677181243896,667200
1990-06-20,1.855953574180603,1.8619401551905006,1.8439793159181765,1.855953574180603,823200
1990-06-21,1.849966981696036,1.8799015397930208,1.849966981696036,1.8739149570465088,650400
1990-06-22,1.873915703007988,1.9098374062725394,1.8499677181243896,1.8499677181243896,1516800
1990-06-25,1.849966966328506,1.873914941480045,1.843979835510254,1.843979835510254,1819200
1990-06-26,1.8559541125640229,1.8918758015289945,1.8559541125640229,1.8739149570465088,643200
1990-06-27,1.87990198296246,1.8858891152418575,1.8619411342458707,1.8679282665252686,602400
1990-06-28,1.8679286775134858,1.8858895301818848,1.8679286775134858,1.8858895301818848,324000
1990-06-29,1.885890322498422,1.9277991790390385,1.885890322498422,1.909838318824768,967200
1990-07-02,1.8978619044281635,1.9158227443695068,1.8799010644868202,1.9158227443695068,810000
1990-07-03,1.9038495151434935,1.9098366460114804,1.8739149570465088,1.8739149570465088,262800
1990-07-05,1.8739153988046662,1.8858891152418575,1.8679282665252683,1.8679282665252686,494400
1990-07-06,1.867927826178522,1.8858886706610076,1.861940695310535,1.8739149570465088,483600
1990-07-09,1.873915064478026,1.885888778778978,1.873915064478026,1.879901647567749,334800
1990-07-10,1.873914941480045,1.8799015241768269,1.843979835510254,1.843979835510254,2326800
1990-07-11,1.8439793159181765,1.855953574180603,1.8320056057770657,1.855953574180603,1345200
1990-07-12,1.879901647567749,1.8978624930799297,1.873915064478026,1.879901647567749,4080000
1990-07-13,1.9098360591741341,1.9816794150286934,1.9098360591741341,1.9517443180084229,1936800
1990-07-16,1.9517448117881633,2.017601603397087,1.9517448117881633,1.981679916381836,1910400
1990-07-17,1.9816794011727326,1.9876659820378832,1.9577314333482223,1.9756922721862793,1047600
1990-07-18,1.9637194279164618,1.9637194279164618,1.9158234711555313,1.945758581161499,733200
1990-07-19,1.933783071451508,1.9457573269842643,1.8679268585061126,1.9038485288619995,843600
1990-07-20,1.8799011171059747,1.9218099275159315,1.8739145357055178,1.8978619575500488,918000
1990-07-23,1.9038489628663624,1.9038489628663624,1.8499664450493898,1.855953574180603,1824000
1990-07-24,1.8619411342458707,1.8739153988046662,1.8499674178086793,1.8679282665252686,994800
1990-07-25,1.8739145357055178,1.8978619575500488,1.8619402766619007,1.8978619575500488,397200
1990-07-26,1.8918763208570852,1.9337846040725708,1.8918763208570852,1.9337846040725708,1256400
1990-07-27,1.9218120429269634,1.933785767029159,1.8978640466006176,1.909838318824768,343200
1990-07-30,1.8978632492535759,1.9038503828502835,1.861941543916778,1.8858895301818848,847200
1990-07-31,1.8918765546402638,1.8918765546402638,1.8260197332407913,1.8499677181243896,861600
1990-08-01,1.8499674178086793,1.8739153988046662,1.8379937013714878,1.8679282665252686,915600
1990-08-02,1.849967663194619,1.849967663194619,1.8200330940702163,1.832006812095642,2398800
1990-08-03,1.8140449692953835,1.8140449692953835,1.7362144743742647,1.7900969982147217,1920000
1990-08-06,1.7601628025921585,1.7601628025921585,1.7002931368036298,1.7122673988342285,1804800
1990-08-07,1.7002937901774569,1.7182546420037037,1.6523983680146985,1.6643720865249634,1452000
1990-08-08,1.6643711158528878,1.7002927985556218,1.6523974043257694,1.6883190870285034,1636800
1990-08-09,1.682332573810943,1.7002934217453003,1.676345989913877,1.7002934217453003,802800
1990-08-10,1.6943068378482344,1.7122676857825918,1.6883197058295887,1.7002934217453003,674400
1990-08-13,1.6883195048884343,1.7122674819911865,1.6823323735823674,1.7062803506851196,618000
1990-08-14,1.7002934217453003,1.7362151176140148,1.7002934217453003,1.7002934217453003,1940400
1990-08-15,1.7122674819911865,1.7182540651757385,1.700293219379053,1.7062803506851196,778800
1990-08-16,1.706281166696726,1.706281166696726,1.6943074464797974,1.6943074464797974,577200
1990-08-17,1.68233326376524,1.6883203982393142,1.6164769770376413,1.6404249668121338,854400
1990-08-20,1.6254931621337205,1.6315136909050105,1.577330585500553,1.6074321269989014,1710000
1990-08-21,1.5833511502096371,1.6014121920416073,1.5351885557174683,1.589371681213379,2244000
1990-08-22,1.5953910972595193,1.5953910972595193,1.5351874828338623,1.5351874828338623,2018400
1990-08-23,1.4810056518823134,1.5050872283222927,1.4509040947168421,1.4930461645126343,2038800
1990-08-24,1.49906548760899,1.5231470446302111,1.4749839305877688,1.4749839305877686,1488000
1990-08-27,1.4990650381038149,1.5291665619700183,1.4990650381038149,1.5111055374145508,988800
1990-08-28,1.523148395586378,1.5592704875672456,1.5111073308065008,1.5532499551773071,1152000
1990-08-29,1.553249955177307,1.5652904687778022,1.5351889091868731,1.5532499551773071,387600
1990-08-30,1.5652904687778022,1.5773315335576794,1.5412094415768118,1.5532499551773071,574800
1990-08-31,1.565290108377667,1.589371681213379,1.54120908672121,1.589371681213379,684000
1990-09-04,1.5953918410341261,1.6014118194580078,1.5833507818281087,1.6014118194580078,518400
1990-09-05,1.6014122065606715,1.6555953325478285,1.6014122065606715,1.6495753526687622,1332000
1990-09-06,1.6375342905521095,1.6495753526687624,1.6315143106730432,1.6495753526687622,1434000
1990-09-07,1.6375332962729336,1.64355382367571,1.6074317616169032,1.6194722652435303,2414400
1990-09-10,1.6315142958810611,1.6375342757055478,1.5713106393814087,1.5713106393814087,1089600
1990-09-11,1.5713106393814087,1.589371681213379,1.5713106393814087,1.589371681213379,218400
1990-09-12,1.6014116216722512,1.6315137147903442,1.5953916439918794,1.6315137147903442,1466400
1990-09-13,1.6194726333624305,1.6315136909050105,1.6014115982276116,1.6074321269989014,544800
1990-09-14,1.6074323490610165,1.6074323490610165,1.5953918410341261,1.6014118194580078,590400
1990-09-17,1.6134530173965482,1.62549352645874,1.5953919782136734,1.6254935264587402,420000
1990-09-18,1.613452679391112,1.6315137147903442,1.5953916439918794,1.6315137147903442,512400
1990-09-19,1.637534035520932,1.649575095762298,1.619472996338057,1.6254935264587402,793200
1990-09-20,1.6194726333624305,1.6194726333624305,1.5652895279579733,1.6074321269989014,649200
1990-09-21,1.5953909303820057,1.6194719326903055,1.5893704042155248,1.6134519577026367,1318800
1990-09-24,1.6014115982276116,1.6134526557701914,1.5652895279579733,1.6074321269989014,890400
1990-09-25,1.6074318004691084,1.6616148948669434,1.6074318004691084,1.6616148948669434,300000
1990-09-26,1.649575095762298,1.649575095762298,1.6134530173965482,1.6254935264587402,836400
1990-09-27,1.6375329600109365,1.6435534861774177,1.6014109053696746,1.6134519577026367,621600
1990-09-28,1.6014109053696746,1.6134519577026367,1.5893704042155248,1.6134519577026367,1430400
1990-10-01,1.6315143106730432,1.6856974366602004,1.6315143106730432,1.6495753526687622,1244400
1990-10-02,1.6676371097564695,1.6917181419573344,1.6676371097564695,1.6676371097564697,631200
1990-10-03,1.6796776008594971,1.6796776008594971,1.6555960178375244,1.6555960178375244,534000
1990-10-04,1.6676355858244567,1.721818685531616,1.6435540244504994,1.7218186855316162,634800
1990-10-05,1.709777945990081,1.709777945990081,1.6676358947526169,1.6917169094085693,703200
1990-10-08,1.7037584786559197,1.7037584786559197,1.6495753526687624,1.6495753526687622,1314000
1990-10-09,1.6495753377130313,1.6495753377130313,1.589371681213379,1.589371681213379,829200
1990-10-10,1.5893714560447336,1.5893714560447336,1.5592699076490666,1.5773309469223022,1484400
1990-10-11,1.5773309195189857,1.5773309195189857,1.4990662336349487,1.4990662336349487,1288800
1990-10-12,1.5111066507941655,1.5592697858810425,1.4990661426120133,1.5592697858810425,1087200
1990-10-15,1.559269765774328,1.6254933866909156,1.5351881985414202,1.6014118194580078,733200
1990-10-16,1.58937133192599,1.6014118401081423,1.5231477101554518,1.5592697858810425,1286400
1990-10-17,1.5592701285531803,1.5833511502096371,1.5592701285531803,1.5713106393814087,687600
1990-10-18,1.5833505630927924,1.6315136909050105,1.5833505630927924,1.6074321269989014,643200
1990-10-19,1.601412869422702,1.6917181167807394,1.601412869422702,1.6555960178375244,1209600
1990-10-22,1.6495747355021178,1.6736557483673096,1.6435542066962927,1.6736557483673096,661200
1990-10-23,1.673655631013909,1.673655631013909,1.6375335630698749,1.6435540914535522,602400
1990-10-24,1.6555960178375244,1.6736570673091318,1.6375349683659168,1.6555960178375244,1275600
1990-10-25,1.6435544243208147,1.6435544243208147,1.6014118194580078,1.6014118194580078,942000
1990-10-26,1.6074325868397803,1.6134531173333733,1.577331036730232,1.5833510160446167,452400
1990-10-29,1.577330445173289,1.6134525122293262,1.5231473445892334,1.5231473445892334,652800
1990-10-30,1.5412088343327324,1.553249343189206,1.5050867565841461,1.5472288131713867,822000
1990-10-31,1.5532494659350684,1.6134531173333733,1.5532494659350684,1.5833510160446167,660000
1990-11-01,1.5893704042155248,1.6134519577026367,1.5833498780490436,1.6134519577026367,648000
1990-11-02,1.6194732485563905,1.661615863606155,1.6194732485563905,1.6495753526687622,1443600
1990-11-05,1.6616165761165052,1.6676371097564695,1.6435555263761084,1.6676371097564697,829200
1990-11-06,1.667635514509699,1.667635514509699,1.6375334262847898,1.63753342628479,145200
1990-11-07,1.6315127263666347,1.6375327003999094,1.5833496270280882,1.5953906774520874,464400
1990-11-08,1.6014124553132898,1.6134535193003203,1.48702620569192,1.54120934009552,2674800
1990-11-09,1.5625262863472413,1.5625262863472413,1.5504138643000458,1.5564697980880737,2340000
1990-11-12,1.5625258917269107,1.6412580013275146,1.5625258917269107,1.6412580013275146,1035600
1990-11-13,1.6473156232611725,1.6715410405568671,1.641259684790925,1.6654845476150513,756000
1990-11-14,1.671539871130644,1.7139341831207278,1.671539871130644,1.7139341831207275,1047600
1990-11-15,1.707877935980033,1.707877935980033,1.6775965971161968,1.7018214464187622,687600
1990-11-16,1.713933988098346,1.713933988098346,1.6715396809321579,1.6897085905075073,627600
1990-11-19,1.683652516292244,1.7078779198370886,1.677596581259473,1.695765495300293,662400
1990-11-20,1.6836531022481245,1.6897095938599684,1.6715406734958829,1.677597165107727,781200
1990-11-21,1.671539977263304,1.6836524009704588,1.6230897279634684,1.683652400970459,1411200
1990-11-23,1.6715406734958829,1.6897095938599684,1.6594282447436413,1.677597165107727,363600
1990-11-26,1.6775964663524892,1.6897088900596442,1.659427553556149,1.683652400970459,262800
1990-11-27,1.6897086389362812,1.7502718574136227,1.6897086389362812,1.7442153692245483,710400
1990-11-28,1.7442163166246916,1.7442163166246916,1.7139349681737688,1.726047396659851,610800
1990-11-29,1.7260468338779087,1.7260468338779087,1.6957654953002932,1.695765495300293,547200
1990-11-30,1.7018212057114577,1.7321030947634521,1.6957652714780034,1.7139341831207275,969600
1990-12-03,1.7260464591284594,1.7563277911315633,1.7139340372214444,1.7442153692245483,1212000
1990-12-04,1.7442162803901207,1.780554119564915,1.7321038521556638,1.774497628211975,886800
1990-12-05,1.7684415424675677,1.8532296419143675,1.7684415424675677,1.8532296419143677,1540800
1990-12-06,1.8471721229577502,1.8895664263206857,1.829003215012359,1.841116189956665,829200
1990-12-07,1.8532297680678878,1.8835111154020552,1.8411173400285037,1.871398687362671,1270800
1990-12-10,1.8713986873626711,1.8835111154020552,1.865342196107272,1.871398687362671,1261200
1990-12-11,1.8713969083328152,1.8774533938306606,1.8290026187896729,1.8290026187896729,1390800
1990-12-12,1.822948118103632,1.8592859506607056,1.822948118103632,1.8592859506607056,924000
1990-12-13,1.8592854761112874,1.8592854761112874,1.8290035870617563,1.847172498703003,632400
1990-12-14,1.841116189956665,1.8471721229577502,1.7987218865937296,1.841116189956665,562800
1990-12-17,1.8532294604107526,1.8653418864393365,1.8411170343821688,1.8592859506607056,404400
1990-12-18,1.8592856796617523,1.9137924205527688,1.853229190294559,1.8895670175552368,1246800
1990-12-19,1.8774550277388735,1.9259052904741825,1.8713985369701962,1.9198487997055054,1122000
1990-12-20,1.89562350692243,1.9016794418183822,1.8774545932920912,1.8895670175552368,3339600
1990-12-21,1.889565810355464,1.889565810355464,1.8168902022648692,1.8290026187896729,1981200
1990-12-24,1.8168902739978763,1.8168902739978763,1.792664885520935,1.792664885520935,242400
1990-12-26,1.810834330150652,1.810834330150652,1.7866094888953683,1.7987219095230103,432000
1990-12-27,1.7987227914805999,1.7987227914805999,1.7805538743949374,1.7866103649139404,700800
1990-12-28,1.7866094888953683,1.8047783970723685,1.78055300134601,1.7987219095230103,1826400
1990-12-31,1.804778593279031,1.810834527015686,1.7926656168634512,1.810834527015686,699600
1991-01-02,1.8108350918020575,1.8108350918020575,1.7563283443450928,1.7563283443450928,702000
1991-01-03,1.7684413194656372,1.780553745153114,1.7623848293862454,1.7684413194656372,1548000
1991-01-04,1.7805538177490237,1.7926662439303427,1.7684413915677044,1.7805538177490234,696000
1991-01-07,1.7623845787731207,1.774497002738197,1.7381591763717408,1.7502721548080444,1250400
1991-01-08,1.7502720686631446,1.7502720686631446,1.7078777551651,1.7078777551651,3550800
1991-01-09,1.7139349681737688,1.7442163166246916,1.7078784766950104,1.726047396659851,1360800
1991-01-10,1.7199902664696125,1.7442156689172055,1.7139343317111357,1.7381591796875,312000
1991-01-11,1.7260464591284594,1.7442153692245483,1.7260464591284594,1.7442153692245483,487200
1991-01-14,1.7321036136569525,1.7866103649139404,1.7078782060522868,1.7866103649139404,771600
1991-01-15,1.7866108501878244,1.8290046319216782,1.7744978658597257,1.822948694229126,376800
1991-01-16,1.822948475020059,1.9016800913277583,1.8168919835843012,1.877455234527588,3356400
1991-01-17,1.9319613341831077,1.9319613341831077,1.871398103924898,1.8895670175552368,2550000
1991-01-18,1.8895661454680097,1.913791537284851,1.8835096588960532,1.913791537284851,936000
1991-01-21,1.9016794418183822,1.9016794418183822,1.8592856796617523,1.8895670175552368,520800
1991-01-22,1.8774544326288827,1.8835103670065982,1.8229476964022815,1.8350601196289062,291600
1991-01-23,1.8411172146995036,1.8835109871872153,1.8411172146995036,1.8532296419143677,386400
1991-01-24,1.8653410309031415,1.8956229137928386,1.835059702484512,1.841116189956665,2383200
1991-01-25,1.8532297680678878,1.8713986873626711,1.8411173400285037,1.871398687362671,1320000
1991-01-28,1.8774542980281945,1.8895667203864408,1.8653413211987941,1.8835102319717407,1159200
1991-01-29,1.8835105281880433,1.8895670175552366,1.8774545932920912,1.8895670175552368,876000
1991-01-30,1.8835113099231675,1.9319621360273294,1.8835113099231675,1.9016802310943604,1654800
1991-01-31,1.901678171910838,1.925903558731079,1.895622241058931,1.925903558731079,475200
1991-02-01,1.919848288160008,1.9682990924569215,1.9077358643213906,1.962242603302002,2018400
1991-02-04,1.9743554774169156,2.0167498022274617,1.9682995413520863,2.010693311691284,1640400
1991-02-05,2.0288627861750843,2.1136514590883775,2.022806848446635,2.1075949668884277,3129600
1991-02-06,2.1197052612620517,2.143930651183821,2.095480425811224,2.1257617473602295,3228000
1991-02-07,2.1318197052938794,2.1560445574698535,2.0349186331760087,2.0954818725585938,2110800
1991-02-08,2.0894246101379395,2.1075935197913127,2.071255700484566,2.0894246101379395,550800
1991-02-11,2.089425392037169,2.1197067346342218,2.089425392037169,2.1136507987976074,1063200
1991-02-12,2.1075952545529306,2.1197076861345483,2.059144973754883,2.059144973754883,1437600
1991-02-13,2.059143916543979,2.065199851989746,2.0228060859842105,2.065199851989746,1573200
1991-02-14,2.0651994050130194,2.0651994050130194,1.9380170255802582,1.9561859369277954,1683600
1991-02-15,1.9682998717744333,1.98646879196167,1.9440744600343043,1.98646879196167,3291600
1991-02-19,1.9985793828964233,2.0288607038742406,1.9925228969124873,1.9985793828964233,2126400
1991-02-20,2.010693471735951,2.0288623903193224,1.9743556345692086,1.9804121255874634,1124400
1991-02-21,1.9925232519222715,2.0712553658574904,1.9925232519222715,2.047029972076416,1476000
1991-02-22,2.05914373643272,2.0894250744267513,2.047030757658113,2.071256160736084,921600
1991-02-25,2.059143003583991,2.113649725257058,2.059143003583991,2.101536750793457,1179600
1991-02-26,2.111760525452725,2.111760525452725,2.032645942301033,2.038731336593628,801600
1991-02-27,2.0448178440338185,2.0569891930968525,2.032646494970785,2.050903797149658,1872000
1991-02-28,2.0569902180591044,2.075247529335277,2.0569902180591044,2.069162130355835,1730400
1991-03-01,2.0569901324080617,2.0935047534399733,2.044818777787058,2.0813333988189697,1021200
1991-03-04,2.069161252681392,2.0995899061784744,2.069161252681392,2.087418556213379,1335600
1991-03-05,2.081331585754969,2.136103469590626,2.081331585754969,2.1300175189971924,1936800
1991-03-06,2.1421895165924227,2.2030467965919556,2.123932221158875,2.1969614028930664,2631600
1991-03-07,2.1908768886277654,2.1969628434857777,2.1665336263645223,2.172619581222534,1261200
1991-03-08,2.1665339334592013,2.1969631548936377,2.1665339334592013,2.1908771991729736,535200
1991-03-11,2.178704980913731,2.1847903770522876,2.1543617248535156,2.1543617248535156,445200
1991-03-12,2.1665324343074377,2.190875683176678,2.142189742606696,2.148275136947632,1413600
1991-03-13,2.142191667039226,2.148277066846966,2.1056770395167903,2.1178483963012695,994800
1991-03-14,2.111762049685907,2.1239339613935604,2.0935047392933233,2.1056766510009766,1282800
1991-03-15,2.081332602646488,2.087418556213379,2.081332602646488,2.087418556213379,1411200
1991-03-18,2.0752475261688232,2.0874194384469815,2.0691621271986667,2.0752475261688232,1489200
1991-03-19,2.0569891930968525,2.069161099328532,2.0448178440338185,2.050903797149658,955200
1991-03-20,2.0569892740415003,2.0569892740415003,2.0204746682468664,2.0448179244995117,1318800
1991-03-21,2.0569891930968525,2.069161099328532,2.050903797149658,2.050903797149658,439200
1991-03-22,2.050905411677351,2.12393467788344,2.050905411677351,2.111762762069702,529200
1991-03-25,2.1239330768585205,2.1604476824367835,2.1239330768585205,2.1239330768585205,600000
1991-03-26,2.117848719976571,2.117848719976571,2.0813340868735266,2.111762762069702,1076400
1991-03-27,2.117848719976571,2.1361060365280933,2.0995914034250487,2.111762762069702,656400
1991-03-28,2.12393467788344,2.12393467788344,2.0995914034250487,2.111762762069702,723600
1991-04-01,2.0569902180591044,2.093504840611449,2.02047559550676,2.069162130355835,939000
1991-04-02,2.0935046934867687,2.1908771991729736,2.081333339214325,2.1908771991729736,1238400
1991-04-03,2.215219574267499,2.2517341795731793,2.203047667719832,2.2395622730255127,1787400
1991-04-04,2.2760768708816976,2.361277987761866,2.251734172203357,2.2882487773895264,3265200
1991-04-05,2.288249347871142,2.288249347871142,2.190876857375945,2.251734733581543,3189000
1991-04-08,2.2639055289521863,2.2639055289521863,2.2273909236465057,2.2395622730255127,784800
1991-04-09,2.2152204648867455,2.2273918191591897,2.1908771991729736,2.1908771991729736,1921800
1991-04-10,2.215219574267499,2.2639055289521863,2.215219574267499,2.2395622730255127,2910000
1991-04-11,2.2639067591547577,2.4464798848930447,2.2639067591547577,2.4343085289001465,2116200
1991-04-12,2.4221354519490355,2.4221354519490355,2.324763536453247,2.324763536453247,2509800
1991-04-15,2.373450379818678,2.4099650010466576,2.3125924920490775,2.3369357585906982,1160400
1991-04-16,2.312591629139752,2.324763536453247,2.2760770215366577,2.324763536453247,790200
1991-04-17,2.3004210398747373,2.4099648989163915,2.28824968570418,2.37345027923584,2671200
1991-04-18,2.385621145729475,2.4221357579455836,2.385621145729475,2.3977930545806885,1499400
1991-04-19,2.385621734505037,2.3977936463602987,2.3369357585906982,2.3369357585906982,2323800
1991-04-22,2.336934327531861,2.336934327531861,2.2882483814311345,2.312591075897217,780600
1991-04-23,2.2882484597842754,2.300419807434082,2.2760765549658877,2.300419807434082,724200
1991-04-24,2.2760775562717868,2.3612786988083823,2.2760775562717868,2.349106788635254,766800
1991-04-25,2.336934327531861,2.336934327531861,2.312591075897217,2.312591075897217,649200
1991-04-26,2.3004208572449225,2.3004208572449225,2.25173488725898,2.263906240463257,662400
1991-04-29,2.2395622730255127,2.2639055289521863,2.2273909236465057,2.2395622730255127,396600
1991-04-30,2.227391004562378,2.276076961015711,2.2152196547412144,2.227391004562378,715800
1991-05-01,2.215221405029297,2.22739276446728,2.1908781289842096,2.215221405029297,1197000
1991-05-02,2.1908763183408255,2.276076878331193,2.1908763183408255,2.2395622730255127,1251600
1991-05-03,2.251736040512367,2.251736040512367,2.203049488422193,2.215221405029297,736200
1991-05-06,2.203048360104203,2.263906240463257,2.190877006899926,2.263906240463257,1290600
1991-05-07,2.239563173431634,2.263906439145406,2.1908771991729736,2.1908771991729736,727200
1991-05-08,2.215219899131639,2.215219899131639,2.178705288471056,2.20304799079895,1227000
1991-05-09,2.190877006899926,2.263906240463257,2.190877006899926,2.263906240463257,1193400
1991-05-10,2.2639055289521863,2.28824878487886,2.2395622730255127,2.2395622730255127,511800
1991-05-13,2.263905207316081,2.300419807434082,2.263905207316081,2.300419807434082,1744200
1991-05-14,2.288249347871142,2.288249347871142,2.239562824039145,2.251734733581543,475800
1991-05-15,2.239563173431634,2.239563173431634,2.154362579186757,2.1908771991729736,1231200
1991-05-16,2.1908771991729736,2.2030485534454174,2.1908771991729736,2.1908771991729736,713400
1991-05-17,2.190876639635003,2.215219899131639,2.166533380138367,2.20304799079895,900600
1991-05-20,2.176634682676633,2.225548198983861,2.176634682676633,2.2133195400238037,381600
1991-05-21,2.2133210306799977,2.2500059127341796,2.2010929232508962,2.2255496978759766,705000
1991-05-22,2.2133199049754877,2.2866896317676764,2.2133199049754877,2.250004768371582,915600
1991-05-23,2.262232446097098,2.31114538944363,2.250003790435703,2.298917293548584,1288200
1991-05-24,2.2989174473390563,2.3356022972446455,2.2989174473390563,2.311145544052124,617400
1991-05-28,2.2989168917838625,2.347829826582242,2.2989168917838625,2.3233730792999268,751800
1991-05-29,2.3233750751580096,2.384516716003418,2.3233750751580096,2.384516716003418,1403400
1991-05-30,2.396743654250319,2.470113363663762,2.3600587995435975,2.457885265350342,1248600
1991-05-31,2.4456577898363006,2.482342653885012,2.4212010272149587,2.47011399269104,1340400
1991-06-03,2.4701141167293743,2.5067989826202393,2.445657912646551,2.5067989826202393,1983600
1991-06-04,2.5679384863750214,2.6168514138124896,2.5557103944571957,2.5801665782928467,2184000
1991-06-05,2.5679412114823394,2.6413109603818348,2.5679412114823394,2.616854190826416,2995800
1991-06-06,2.592395229976839,2.6046233218946644,2.5679384863750214,2.5801665782928467,1792800
1991-06-07,2.5679399783339605,2.6535377910229285,2.5679399783339605,2.5923967361450195,2133000
1991-06-10,2.5801687144019696,2.5801687144019696,2.494570880578828,2.5067989826202393,708000
1991-06-11,2.4945696816928145,2.531254529953003,2.4945696816928145,2.531254529953003,757200
1991-06-12,2.5190276444282813,2.5190276444282813,2.4701141167293743,2.5067989826202393,1331400
1991-06-13,2.5190265314864946,2.5190265314864946,2.4823416818035184,2.494569778442383,865800
1991-06-14,2.494569778442383,2.494569778442383,2.470113025398271,2.494569778442383,610800
1991-06-17,2.494570755312382,2.494570755312382,2.47011399269104,2.47011399269104,1579800
1991-06-18,2.445657968521118,2.4945709375708818,2.421201204112915,2.445657968521118,917400
1991-06-19,2.4334287003046646,2.44565735934612,2.4089725017547607,2.4089725017547607,455400
1991-06-20,2.4334295992313986,2.4334295992313986,2.372288520504173,2.396744728088379,2255400
1991-06-21,2.408972925787589,2.47011399269104,2.408972925787589,2.47011399269104,1338600
1991-06-24,2.445658262790212,2.4701144703744182,2.384516624296276,2.396744728088379,840000
1991-06-25,2.4212006010297125,2.44565735934612,2.396743842713305,2.4089725017547607,2025000
1991-06-26,2.40897265221958,2.433428852297022,2.3967439924143203,2.421200752258301,672600
1991-06-27,2.4212014954392957,2.4212014954392957,2.384516624296276,2.396744728088379,450600
1991-06-28,2.396744820265807,2.4089734842949277,2.360059947711908,2.384516716003418,1324800
1991-07-01,2.4089725017547607,2.4212006010297125,2.396743842713305,2.4089725017547607,922800
1991-07-02,2.421201376408055,2.433429479598999,2.384516507068539,2.433429479598999,586800
1991-07-03,2.4212014954392957,2.4334295992313986,2.396744728088379,2.396744728088379,657000
1991-07-05,2.384516624296276,2.4334295992313986,2.384516624296276,2.396744728088379,321600
1991-07-08,2.4334291286423286,2.47011399269104,2.3967442645936172,2.47011399269104,423600
1991-07-09,2.470113025398271,2.5190265314864946,2.4578849287594067,2.494569778442383,1164000
1991-07-10,2.5312556193610933,2.5801685848371747,2.4578858912636705,2.47011399269104,1253400
1991-07-11,2.506797875081247,2.5190265314864946,2.470113025398271,2.494569778442383,923400
1991-07-12,2.519026350517192,2.567939293325079,2.4823415034696907,2.543482542037964,547800
1991-07-15,2.531254529953003,2.543482626117612,2.4823415855282054,2.531254529953003,718200
1991-07-16,2.5067989826202393,2.5190276444282813,2.494570880578828,2.5067989826202393,579000
1991-07-17,2.5067982183704838,2.531254974763785,2.457885265350342,2.457885265350342,999000
1991-07-18,2.4578847521825757,2.5557111975646927,2.4456566564221895,2.543482542037964,1315200
1991-07-19,2.531255746469693,2.5434838485111047,2.494570880578828,2.5067989826202393,1391400
1991-07-22,2.494570755312382,2.5067988567397514,2.47011399269104,2.47011399269104,364800
1991-07-23,2.5067979604681816,2.5434828114007226,2.47011310953564,2.482341766357422,624000
1991-07-24,2.4823423719849833,2.4823423719849833,2.3967439924143203,2.421200752258301,600000
1991-07-25,2.4334293064336947,2.445657968521118,2.4089731017921348,2.445657968521118,277200
1991-07-26,2.4456575121022817,2.4456575121022817,2.3845158923755996,2.421200752258301,759000
1991-07-29,2.4212015885573166,2.4212015885573166,2.384516716003418,2.384516716003418,531000
1991-07-30,2.4089725017547607,2.4212006010297125,2.3722876441634013,2.4089725017547607,892200
1991-07-31,2.4089733916471925,2.4212014954392957,2.372288520504173,2.396744728088379,489000
1991-08-01,2.3845158923755996,2.433428852297022,2.347831032492898,2.421200752258301,413400
1991-08-02,2.4334295992313986,2.445658262790212,2.3600598569453592,2.396744728088379,963000
1991-08-05,2.384516329360936,2.4089730936868516,2.3600595650350202,2.372288227081299,424800
1991-08-06,2.384516716003418,2.445658356848827,2.3478318434495193,2.384516716003418,1204200
1991-08-07,2.396742761380622,2.4089714149049053,2.2989168917838625,2.3233730792999268,1987200
1991-08-08,2.3111462808718173,2.3111462808718173,2.225548457058012,2.286689519882202,2371200
1991-08-09,2.274461377271772,2.3478310991192486,2.274461377271772,2.3356029987335205,1211400
1991-08-12,2.3111461726101963,2.421200752258301,2.2989180725714755,2.421200752258301,696000
1991-08-13,2.421201713383198,2.433429818276011,2.347831964492798,2.347831964492798,680400
1991-08-14,2.347831160616003,2.384516022500628,2.347831160616003,2.3600592613220215,780000
1991-08-15,2.347831160616003,2.3722879217946096,2.3356030599099844,2.3600592613220215,223800
1991-08-16,2.3600591995049767,2.3600591995049767,2.3111462381955103,2.3356029987335205,481800
1991-08-19,2.259942280594441,2.2845070600509643,2.210813283920288,2.210813283920288,1135200
1991-08-20,2.2353782503775017,2.284507251161544,2.2353782503775017,2.2722251415252686,604200
1991-08-21,2.296790979895775,2.3582026958465576,2.296790979895775,2.3582026958465576,1246800
1991-08-22,2.3704840370605367,2.4318957328796387,2.3704840370605367,2.4318957328796387,824400
1991-08-23,2.4073311636750008,2.481024980545044,2.4073311636750008,2.481024980545044,265800
1991-08-26,2.481025441962602,2.481025441962602,2.4441785266748437,2.468743324279785,427800
1991-08-27,2.444179105951109,2.444179105951109,2.3950500613368337,2.407332181930542,703800
1991-08-28,2.4441771237821177,2.4441771237821177,2.358201224871667,2.382766008377075,1031400
1991-08-29,2.382766311289729,2.395048423484322,2.358201524661486,2.370483636856079,334800
1991-08-30,2.3582024412942104,2.3704845582628593,2.3336376451176375,2.3459203243255615,382200
1991-09-03,2.3827674292134815,2.4564612614341117,2.3582026310601645,2.444178581237793,2197200
1991-09-04,2.444179105951109,2.444179105951109,2.3704852579099756,2.407332181930542,649200
1991-09-05,2.3827666950204067,2.4318957139497774,2.3704840186087037,2.4196135997772217,858000
1991-09-06,2.4318957139497774,2.4564605045340366,2.4073309233655187,2.4196135997772217,760800
1991-09-09,2.4196132101125647,2.4318953223071573,2.358201524661486,2.370483636856079,199800
1991-09-10,2.3704838619693516,2.3704838619693516,2.2967900573253393,2.309072732925415,822000
1991-09-11,2.3213546506820184,2.3213546506820184,2.2599429645737064,2.2845077514648438,343200
1991-09-12,2.309072538355981,2.3213546506820184,2.2722256391388065,2.2845077514648438,732600
1991-09-13,2.3090733507837284,2.345920262965175,2.2108147308867845,2.2230968475341797,761400
1991-09-16,2.2230967777726427,2.296790599822998,2.2230967777726427,2.296790599822998,546000
1991-09-17,2.2967896050666616,2.321354389190674,2.272225383181649,2.321354389190674,957600
1991-09-18,2.30907453197143,2.30907453197143,2.2476627928412722,2.2599449157714844,1287000
1991-09-19,2.2722263672990417,2.296790599822998,2.2599436887978204,2.296790599822998,1266000
1991-09-20,2.2967896050666616,2.3336365001331805,2.272225383181649,2.321354389190674,1139400
1991-09-23,2.32135484628638,2.32135484628638,2.2845079439643743,2.309072732925415,325200
1991-09-24,2.309072732925415,2.309072732925415,2.2845079439643743,2.309072732925415,583800
1991-09-25,2.321355528148988,2.3582024412942104,2.321355528148988,2.3459203243255615,891000
1991-09-26,2.3459205775521355,2.382767494674738,2.321355778723955,2.3582026958465576,761400
1991-09-27,2.370483636856079,2.382766311289729,2.345919412466893,2.370483636856079,559200
1991-09-30,2.395048809192963,2.4318957139497774,2.345919790263592,2.4196135997772217,563400
1991-10-01,2.4318961576922487,2.4687430691724344,2.4318961576922487,2.456460952758789,1407600
1991-10-02,2.44417770796651,2.44417770796651,2.333636999130249,2.333636999130249,1076400
1991-10-03,2.321356654901642,2.321356654901642,2.2476627928412722,2.2599449157714844,1078800
1991-10-04,2.2476603600137772,2.29678936079782,2.2476603600137772,2.2722251415252686,655200
1991-10-07,2.29678936079782,2.29678936079782,2.2476603600137772,2.2722251415252686,419400
1991-10-08,2.2722251415252686,2.284507251161544,2.2476603600137772,2.2722251415252686,586200
1991-10-09,2.2722251415252686,2.3090720326730354,2.259942469650053,2.2722251415252686,502800
1991-10-10,2.2722264980351174,2.3582024412942104,2.2722264980351174,2.3459203243255615,756000
1991-10-11,2.370483335504878,2.382766008377075,2.3459191142384554,2.382766008377075,398400
1991-10-14,2.3827666950204067,2.4318957139497774,2.3827666950204067,2.4196135997772217,311400
1991-10-15,2.419614864763692,2.4318969853574,2.382767940743125,2.407332181930542,718200
1991-10-16,2.4196144117973404,2.4196144117973404,2.3336378970183773,2.3582026958465576,1396800
1991-10-17,2.3582017885069027,2.3582017885069027,2.2967900961848287,2.333636999130249,540600
1991-10-18,2.3459189238208022,2.3582010334570778,2.2476603600137772,2.2722251415252686,691200
1991-10-21,2.2722276009412448,2.2722276009412448,2.2476627928412722,2.2599449157714844,1071000
1991-10-22,2.28450848356102,2.3090732783242194,2.2599436887978204,2.296790599822998,1097400
1991-10-23,2.2967895472276387,2.382766008377075,2.272225325961216,2.382766008377075,1704600
1991-10-24,2.382766068381205,2.382766068381205,2.321354389190674,2.321354389190674,481200
1991-10-25,2.284509723871457,2.284509723871457,2.2476627928412722,2.2599449157714844,1185600
1991-10-28,2.272225830603409,2.309072732925415,2.2599431550033335,2.309072732925415,1194600
1991-10-29,2.2845077514648438,2.3213546506820184,2.2845077514648438,2.2845077514648438,528000
1991-10-30,2.2967896050666616,2.321354389190674,2.2845074941241554,2.321354389190674,789600
1991-10-31,2.3090734111803393,2.3582024412942104,2.3090734111803393,2.3459203243255615,1203600
1991-11-01,2.3582024412942104,2.3582024412942104,2.321355528148988,2.3459203243255615,2343000
1991-11-04,2.321354389190674,2.3336365001331805,2.2967896050666616,2.321354389190674,766800
1991-11-05,2.3336365001331805,2.370483395199699,2.3090722782481676,2.321354389190674,484200
1991-11-06,2.309073660429533,2.37048481414098,2.309073660429533,2.3582026958465576,313200
1991-11-07,2.382766008377075,2.3950481190102866,2.370483335504878,2.382766008377075,796800
1991-11-08,2.405464474956886,2.405464474956886,2.3561218021602066,2.3807928562164307,336000
1991-11-11,2.393129658675832,2.4054651893675327,2.3684580326080322,2.3684580326080322,484800
1991-11-12,2.405464125402046,2.4424712657928467,2.393128600166495,2.4424712657928467,1701000
1991-11-13,2.4424712657928467,2.454806791028397,2.405464125402046,2.4424712657928467,625200
1991-11-14,2.4424712657928467,2.4424712657928467,2.393128600166495,2.4424712657928467,424800
1991-11-15,2.4671421779346066,2.4671421779346066,2.393127918243408,2.393127918243408,657600
1991-11-18,2.343785561740597,2.380792705161155,2.282107365829131,2.294442892074585,1002000
1991-11-19,2.245100182185932,2.245100182185932,2.1217426632046505,2.146414279937744,3880800
1991-11-20,2.1710855161967686,2.1710855161967686,2.023056971107991,2.084735155105591,4702800
1991-11-21,2.134079171761279,2.195757378644191,2.12174307863726,2.1834218502044678,2215200
1991-11-22,2.171084867725585,2.245099118163004,2.171084867725585,2.2204275131225586,2008200
1991-11-25,2.245102643966675,2.245102643966675,2.208095460630328,2.245102643966675,1630200
1991-11-26,2.245101038479328,2.2697720999379096,2.183422255464074,2.2080938816070557,1923600
1991-11-27,2.20809347176821,2.245100621771676,2.1710863217647445,2.1834218502044678,603600
1991-11-29,2.1834214226952913,2.1834214226952913,2.146414279937744,2.146414279937744,432600
1991-12-02,2.1464132626851398,2.2204275131225586,2.1217416576446944,2.2204275131225586,1039800
1991-12-03,2.2204294123363466,2.257436569208619,2.2080938816070557,2.2080938816070557,1519800
1991-12-04,2.208091992944295,2.2204275131225586,2.171084867725585,2.2204275131225586,321600
1991-12-05,2.2204294123363466,2.232764943065637,2.183422255464074,2.2080938816070557,609600
1991-12-06,2.2080928086933587,2.2080928086933587,2.1464140556478495,2.158749580383301,1431000
1991-12-09,2.1710851192474365,2.18342064085478,2.134077989741423,2.1710851192474365,826200
1991-12-10,2.158748782863404,2.269770158519532,2.158748782863404,2.2204275131225586,608400
1991-12-11,2.220429251846935,2.257436406044384,2.183422097649486,2.1957576274871826,655800
1991-12-12,2.232764180923562,2.2821074163664767,2.2080931278863125,2.2574357986450195,1251600
1991-12-13,2.282107378312855,2.3314500482487843,2.269771287315724,2.3067784309387207,866400
1991-12-16,2.3314497611557616,2.3561213754277808,2.294442622089797,2.343785285949707,415200
1991-12-17,2.319113985208946,2.3437850321250386,2.3067778970668322,2.331449508666992,194400
1991-12-18,2.331450913890769,2.479479543344151,2.331450913890769,2.467144012451172,1751400
1991-12-19,2.4548075199127197,2.479479142393497,2.4178003685337126,2.4548075199127197,750600
1991-12-20,2.4671428809480966,2.4671428809480966,2.430135740557296,2.4424712657928467,1185600
1991-12-23,2.4548071645578924,2.5164859294891357,2.4424716374453377,2.5164859294891357,1370400
1991-12-24,2.504150992111993,2.6275079863412043,2.504150992111993,2.590500831604004,879600
1991-12-26,2.5781649087661274,2.713857412338257,2.565828815943729,2.713857412338257,733200
1991-12-27,2.689187220716324,2.7261943817138676,2.6645155918231405,2.726194381713867,916200
1991-12-30,2.7385278542836504,2.7385278542836504,2.6398419776129836,2.66451358795166,1195800
1991-12-31,2.639845132827759,2.67685231022574,2.6028379554297776,2.639845132827759,1515000
1992-01-02,2.639843323179724,2.6645149460938873,2.504150808862642,2.5411579608917236,2024400
1992-01-03,2.5164880630627255,2.639845132827759,2.504152525491637,2.639845132827759,1117200
1992-01-06,2.6398419776129836,2.66451358795166,2.6275064547856646,2.66451358795166,1976400
1992-01-07,2.6645133665946834,2.676848888397217,2.639841758305624,2.676848888397217,3886800
1992-01-08,2.676850479210876,2.713857631295286,2.6521794209441545,2.6891865730285645,2128800
1992-01-09,2.664514735101508,2.7261935051606554,2.664514735101508,2.713857412338257,1675200
1992-01-10,2.7385284900665283,2.7755356318241837,2.726192964375366,2.7385284900665283,1114800
1992-01-13,2.7385297474795824,2.7755369062293065,2.7015225887298584,2.7015225887298584,1841400
1992-01-14,2.6891851982903363,2.6891851982903363,2.6398419776129836,2.66451358795166,1461000
1992-01-15,2.6521794209441545,2.689186573028564,2.6151722688597445,2.6891865730285645,854400
1992-01-16,2.6645147297393312,2.837214946746826,2.6521792016260393,2.837214946746826,1026000
1992-01-17,2.8865558769129502,2.9482346095194116,2.8742203562652335,2.923563003540039,3612600
1992-01-20,2.886558433536609,2.886558433536609,2.82487964630127,2.8248796463012695,513600
1992-01-21,2.849550175956772,2.849550175956772,2.750864267349243,2.750864267349243,462600
1992-01-22,2.763200703558373,2.8002078533172607,2.7508646105158827,2.8002078533172607,555600
1992-01-23,2.787871710535521,2.812543331496036,2.713857412338257,2.713857412338257,822600
1992-01-24,2.713857631295286,2.726193725112974,2.664514950077515,2.6891865730285645,936000
1992-01-27,2.689186573028564,2.7508647833796958,2.664514950077515,2.6891865730285645,790200
1992-01-28,2.7138568740000344,2.7508640157576902,2.7015213483088725,2.7385284900665283,464400
1992-01-29,2.7755353594609735,2.824878022067797,2.7508637458155043,2.7878708839416504,1060800
1992-01-30,2.8372155505238728,2.8618866120006117,2.7632012367248535,2.7632012367248535,1344600
1992-01-31,2.726193725112974,2.738529254246335,2.689186573028564,2.6891865730285645,1602600
1992-02-03,2.6891855587280036,2.8002069731064423,2.6891855587280036,2.7878708839416504,1362600
1992-02-04,2.7632012367248535,2.7878722982015924,2.750865141302083,2.7632012367248535,795600
1992-02-05,2.7508640157576902,2.763200106133022,2.726192964375366,2.7385284900665283,617400
1992-02-06,2.738529610563713,2.775536767463223,2.7261940798253437,2.7632012367248535,552000
1992-02-07,2.763200106133022,2.787871157515346,2.6891858226177106,2.7385284900665283,805800
1992-02-10,2.750865141302083,2.7878722982015924,2.738529610563713,2.7632012367248535,482400
1992-02-11,2.775536767463223,2.812543924362733,2.750865141302083,2.7632012367248535,490200
1992-02-12,2.7632007138799963,2.8372150136742436,2.7632007138799963,2.8125433921813965,547800
1992-02-13,2.824878920585673,2.84955054207852,2.787871770688549,2.8125433921813965,663600
1992-02-14,2.824878920585673,2.824878920585673,2.80020786377712,2.8125433921813965,605400
1992-02-18,2.824878978057095,2.83721507139664,2.775536298751831,2.775536298751831,928800
1992-02-19,2.7878718274070704,2.812543449401855,2.7632007700965913,2.775536298751831,504000
1992-02-20,2.775536242284273,2.8372150136742436,2.7632007138799963,2.8125433921813965,1189200
1992-02-21,2.8125442358133146,2.8495513968108583,2.713858284925044,2.726194381713867,1263000
1992-02-24,2.713857412338257,2.7385290332987724,2.6891863560620233,2.713857412338257,457800
1992-02-25,2.712369975831144,2.7371406668774623,2.6380584696439895,2.6628291606903076,547200
1992-02-26,2.675214222737567,2.675214222737567,2.62567340759673,2.6628291606903076,1005000
1992-02-27,2.6876011209109096,2.699986758371637,2.588519422938205,2.6256752014160156,1365000
1992-02-28,2.650444370944413,2.761911665520841,2.650444370944413,2.6876001358032227,1405800
1992-03-02,2.6876000391795873,2.7619115662255846,2.6876000391795873,2.7495265007019043,1077000
1992-03-03,2.774299200214591,2.7990693491323326,2.774299200214591,2.786684274673462,318600
1992-03-04,2.811454462653005,2.9600775960628156,2.7866837514339498,2.88576602935791,1419000
1992-03-05,2.9105342986667115,2.9105342986667115,2.786681956261286,2.7990670204162598,1589400
1992-03-06,2.7990670204162598,2.8486084109399465,2.786681956261286,2.7990670204162598,1098600
1992-03-09,2.799067779840056,2.799067779840056,2.7247562408447266,2.7247562408447266,369600
1992-03-10,2.699985980987549,2.737141748767414,2.699985980987549,2.699985980987549,798000
1992-03-11,2.6999857687241446,2.7247559006620317,2.650444370944413,2.6876001358032227,841800
1992-03-12,2.712372682464292,2.712372682464292,2.6504461765289307,2.6504461765289307,990600
1992-03-13,2.675215069834279,2.6999857687241446,2.650444370944413,2.6876001358032227,375600
1992-03-16,2.675215069834279,2.687600135803222,2.6380593049754695,2.6876001358032227,606600
1992-03-17,2.712370737178906,2.7495265007019043,2.6999856716552255,2.7495265007019043,568200
1992-03-18,2.7742968689277507,2.8733785152435303,2.76191123792436,2.8733785152435303,981000
1992-03-19,2.873379309213305,2.873379309213305,2.823838472366333,2.823838472366333,490200
1992-03-20,2.8362235744836037,2.848609209060669,2.7866827370315064,2.848609209060669,690600
1992-03-23,2.848609955372658,2.848609955372658,2.799068537989069,2.836224317550659,331800
1992-03-24,2.860994241739574,2.873379309213305,2.8114534048926014,2.823838472366333,687000
1992-03-25,2.8114538438698817,2.8114538438698817,2.712371587753296,2.712371587753296,622800
1992-03-26,2.7247559006620317,2.7247559006620317,2.675215069834279,2.6876001358032227,883200
1992-03-27,2.675216892293548,2.6876019666996744,2.6504461765289307,2.6504461765289307,522600
1992-03-30,2.675215069834279,2.687600135803222,2.662830003865335,2.6876001358032227,528600
1992-03-31,2.6628304148314075,2.6876005505921765,2.625674644238188,2.675215482711792,901800
1992-04-01,2.675216892293548,2.6999876080581657,2.6504461765289307,2.6504461765289307,487800
1992-04-02,2.675215069834279,2.6999857687241446,2.675215069834279,2.6876001358032227,507600
1992-04-03,2.6876008819861155,2.7247566571608184,2.6752158125785934,2.712371587753296,530400
1992-04-06,2.7247566879480276,2.7742981000421603,2.7123716184005655,2.737142324447632,483600
1992-04-07,2.7247562408447266,2.7619120103423915,2.7123711733295215,2.7247562408447266,597600
1992-04-08,2.7247566879480276,2.749527393995094,2.7123716184005655,2.737142324447632,1033800
1992-04-09,2.8733785152435303,2.9105342743499203,2.8362227561371403,2.8733785152435303,4291800
1992-04-10,2.910534692426154,2.910534692426154,2.848608796321579,2.8609938621520996,1769400
1992-04-13,2.86099427668568,2.8733793443106905,2.848609209060669,2.848609209060669,1016400
1992-04-14,2.848610537155764,2.898151397705078,2.848610537155764,2.898151397705078,1063800
1992-04-15,2.947689815126387,2.9972312015667284,2.9353047519922257,2.9724605083465576,4164000
1992-04-16,2.972462972005208,2.984848045404457,2.885766324305829,2.898151397705078,2285400
1992-04-20,2.8981500465127668,2.9229207487148425,2.8362235744836037,2.848609209060669,523200
1992-04-21,2.823838170167483,2.8362232363158006,2.7990674709188603,2.811453104019165,879000
1992-04-22,2.8114529622242217,2.8114529622242217,2.7495265007019043,2.7495265007019043,2354400
1992-04-23,2.7495265007019043,2.7619115662255846,2.7247558027025858,2.7495265007019043,1783800
1992-04-24,2.749527393995094,2.761912463542556,2.7247566879480276,2.737142324447632,5851800
1992-04-27,2.749526196844469,2.8114526515231293,2.7371411326894948,2.7990670204162598,3216000
1992-04-28,2.8238398234049478,2.9105364711043267,2.8238398234049478,2.898151397705078,2463000
1992-04-29,2.947691956977158,2.9600775960628156,2.8733803902722523,2.88576602935791,3302400
1992-04-30,2.8857645607651126,2.8857645607651126,2.8238380977085655,2.8609938621520996,726000
1992-05-01,2.87338009711225,2.87338009711225,2.786683467119273,2.836224317550659,703200
1992-05-04,2.8486088694161054,2.8486088694161054,2.7990674709188603,2.811453104019165,431400
1992-05-05,2.823838170167483,2.8362232363158006,2.7990674709188603,2.811453104019165,459600
1992-05-06,2.823838170167483,2.823838170167483,2.7990674709188603,2.811453104019165,318600
1992-05-07,2.8114534048926014,2.823838472366333,2.7990677704668228,2.823838472366333,1312800
1992-05-08,2.823837715678103,2.823837715678103,2.786681956261286,2.7990670204162598,767400
1992-05-11,2.823838170167483,2.823838170167483,2.7866824047705423,2.811453104019165,397800
1992-05-12,2.811452299698849,2.811452299698849,2.7247551606075984,2.761910915374756,546600
1992-05-13,2.7742965449316914,2.7742965449316914,2.737140790164534,2.761910915374756,306000
1992-05-14,2.774297198701223,2.774297198701223,2.712370737178906,2.7495265007019043,446400
1992-05-15,2.7619120103423915,2.774297644809646,2.6999861058143164,2.7247562408447266,673800
1992-05-18,2.7356997425817946,2.7356997425817946,2.673525123605941,2.7232649326324463,688200
1992-05-19,2.7605674991315654,2.810307264328003,2.7232625329270848,2.810307264328003,1387800
1992-05-20,2.822743572113196,2.847613178375085,2.822743572113196,2.8351783752441406,786600
1992-05-21,2.822744635543786,2.822744635543786,2.785439642868005,2.7978744506835938,837000
1992-05-22,2.822743415832519,2.822743415832519,2.810308044161257,2.8227434158325195,388200
1992-05-26,2.810309258499183,2.810309258499183,2.785439642868005,2.7978744506835938,580800
1992-05-27,2.810307264328003,2.82274263254857,2.797872465336046,2.810307264328003,216600
1992-05-28,2.835178218275013,2.847613020717507,2.7978732417187633,2.8227434158325195,528600
1992-05-29,2.8351774315405267,2.8351774315405267,2.797872465336046,2.810307264328003,392400
1992-06-01,2.82274272209613,2.82274272209613,2.7605675867067063,2.7730023860931396,363000
1992-06-02,2.7730028815606365,2.7854382523975936,2.7108283042907715,2.7108283042907715,464400
1992-06-03,2.7232663186005936,2.7605713366636158,2.7108315023227205,2.748136520385742,696600
1992-06-04,2.735697841191092,2.748133211726603,2.698392868041992,2.698392868041992,913200
1992-06-05,2.710830122683098,2.7356997425817946,2.661089744427481,2.7232649326324463,1213800
1992-06-08,2.7232626193187777,2.785437754708201,2.7232626193187777,2.7730023860931396,471600
1992-06-09,2.7605703009499445,2.773005112562512,2.6610901003618386,2.685960292816162,2875200
1992-06-10,2.685960292816162,2.6983951044287298,2.6735254812035945,2.685960292816162,994200
1992-06-11,2.6983951044287298,2.7108304852704856,2.6610901003618386,2.685960292816162,277200
1992-06-12,2.7108283042907715,2.7978730540058203,2.7108283042907715,2.7108283042907715,810600
1992-06-15,2.7232626193187777,2.7730023860931396,2.698392451317283,2.7730023860931396,783600
1992-06-16,2.7730023860931396,2.7978725540946345,2.748132787320273,2.7730023860931396,852600
1992-06-17,2.7605690714755013,2.785439252853394,2.7356988900976087,2.7854392528533936,1083600
1992-06-18,2.760569931709603,2.760569931709603,2.710830122683098,2.7232649326324463,766200
1992-06-19,2.710829126682371,2.723263932062979,2.6735241413116455,2.6735241413116455,940200
1992-06-22,2.6735241413116455,2.6859589466922533,2.6610887667021355,2.6735241413116455,814800
1992-06-23,2.6859580667351977,2.7232630398842974,2.6859580667351977,2.698392868041992,426000
1992-06-24,2.698392868041992,2.7232630398842974,2.673523265428403,2.698392868041992,944400
1992-06-25,2.7232652968830533,2.748135489337377,2.685960292816162,2.685960292816162,250200
1992-06-26,2.6735254812035945,2.685960292816162,2.648655288749271,2.685960292816162,443400
1992-06-29,2.6859580667351977,2.698392868041992,2.673523265428403,2.698392868041992,325800
1992-06-30,2.710829562033132,2.7730041681501207,2.710829562033132,2.73569917678833,1003200
1992-07-01,2.7605675867067063,2.7730023860931396,2.735697418705211,2.7730023860931396,769800
1992-07-02,2.7730041681501207,2.7730041681501207,2.6610891940647483,2.73569917678833,1899600
1992-07-06,2.7605675867067063,2.7730023860931396,2.735697418705211,2.7730023860931396,993600
1992-07-07,2.785437754708201,2.7978725540946345,2.7730023860931396,2.7730023860931396,1174200
1992-07-08,2.7605713366636158,2.773006152941489,2.748136520385742,2.748136520385742,642000
1992-07-09,2.7854397583399297,2.7978745666710103,2.7605695724487305,2.7605695724487305,609000
1992-07-10,2.785441538448764,2.785441538448764,2.6610910987524234,2.748136520385742,1368600
1992-07-13,2.7605695724487305,2.7605695724487305,2.7108297698953696,2.7605695724487305,262200
1992-07-14,2.7481347641176495,2.7978745666710103,2.735699386557531,2.7605695724487305,994800
1992-07-15,2.7730028815606365,2.7730028815606365,2.698392933453815,2.7108283042907715,848400
1992-07-16,2.698392451317283,2.7730023860931396,2.698392451317283,2.7730023860931396,814200
1992-07-17,2.7605675867067063,2.7730023860931396,2.7605675867067063,2.7730023860931396,553200
1992-07-20,2.7356988900976087,2.797874058927873,2.7356988900976087,2.7854392528533936,1610400
1992-07-21,2.810308865002352,2.8227442403057657,2.7605690714755013,2.7854392528533936,519600
1992-07-22,2.785439252853394,2.785439252853394,2.7605690714755013,2.7854392528533936,693000
1992-07-23,2.785439642868005,2.7978744506835938,2.7730042658234018,2.7978744506835938,862200
1992-07-24,2.7978732417187633,2.822743415832519,2.785438439276269,2.8227434158325195,1165800
1992-07-27,2.835176944176009,2.9595266204058035,2.835176944176009,2.9222216606140137,1238400
1992-07-28,2.9346596325641383,3.009269618398574,2.922224255439054,2.947094440460205,1284600
1992-07-29,2.971964538213182,2.971964538213182,2.947094353922314,2.959529161453247,1268400
1992-07-30,2.959528188902641,2.9968331684654,2.959528188902641,2.984398365020752,853200
1992-07-31,2.971964538213182,2.9843993457441154,2.947094353922314,2.959529161453247,258000
1992-08-03,2.934660311411135,2.984400123730256,2.934660311411135,2.9719653129577637,582000
1992-08-04,2.959529932956121,2.984400123730256,2.947095122183628,2.9719653129577637,591000
1992-08-05,2.984400123730256,2.996834934502749,2.959529932956121,2.9719653129577637,338400
1992-08-06,2.984398282911263,2.996833086013794,2.9719634798087324,2.996833086013794,1155000
1992-08-07,2.9968318856901286,3.0714418128793315,2.984397087568118,3.0217020511627197,1621200
1992-08-10,2.9968331684654,3.0092685411388627,2.959528188902641,2.984398365020752,587400
1992-08-11,2.984400123730256,2.984400123730256,2.934660311411135,2.9719653129577637,238800
1992-08-12,2.9843967833431675,2.9843967833431675,2.9222216606140137,2.9222216606140137,558000
1992-08-13,2.897354901282593,2.909789710301542,2.8227449087107583,2.8476145267486572,683400
1992-08-14,2.8600499049966754,2.872484714015625,2.847614526748657,2.8476145267486572,690000
1992-08-17,2.8461160659790044,2.8585988407057337,2.8336332912522746,2.846116065979004,945000
1992-08-18,2.8461160659790044,2.8710821868572616,2.8336332912522746,2.846116065979004,693000
1992-08-19,2.8710825166788156,2.9459803164928293,2.8710825166788156,2.896048069000244,669000
1992-08-20,2.921013844477666,2.9334966191500746,2.871082174363236,2.8835649490356445,582600
1992-08-21,2.9085310824622486,2.921013857188978,2.8211499451007467,2.846116065979004,436200
1992-08-24,2.833634153620018,2.833634153620018,2.7712191181418326,2.7837018966674805,181200
1992-08-25,2.746252989665564,2.783701896667481,2.746252989665564,2.7837018966674805,808800
1992-08-26,2.7961852466181014,2.846116932145666,2.783701896667481,2.7837018966674805,921000
1992-08-27,2.7961835844366862,2.858598011387864,2.771217470801435,2.833632469177246,942000
1992-08-28,2.8336329322009814,2.8461157053460115,2.821149587631225,2.8211495876312256,559200
1992-08-31,2.846115241996544,2.87108135564683,2.7961835861206055,2.7961835861206055,1434600
1992-09-01,2.796184716864802,2.896048069000244,2.796184716864802,2.896048069000244,1106400
1992-09-02,2.8960468754903017,2.9334957599639893,2.883564104473949,2.9334957599639893,648600
1992-09-03,2.9459805194903845,2.9709460735321045,2.9459805194903845,2.9709460735321045,839400
1992-09-04,2.9834284938011475,2.9834284938011475,2.908530712127685,2.9085307121276855,840600
1992-09-08,2.921013009763675,2.921013009763675,2.833632469177246,2.833632469177246,252600
1992-09-09,2.833633408750378,2.883565081152537,2.833633408750378,2.871082305908203,652800
1992-09-10,2.8710825166788156,2.9085314165858223,2.846116392932523,2.896048069000244,1204800
1992-09-11,2.9085302179312835,2.958461873421324,2.883564104473949,2.9334957599639893,957000
1992-09-14,2.958463779212359,2.9834299087524414,2.9085320915571917,2.9834299087524414,816600
1992-09-15,2.9834295570011977,2.9834295570011977,2.9459806528188603,2.958463430404663,461400
1992-09-16,2.945979102404971,2.945979102404971,2.9085302179312835,2.9334957599639893,867600
1992-09-17,2.9334966191500746,2.9334966191500746,2.871082174363236,2.8835649490356445,1317600
1992-09-18,2.8960477237080533,2.8960477237080533,2.846116053593623,2.8835649490356445,874200
1992-09-21,2.8960477237080533,2.8960477237080533,2.858598828266032,2.8835649490356445,256800
1992-09-22,2.8960468978724827,2.8960468978724827,2.7961835861206055,2.7961835861206055,1059000
1992-09-23,2.7961835861206055,2.7961835861206055,2.7837002435831457,2.7961835861206055,1451400
1992-09-24,2.796185762745514,2.796185762745514,2.72128793491684,2.7587368488311768,1164000
1992-09-25,2.771218326356676,2.771218326356676,2.671354412409427,2.6963205337524414,1575000
1992-09-28,2.6963197013203155,2.833632469177246,2.6963197013203155,2.833632469177246,551400
1992-09-29,2.8211499451007467,2.8710821868572616,2.8086671703740174,2.846116065979004,273000
1992-09-30,2.8461155954996746,2.8461155954996746,2.79618393342195,2.808666706085205,618600
1992-10-01,2.7837010747054984,2.796184420970078,2.746252178761367,2.7712182998657227,984600
1992-10-02,2.758736339616185,2.783701896667481,2.746252989665564,2.7837018966674805,1984200
1992-10-05,2.7712182043255305,2.783700978734952,2.696320415019435,2.7212865352630615,1387800
1992-10-06,2.7088024601104816,2.758734687153974,2.7088024601104816,2.746251344680786,913200
1992-10-07,2.7712192796681023,2.7712192796681023,2.7337703704833984,2.7337703704833984,304200
1992-10-08,2.758736339616185,2.783701896667481,2.746252989665564,2.7837018966674805,496800
1992-10-09,2.796184420970078,2.796184420970078,2.758735525025947,2.7712182998657227,375000
1992-10-12,2.77121962966093,2.77121962966093,2.758736848831177,2.7587368488311768,379800
1992-10-13,2.7837010494957597,2.8585988407057337,2.7712182747690304,2.846116065979004,975600
1992-10-14,2.8461157053460115,2.8461157053460115,2.821149587631225,2.8211495876312256,526800
1992-10-15,2.8211499451007467,2.8585988407057337,2.8211499451007467,2.846116065979004,658800
1992-10-16,2.846116053593623,2.8835649490356445,2.833633278921215,2.8835649490356445,930600
1992-10-19,2.858599169093237,2.9085314165858223,2.858599169093237,2.896048069000244,747000
1992-10-20,2.8960477237080533,2.945979965247279,2.8835649490356445,2.8835649490356445,856800
1992-10-21,2.8960477237080533,2.9085310698052576,2.8835649490356445,2.8835649490356445,640800
1992-10-22,2.8960477237080533,2.9085310698052576,2.8835649490356445,2.8835649490356445,553200
1992-10-23,2.883564961583991,2.8960477363107207,2.8461160659790044,2.846116065979004,1320000
1992-10-26,2.846116392932523,2.896048069000244,2.846116392932523,2.896048069000244,199800
1992-10-27,2.8835649490356445,2.921013844477666,2.871082174363236,2.8835649490356445,598200
1992-10-28,2.883565081152537,2.8960478563968715,2.833633408750378,2.871082305908203,377400
1992-10-29,2.871082174363236,2.8960477237080533,2.858598828266032,2.8835649490356445,534000
1992-10-30,2.8835645944282895,2.9210134852650205,2.833632930454223,2.9085307121276855,488400
1992-11-02,2.8960473675656244,2.9210134852650205,2.8960473675656244,2.9085307121276855,602400
1992-11-03,2.908530712127685,2.9210134852650205,2.8960473675656244,2.9085307121276855,612600
1992-11-04,2.9210134852650205,2.9459796029644165,2.908530712127685,2.9085307121276855,433800
1992-11-05,2.8960477237080533,2.921013844477666,2.871082174363236,2.8835649490356445,574800
1992-11-06,2.896048069000244,2.9085314165858223,2.858599169093237,2.896048069000244,456600
1992-11-09,2.9085310698052576,2.9085310698052576,2.8835649490356445,2.8835649490356445,433200
1992-11-10,2.9210145262223253,2.9709462079904654,2.9210145262223253,2.958463430404663,1665000
1992-11-11,2.9709462079904654,2.9834295570011977,2.933497303808128,2.958463430404663,1306200
1992-11-12,2.9709451492390864,2.9834284938011475,2.8835645944282895,2.9085307121276855,887400
1992-11-13,2.9085298704742457,2.9334954095245336,2.8835637599993977,2.9210126399993896,1178400
1992-11-16,2.8944495157109458,2.9195098758720563,2.8693891555498356,2.8819196224212646,339000
1992-11-17,2.8944490546886095,2.9195094108581543,2.8819191633946657,2.9195094108581543,498000
1992-11-18,2.932040169543987,2.9571005331271945,2.90697980596078,2.9445700645446777,1419600
1992-11-19,2.9696302857880488,2.9696302857880488,2.9445699234060307,2.9571003913879395,726600
1992-11-20,2.994689859220228,3.019749641418457,2.969629503440351,3.019749641418457,1055400
1992-11-23,3.0322804172578244,3.0949304527639026,2.9696298081700396,3.0824005603790283,663600
1992-11-24,3.0824008745718605,3.1826417446136475,3.0573405136659724,3.1826417446136475,1444200
1992-11-25,3.1826421186165477,3.195172013751039,3.1325213909149174,3.132521390914917,931800
1992-11-27,3.1325206606067395,3.145051126401741,3.094930410385132,3.094930410385132,207600
1992-11-30,3.107462595437444,3.132522393728816,3.0824022235640562,3.11999249458313,616800
1992-12-01,3.0824001630714593,3.1450507640838623,3.069870272301632,3.1450507640838623,450600
1992-12-02,3.1701105456235172,3.182641009974978,3.132520299732402,3.1450507640838623,842400
1992-12-03,3.170112371444702,3.2077026389858725,3.1575824734583,3.170112371444702,799200
1992-12-04,3.182641894539808,3.245291939383164,3.1701114267057027,3.2077016830444336,1327200
1992-12-07,3.207702445524774,3.2327628135681152,3.207702445524774,3.2327628135681152,704400
1992-12-08,3.24529342057363,3.2954141676221704,3.220233620631414,3.2703537940979004,738000
1992-12-09,3.2703527909932255,3.2828826871210794,3.232762529027786,3.2452924251556396,1091400
1992-12-10,3.220231714894694,3.295412217393545,3.1826414636452687,3.195171356201172,1221600
1992-12-11,3.1826428430130678,3.19517274099947,3.1450525754718974,3.170112371444702,500400
1992-12-14,3.1951713420095897,3.220231700591804,3.157581090927124,3.157581090927124,502200
1992-12-15,3.1575817547657326,3.1575817547657326,3.1199914957804262,3.132521390914917,691800
1992-12-16,3.1450507640838623,3.1575806548536898,3.132520299732402,3.1450507640838623,531000
1992-12-17,3.1199914957804262,3.1325213909149174,3.0448109778098136,3.132521390914917,936000
1992-12-18,3.157581090927124,3.157581090927124,3.1450511984268728,3.157581090927124,1879200
1992-12-21,3.132520299732402,3.1701105456235172,3.1199904089625745,3.1450507640838623,589200
1992-12-22,3.1701105456235172,3.182641009974978,3.0949300538412867,3.1450507640838623,1268400
1992-12-23,3.1450507640838623,3.1701105456235172,3.1199904089625745,3.1450507640838623,699000
1992-12-24,3.1575824734583,3.170112371444702,3.1450525754718974,3.170112371444702,204600
1992-12-28,3.1826414495093385,3.1951713420095897,3.1325207323449096,3.157581090927124,1050600
1992-12-29,3.132520299732402,3.1951709007448055,3.132520299732402,3.1450507640838623,1193400
1992-12-30,3.1450518596312413,3.1575817547657326,3.1325213909149174,3.132521390914917,214800
1992-12-31,3.1074595136002374,3.119989400319351,3.0322790461226625,3.06986927986145,1015200
1993-01-04,3.082401326324012,3.1325214818995586,3.069871430825588,3.10746169090271,930600
1993-01-05,3.0949299944910753,3.0949299944910753,3.01974950415055,3.0322799682617188,1026600
1993-01-06,3.0322804172578244,3.0824005603790283,3.007220058906369,3.0824005603790283,569400
1993-01-07,3.0949294297478,3.1199897798156604,3.057339191436768,3.0573391914367676,1348800
1993-01-08,3.057339888297449,3.0698703529782114,3.019749641418457,3.019749641418457,1064400
1993-01-11,3.0072197503193427,3.0322801060992197,3.0072197503193427,3.019749641418457,598800
1993-01-12,3.0197501733294496,3.0448105335235596,3.007220280023269,3.0448105335235596,875400
1993-01-13,3.0448093031935963,3.0823995415046284,3.0448093031935963,3.0573391914367676,422400
1993-01-14,3.044810267950221,3.094930410385132,3.032280375736918,3.094930410385132,724800
1993-01-15,3.1199915864011345,3.170111741976681,3.10746169090271,3.10746169090271,1528200
1993-01-18,3.0698696532614567,3.0823995415046284,3.0448093031935963,3.0573391914367676,367800
1993-01-19,3.032281082675322,3.1450518596312413,3.032281082675322,3.132521390914917,576600
1993-01-20,3.107460918730484,3.107460918730484,3.0322804172578244,3.0824005603790283,811800
1993-01-21,3.094930135176441,3.1074605998572036,3.0072197503193427,3.019749641418457,1804200
1993-01-22,3.01974950415055,3.0698702134319813,3.01974950415055,3.0322799682617188,1602600
1993-01-25,3.032280640217379,3.0573404268297404,3.007220280023269,3.0448105335235596,1286400
1993-01-26,3.057340202027573,3.0949304527639026,3.0448103096426986,3.0824005603790283,879000
1993-01-27,3.0698696532614567,3.0823995415046284,3.057339191436768,3.0573391914367676,875400
1993-01-28,3.082400787023851,3.1074611472179607,3.0448105335235596,3.0448105335235596,912000
1993-01-29,3.0322804172578244,3.0949304527639026,3.0322804172578244,3.0824005603790283,1506600
1993-02-01,3.06987232441837,3.145052866456518,3.06987232441837,3.11999249458313,2317200
1993-02-02,3.132520299732402,3.1575806548536898,3.1199904089625745,3.1450507640838623,1060800
1993-02-03,3.157581635543727,3.2703524082417172,3.145051740882332,3.2578225135803223,1234200
1993-02-04,3.2828829760728695,3.307943344116211,3.220232916337409,3.2327628135681152,2296800
1993-02-05,3.232761690465445,3.295412302017212,3.220231797587783,3.295412302017212,825600
1993-02-08,3.2954134468855045,3.3705939774336002,3.270353078842163,3.345533609390259,835800
1993-02-09,3.3705934393701273,3.4081836986434677,3.2578226615501062,3.2828824520111084,1887600
1993-02-10,3.2954134468855045,3.3330037121595524,3.2954134468855045,3.307943344116211,1869000
1993-02-11,3.333001750210343,3.3455316400654134,3.3079413969186113,3.3204712867736816,1410600
1993-02-12,3.307943344116211,3.345533609390259,3.2828829760728695,3.307943344116211,924600
1993-02-16,3.3330012933592617,3.3330012933592617,3.207700117657097,3.2202305793762207,703200
1993-02-17,3.245290355651444,3.2828805936457908,3.182640341381874,3.2202305793762207,1349400
1993-02-18,3.232761607450598,3.2452915000065015,3.1826414636452687,3.195171356201172,604800
1993-02-19,3.20770190888553,3.20770190888553,3.107461600645935,3.132521390914917,556200
1993-02-22,3.1575824734583,3.1826428430130678,3.1450525754718974,3.170112371444702,431400
1993-02-23,3.1826907936664655,3.1826907936664655,3.1449513748646583,3.1701111793518066,829800
1993-02-24,3.1701122993646664,3.245591163635254,3.15753268060558,3.245591163635254,805800
1993-02-25,3.308489356952319,3.308489356952319,3.2707499368192425,3.2959091663360596,1024800
1993-02-26,3.283329551577651,3.2959091663360596,3.2707499368192425,3.2959091663360596,583200
1993-03-01,3.283329936190568,3.308489744512484,3.2455905116366535,3.2581701278686523,605400
1993-03-02,3.245591245848557,3.2833306789398193,3.195272193679557,3.2833306789398193,859800
1993-03-03,3.258170477776399,3.3210697174072266,3.2204310491694987,3.3210697174072266,649800
1993-03-04,3.321068937290384,3.321068937290384,3.295909132176478,3.3084893226623535,1180800
1993-03-05,3.321070027905841,3.321070027905841,3.245591163635254,3.245591163635254,672000
1993-03-08,3.295909991457408,3.3588092327117924,3.2833303735497297,3.358809232711792,576000
1993-03-09,3.3588091460141265,3.3588091460141265,3.3084900998242532,3.3210697174072266,726000
1993-03-10,3.321069803130761,3.371388850619471,3.2833303735497297,3.358809232711792,492600
1993-03-11,3.321068353966384,3.346228154661135,3.2959085532716332,3.3336479663848877,436800
1993-03-12,3.346229841282048,3.346229841282048,3.245591163635254,3.245591163635254,354000
1993-03-15,3.207849069047679,3.245588469860005,3.18268927655361,3.233008861541748,747000
1993-03-16,3.2330102596118677,3.2455898733700024,3.207850456237793,3.207850456237793,656400
1993-03-17,3.207850456237793,3.258169487128137,3.1952708424796583,3.207850456237793,795000
1993-03-18,3.220430433350755,3.270750045776367,3.2078508181732874,3.270750045776367,1468800
1993-03-19,3.346229926044606,3.346229926044606,3.258170864926295,3.2833306789398193,1380000
1993-03-22,3.2707499368192425,3.333648586469136,3.2707499368192425,3.2959091663360596,910200
1993-03-23,3.3210689717107273,3.3210689717107273,3.283329551577651,3.2959091663360596,485400
1993-03-24,3.2707507556420508,3.371388850619471,3.2707507556420508,3.358809232711792,1776000
1993-03-25,3.358809612742047,3.434288480444115,3.358809612742047,3.4091286659240723,1443000
1993-03-26,3.4091281269399283,3.421708320140048,3.3839688922556284,3.3965485095977783,544800
1993-03-29,3.4091272019521157,3.4468666195968174,3.396547588023153,3.4217073917388916,1194000
1993-03-30,3.4468674659729004,3.4468674659729004,3.421708231937141,3.4468674659729004,314400
1993-03-31,3.44686715516994,3.44686715516994,3.3462290763854985,3.346229076385498,930600
1993-04-01,3.3588090817133587,3.4091281269399283,3.3462294643712083,3.3965485095977783,619200
1993-04-02,3.396548964531683,3.396548964531683,3.3462299125653776,3.371389150619507,747600
1993-04-05,3.3588077670796386,3.3713873794981417,3.3336479663848873,3.3336479663848877,1284600
1993-04-06,3.321068937290384,3.3336485519184142,3.2707499029204175,3.3084893226623535,861000
1993-04-07,3.3084900998242532,3.3210697174072266,3.2959099063832995,3.3210697174072266,480000
1993-04-08,3.321068937290384,3.321068937290384,3.2707499029204175,3.3084893226623535,321000
1993-04-12,3.3336493349901994,3.3336493349901994,3.2959099063832995,3.3210697174072266,845400
1993-04-13,3.3462294643712083,3.3965485095977783,3.333649271171089,3.3965485095977783,623400
1993-04-14,3.421708169694714,3.4594475959198103,3.3965483602586684,3.4342877864837646,838200
1993-04-15,3.459448294964158,3.459448294964158,3.4091286659240723,3.4091286659240723,426600
1993-04-16,3.4091286659240723,3.446868099775106,3.3965490465930808,3.4091286659240723,544800
1993-04-19,3.4217097037651065,3.4217097037651065,3.308491374330138,3.383970260620117,450600
1993-04-20,3.3713887635971,3.409128192204,3.3210697174072266,3.3210697174072266,1138200
1993-04-21,3.321070112031082,3.321070112031082,3.2707510598620817,3.2833306789398193,1808400
1993-04-22,3.2959102980175574,3.308490492953344,3.2204314318350327,3.2833306789398193,805800
1993-04-23,3.258169854741029,3.3588085037343833,3.258169854741029,3.270750045776367,1272000
1993-04-26,3.2455897048956452,3.2455897048956452,3.1323714593760297,3.157531261444092,861000
1993-04-27,3.170112431649818,3.1952722460759158,3.144952617223721,3.182692050933838,812400
1993-04-28,3.182692050933838,3.1952722460759158,3.157532812365799,3.182692050933838,664800
1993-04-29,3.207850456237793,3.207850456237793,3.1323716219733746,3.207850456237793,711600
1993-04-30,3.18268927655361,3.258168078178261,3.18268927655361,3.233008861541748,1065000
1993-05-03,3.207850456237793,3.2204300699959276,3.1952708424796583,3.207850456237793,756600
1993-05-04,3.1826907936664655,3.207850598153614,3.1197921462353406,3.1701111793518066,838800
1993-05-05,3.157532812365799,3.207851865359935,3.157532812365799,3.182692050933838,295800
1993-05-06,3.1701110150668845,3.207850431912919,3.1197919845581055,3.1197919845581055,458400
1993-05-07,3.207851087082739,3.258170127868652,3.19527147085074,3.2581701278686523,855000
1993-05-10,3.2330104831784814,3.3084893226623535,3.2330104831784814,3.3084893226623535,843000
1993-05-11,3.3084900364867886,3.3965485095977783,3.283330225944519,3.3965485095977783,769200
1993-05-12,3.3965490465930808,3.434288480444115,3.3965490465930808,3.4091286659240723,947400
1993-05-13,3.3713880569313575,3.3713880569313575,3.220430374145508,3.220430374145508,1320000
1993-05-14,3.220429902827583,3.220429902827583,3.144951072481173,3.157531261444092,652800
1993-05-17,3.1701130120151015,3.1952728310473075,3.0946341307766465,3.132373571395874,1076400
1993-05-18,3.144953192982895,3.144953192982895,3.0946341307766465,3.132373571395874,744000
1993-05-19,3.119792176823584,3.1952710151672363,3.0694725673559247,3.1952710151672363,544800
1993-05-20,3.195270818250174,3.207850431912919,3.069472378191526,3.1197919845581055,645000
1993-05-21,3.0946319103240967,3.1197917113037055,3.04431288422263,3.0946319103240967,1274400
1993-05-24,3.0820013960236707,3.132526397705078,3.0820013960236707,3.132526397705078,372000
1993-05-25,3.1325278007267574,3.1451587677001953,3.119896255544715,3.1451587677001953,413400
1993-05-26,3.145157315530842,3.1577882766723633,3.132526354389321,3.1577882766723633,1326600
1993-05-27,3.157787679196125,3.1830501749076587,3.145156720444472,3.170419216156006,346200
1993-05-28,3.183050460386111,3.183050460386111,3.094632584778146,3.119894504547119,362400
1993-06-01,3.145157315530842,3.1830507771637437,3.145157315530842,3.1577882766723633,907800
1993-06-02,3.1704198160222226,3.1956817383052654,3.132526354389321,3.1577882766723633,2422800
1993-06-03,3.132526354389321,3.1577882766723633,3.1198948150394616,3.1577882766723633,1128000
1993-06-04,3.1451587677001953,3.1451587677001953,3.119896255544715,3.1451587677001953,1410000
1993-06-07,3.157787983141422,3.157787983141422,3.094632605096061,3.1072635650634766,928200
1993-06-08,3.119892622763289,3.145155105503309,3.094630718231201,3.094630718231201,450600
1993-06-09,3.1198948581805532,3.145157359021257,3.1198948581805532,3.132526397705078,624000
1993-06-10,3.1072627819620693,3.1072627819620693,3.0441068416251684,3.0567383766174316,702000
1993-06-11,3.08200135340656,3.1577882766723633,3.08200135340656,3.1577882766723633,605400
1993-06-14,3.132526354389321,3.1577882766723633,3.08200135340656,3.1577882766723633,357600
1993-06-15,3.132526263064227,3.233575105667114,3.132526263064227,3.2335751056671143,481200
1993-06-16,3.2083127303594665,3.2209436893463135,3.170419275190686,3.2209436893463135,477600
1993-06-17,3.20831298828125,3.20831298828125,3.1577879918555927,3.20831298828125,650400
1993-06-18,3.208313131819869,3.208313131819869,3.170419671909431,3.1830506324768066,683400
1993-06-21,3.2083127303594665,3.2335746483331604,3.19568119316438,3.2209436893463135,471600
1993-06-22,3.233575105667114,3.2462066446487157,3.2209441448938336,3.2335751056671143,810600
1993-06-23,3.233575199938167,3.2588377004295475,3.1577882766723633,3.1577882766723633,1212600
1993-06-24,3.1325260426398858,3.170419500501625,3.094632584778146,3.119894504547119,899400
1993-06-25,3.145157315530842,3.1577882766723633,3.132526354389321,3.1577882766723633,271200
1993-06-28,3.1451571725663685,3.208313131819869,3.1451571725663685,3.1830506324768066,834600
1993-06-29,3.1830507771637437,3.1830507771637437,3.132526354389321,3.1577882766723633,1643400
1993-06-30,3.208313255886351,3.2841001786379316,3.18305075556638,3.2714686393737793,905400
1993-07-01,3.2462066446487157,3.271468566195277,3.233575105667114,3.2335751056671143,511200
1993-07-02,3.2462064464963505,3.2462064464963505,3.1956814500706927,3.20831298828125,301800
1993-07-06,3.2335745881224978,3.2335745881224978,3.170419216156006,3.170419216156006,904200
1993-07-07,3.18305132390509,3.233575755357914,3.1577888190744594,3.1956822872161865,570000
1993-07-08,3.1830501749076587,3.195681133659311,3.1325257616928197,3.170419216156006,1187400
1993-07-09,3.195681593044182,3.208313131819869,3.0693702527454922,3.1830506324768066,466800
1993-07-12,3.1830508211781394,3.1830508211781394,3.1198948581805532,3.132526397705078,294000
1993-07-13,3.132525499406323,3.132525499406323,3.018845145535225,3.0693695545196533,1244400
1993-07-14,3.119896255544715,3.183052246829113,3.119896255544715,3.1451587677001953,1464000
1993-07-15,3.157788133133744,3.195681593044182,3.119894673223306,3.1830506324768066,607800
1993-07-16,3.183052246829113,3.183052246829113,3.0567408424689217,3.1451587677001953,1115400
1993-07-19,3.1325260426398858,3.1325260426398858,3.094632584778146,3.119894504547119,1105800
1993-07-20,3.1451587677001953,3.157789734673633,3.0946343215978396,3.1451587677001953,1017000
1993-07-21,3.145157031853321,3.233574908285793,3.0946326136359494,3.20831298828125,2054400
1993-07-22,3.2335746483331604,3.2462061855282465,3.19568119316438,3.2209436893463135,960600
1993-07-23,3.2209436893463135,3.2335746483331604,3.2083127303594665,3.2209436893463135,583200
1993-07-26,3.2335756725436555,3.271469139714903,3.220944709556047,3.258838176727295,777000
1993-07-27,3.2714683665008932,3.2714683665008932,3.1956814500706927,3.20831298828125,373200
1993-07-28,3.2209436893463135,3.2335746483331604,3.19568119316438,3.2209436893463135,309000
1993-07-29,3.2209436893463135,3.2335746483331604,3.19568119316438,3.2209436893463135,463200
1993-07-30,3.1830504900684216,3.20831298828125,3.1830504900684216,3.20831298828125,803400
1993-08-02,3.20831298828125,3.2209439482835216,3.1830504900684216,3.20831298828125,641400
1993-08-03,3.2083127303594665,3.2209436893463135,3.19568119316438,3.2209436893463135,1198200
1993-08-04,3.2209447920468173,3.2209447920468173,3.1956822872161865,3.1956822872161865,650400
1993-08-05,3.20831298828125,3.2209439482835216,3.17041953006615,3.20831298828125,219600
1993-08-06,3.19568119316438,3.2209436893463135,3.19568119316438,3.2209436893463135,215400
1993-08-09,3.2209441448938336,3.2462066446487157,3.2209441448938336,3.2335751056671143,317400
1993-08-10,3.2588371445150934,3.2588371445150934,3.2209436893463135,3.2209436893463135,655200
1993-08-11,3.233575105667114,3.2462066446487157,3.208313184120553,3.2335751056671143,301200
1993-08-12,3.2462067172621416,3.2967311396937506,3.233575177997989,3.2714686393737793,654600
1993-08-13,3.2967310162775467,3.309361976860514,3.2841000556945796,3.28410005569458,555000
1993-08-16,3.3093623569746824,3.3598873615264893,3.29673139494092,3.3598873615264893,1078200
1993-08-17,3.359886085646977,3.3725170428842732,3.3093611002814733,3.3219926357269287,558000
1993-08-18,3.347255821284348,3.3725183235602514,3.3219938972168235,3.3598873615264893,817200
1993-08-19,3.3598873615264893,3.3725183235602514,3.347255821284348,3.3598873615264893,840000
1993-08-20,3.3851482053299495,3.3977797415411315,3.3472547531127925,3.347254753112793,1374000
1993-08-23,3.359933014198365,3.359933014198365,3.3218960344889563,3.3345754146575928,1150800
1993-08-24,3.3472545751754232,3.3726127578474014,3.33457577403859,3.359933376312256,550800
1993-08-25,3.3726142549848483,3.4740458699026533,3.3726142549848483,3.3979718685150146,1066200
1993-08-26,3.4106509602103228,3.4233297658770274,3.372613962811689,3.3852927684783936,437400
1993-08-27,3.3852924730018406,3.3852924730018406,3.359934283483236,3.3726136684417725,577200
1993-08-30,3.3852925962871976,3.4233295917510986,3.372613791265394,3.4233295917510986,1445400
1993-08-31,3.4233286546494734,3.4486868381500244,3.4106498530983638,3.4486868381500244,739800
1993-09-01,3.4233286546494734,3.4613656397011345,3.3979704711489225,3.4486868381500244,820200
1993-09-02,3.436008699187009,3.524762083346574,3.436008699187009,3.461366891860962,753000
1993-09-03,3.4740445613861084,3.4994027457635557,3.4486869574070127,3.4740445613861084,590400
1993-09-07,3.4486880782966622,3.461366884407065,3.3979716930579715,3.4360086917877197,520200
1993-09-08,3.410651086911597,3.461366891860962,3.410651086911597,3.461366891860962,1299000
1993-09-09,3.448686797256645,3.524760766457907,3.448686797256645,3.5120813846588135,414600
1993-09-10,3.5120805174671186,3.5501174926757812,3.486722920926798,3.5501174926757812,586200
1993-09-13,3.5501183692594447,3.575476552459307,3.4867237818572763,3.5120813846588135,1083600
1993-09-14,3.486725084534915,3.499403890672621,3.4486880857232562,3.461366891860962,639600
1993-09-15,3.461366891860962,3.461366891860962,3.39797170037535,3.461366891860962,496200
1993-09-16,3.4740457672663667,3.5374409600159917,3.461366960875863,3.5247621536254883,691200
1993-09-17,3.461366891860962,3.5120826968103267,3.4233298930493032,3.461366891860962,1999800
1993-09-20,3.474043542258456,3.5627968713441227,3.474043542258456,3.5501174926757812,1695600
1993-09-21,3.5501197664064956,3.6135149591561206,3.4994039604459273,3.5247621536254883,1232400
1993-09-22,3.562797919712466,3.6261925101155756,3.5501185373131623,3.613513708114624,2873400
1993-09-23,3.600836511056146,3.613515318708217,3.5374413119985704,3.5754783153533936,981600
1993-09-24,3.58815676597656,3.58815676597656,3.524762153625488,3.5247621536254883,607800
1993-09-27,3.5501174926757812,3.6008338465527854,3.52475989613546,3.5501174926757812,489000
1993-09-28,3.5754767217134176,3.613513708114624,3.562797919712466,3.613513708114624,870000
1993-09-29,3.5881571230054647,3.600836511056146,3.550120119650641,3.5754783153533936,1809000
1993-09-30,3.5754749278227487,3.6642276580970092,3.5754749278227487,3.6515488624572754,1023000
1993-10-01,3.6515488624572754,3.6769070341348042,3.626190690779746,3.6515488624572754,1181400
1993-10-04,3.626190690779746,3.6515488624572754,3.626190690779746,3.6515488624572754,586800
1993-10-05,3.664229602975126,3.664229602975126,3.5627980232238774,3.562798023223877,703200
1993-10-06,3.5627968713441227,3.575475669614283,3.499401719196958,3.5501174926757812,1087800
1993-10-07,3.5627991531955523,3.5627991531955523,3.524762153625488,3.5247621536254883,427200
1993-10-08,3.550120485034629,3.5627998743902936,3.4613676615383313,3.4994046688079834,986400
1993-10-11,3.5247628671206415,3.5247628671206415,3.4994046688079834,3.4994046688079834,549000
1993-10-12,3.5120816529498837,3.5627980232238774,3.5120816529498837,3.562798023223877,792600
1993-10-13,3.5627979041502402,3.588155508041382,3.5627979041502402,3.588155508041382,885000
1993-10-14,3.600836511056146,3.6515523220630404,3.5754783153533936,3.5754783153533936,727200
1993-10-15,3.6008360385894775,3.6008360385894775,3.512082655474505,3.6008360385894775,663600
1993-10-18,3.600833099500278,3.6515488624572754,3.600833099500278,3.6515488624572754,303600
1993-10-19,3.6515497942064084,3.6515497942064084,3.6008340183085,3.6261916160583496,764400
1993-10-20,3.6388721466064453,3.664229752378994,3.6135139604355038,3.6388721466064453,533400
1993-10-21,3.6515498785817435,3.664228677749634,3.626191699847741,3.664228677749634,647400
1993-10-22,3.664229752378994,3.70226674143621,3.6388721466064453,3.6388721466064453,715200
1993-10-25,3.6261925101155756,3.651550694515831,3.6008349061136724,3.613513708114624,568200
1993-10-26,3.613513692330873,3.613513692330873,3.588155508041382,3.588155508041382,240600
1993-10-27,3.5881546390353662,3.6261916160583496,3.5627970412855166,3.6261916160583496,352800
1993-10-28,3.638872041025212,3.71494601693237,3.638872041025212,3.6895878314971924,555000
1993-10-29,3.689585276771455,3.714943444648247,3.6769064830320466,3.7022640705108643,470400
1993-11-01,3.676908690809449,3.7656614610723187,3.676908690809449,3.7403032779693604,724800
1993-11-02,3.714946124720877,3.714946124720877,3.575476971378288,3.6388721466064453,700800
1993-11-03,3.6388721466064453,3.6515509494927194,3.6135139604355038,3.6388721466064453,498000
1993-11-04,3.626190690779746,3.6642276580970092,3.613511895140012,3.6515488624572754,1947600
1993-11-05,3.626190690779746,3.6642276580970092,3.600833099500278,3.6515488624572754,840000
1993-11-08,3.6642294805115054,3.6642294805115054,3.588155508041382,3.588155508041382,529200
1993-11-09,3.6008340183085,3.6515497942064084,3.5881546390353662,3.6261916160583496,451200
1993-11-10,3.6008349061136724,3.6388718925148793,3.588155523714369,3.613513708114624,519000
1993-11-11,3.588155508041382,3.613513692330873,3.5627979041502402,3.588155508041382,511800
1993-11-12,3.613514844577959,3.613514844577959,3.5627990402254994,3.6008360385894775,389400
1993-11-15,3.6135567216174476,3.6135567216174476,3.549937574519434,3.5626611709594727,789600
1993-11-16,3.575388347536709,3.613559751309523,3.575388347536709,3.6008355617523193,407400
1993-11-17,3.6008340863853907,3.6008340863853907,3.524491310119629,3.524491310119629,411000
1993-11-18,3.5117662027504077,3.5626611709594727,3.4735948309813818,3.5626611709594727,784200
1993-11-19,3.5499402180961943,3.5499402180961943,3.4863210236221085,3.5117688179016113,1263000
1993-11-22,3.524492423816691,3.5372166121811146,3.473597417707029,3.5117688179016113,857400
1993-11-23,3.5244907552150875,3.5244907552150875,3.4354243910775804,3.460872173309326,450000
1993-11-24,3.4863183501341686,3.537213899663854,3.3463570450497775,3.3718042373657227,2721000
1993-11-26,3.409975608288538,3.409975608288538,3.3463570450497775,3.3718042373657227,618000
1993-11-29,3.384531413306623,3.473597830187261,3.384531413306623,3.4099786281585693,1424400
1993-11-30,3.4099772130167283,3.4099772130167283,3.3590822219848633,3.3590822219848633,985200
1993-12-01,3.3972513490538305,3.409974942728408,3.333632215783378,3.3463563919067383,1856400
1993-12-02,3.371803579255893,3.371803579255893,3.333632215783378,3.3463563919067383,701400
1993-12-03,3.3718042373657227,3.409975608288538,3.35908064120775,3.3718042373657227,828000
1993-12-06,3.384531413306623,3.460874222761288,3.384531413306623,3.4099786281585693,1644000
1993-12-07,3.3972555843292707,3.4099791938660604,3.371807782806181,3.3845319747924805,537000
1993-12-08,3.3845319747924805,3.3972555843292707,3.371807782806181,3.3845319747924805,1243800
1993-12-09,3.3972520121305654,3.409975608288538,3.3718042373657227,3.3718042373657227,1206600
1993-12-10,3.371805824130537,3.3845300087253816,3.3590822219848633,3.3590822219848633,1468800
1993-12-13,3.384528415972593,3.3972520121305654,3.35908064120775,3.3718042373657227,1549200
1993-12-14,3.3972536108710547,3.3972536108710547,3.3590822219848633,3.3590822219848633,786000
1993-12-15,3.3845303866070804,3.4099775937395997,3.3718062005915845,3.39725399017334,774000
1993-12-16,3.4354273450440926,3.5117701749339614,3.4354273450440926,3.499046564102173,1055400
1993-12-17,3.499045539991081,3.6008355617523193,3.499045539991081,3.6008355617523193,1731000
1993-12-20,3.6135618381549097,3.7026283042445582,3.5881140267936953,3.6899046897888184,1405800
1993-12-21,3.6135567216174476,3.639003914497525,3.5244897991904467,3.5626611709594727,2215200
1993-12-22,3.5626635289826174,3.6008349260161783,3.524492131949056,3.575387716293335,1566600
1993-12-23,3.5499393123550242,3.5881107028104546,3.537215709686279,3.5372157096862793,906000
1993-12-27,3.5626611709594727,3.58810894628846,3.537213978079395,3.5626611709594727,514800
1993-12-28,3.5881107028104546,3.5881107028104546,3.4990443192308485,3.5372157096862793,402000
1993-12-29,3.5372171861666146,3.6771786212921143,3.5372171861666146,3.6771786212921143,1473600
1993-12-30,3.6644544027567054,3.8171400028715685,3.6644544027567054,3.7280735969543457,2339400
1993-12-31,3.715346980666727,3.728071160660611,3.6390042304992676,3.6390042304992676,847200
1994-01-03,3.6390069655251334,3.6390069655251334,3.5244927542066913,3.6008355617523193,447000
1994-01-04,3.5881122312238136,3.5881122312238136,3.537217216420099,3.549940824508667,334800
1994-01-05,3.537218383373513,3.537218383373513,3.4227041254490067,3.4481513500213623,1190400
1994-01-06,3.4608746758686384,3.4608746758686384,3.409979074602526,3.422703266143799,766200
1994-01-07,3.4608755447571755,3.4735991570433535,3.4354277377351847,3.4481513500213623,477600
1994-01-10,3.4481513500213623,3.4735991570433535,3.397256318427016,3.4481513500213623,1404000
1994-01-11,3.4608727181976002,3.5372154944633625,3.4608727181976002,3.524491310119629,742200
1994-01-12,3.4990469640653443,3.4990469640653443,3.397256318427016,3.4481513500213623,1036800
1994-01-13,3.473595773200665,3.4863193730920035,3.4354243910775804,3.460872173309326,399000
1994-01-14,3.4608721733093257,3.473595773200665,3.4227007911862417,3.460872173309326,804000
1994-01-17,3.4608751491572383,3.499046564102173,3.397255930099158,3.499046564102173,1086000
1994-01-18,3.5244906848738387,3.5626620662351045,3.4863193035125732,3.4863193035125732,1558800
1994-01-19,3.4863193035125732,3.5117670852364355,3.47359570387517,3.4863193035125732,1102200
1994-01-20,3.537217216420099,3.575388623135246,3.5244930258820877,3.549940824508667,1389000
1994-01-21,3.6135567216174476,3.6262803180574865,3.549937574519434,3.5626611709594727,1801200
1994-01-24,3.56266269825251,3.56266269825251,3.4990441063304814,3.524491310119629,723600
1994-01-25,3.537215509091686,3.537215509091686,3.4608727325102047,3.4735963344573975,1063800
1994-01-26,3.499046207972119,3.499046207972119,3.3845319747924805,3.3845319747924805,1186800
1994-01-27,3.397255068355136,3.4608742712756384,3.397255068355136,3.4354264736175537,601800
1994-01-28,3.4863223708208153,3.52449378576575,3.4608751491572383,3.499046564102173,3085200
1994-01-31,3.511767722748138,3.5244913246953313,3.4735963344573975,3.4735963344573975,1692600
1994-02-01,3.4735963344573975,3.4990441208009453,3.4735963344573975,3.4735963344573975,667200
1994-02-02,3.4735963200921742,3.524491310119629,3.4735963200921742,3.524491310119629,703200
1994-02-03,3.5499411044101015,3.562664713501885,3.422703266143799,3.422703266143799,1411800
1994-02-04,3.397252941152639,3.4863193035125732,3.3845293415152358,3.4863193035125732,2668200
1994-02-07,3.4608742712756384,3.473597878879971,3.4227028660132213,3.4354264736175537,1002000
1994-02-08,3.4354264736175533,3.486321486484303,3.409978675959468,3.4354264736175537,910800
1994-02-09,3.460872104237767,3.5244906848738387,3.4481479221513074,3.4863193035125732,779400
1994-02-10,3.4863193730920035,3.4863193730920035,3.448147990968919,3.460872173309326,599400
1994-02-11,3.4863201341129084,3.537215709686279,3.460872928775418,3.5372157096862793,901200
1994-02-14,3.5117701749339614,3.5117701749339614,3.473598759989027,3.499046564102173,321600
1994-02-15,3.4990443192308485,3.537215709686279,3.4863201341129084,3.5372157096862793,995400
1994-02-16,3.5244927542066913,3.613559751309523,3.5244927542066913,3.6008355617523193,1441200
1994-02-17,3.6135567216174476,3.6262803180574865,3.4990426063103692,3.5626611709594727,1177800
1994-02-18,3.5626611709594727,3.5626611709594727,3.4354234592123554,3.5626611709594727,1480200
1994-02-22,3.564196344666716,3.564196344666716,3.5003216632736915,3.551421642303467,1579800
1994-02-23,3.551421074216289,3.5897457599639893,3.551421074216289,3.5897457599639893,411600
1994-02-24,3.576968816862974,3.576968816862974,3.4747700920990194,3.500319480895996,1016400
1994-02-25,3.5130980011828163,3.5386474135510704,3.4747732978418715,3.5258727073669434,666600
1994-02-28,3.5514217848146683,3.602521181106567,3.5514217848146683,3.6025211811065674,661200
1994-03-01,3.576968816862974,3.576968816862974,3.4747700920990194,3.500319480895996,349800
1994-03-02,3.449223389154314,3.487548093478251,3.4108986848303773,3.423673391342163,1277400
1994-03-03,3.410897493362427,3.4364474822496565,3.3725728024257706,3.4108974933624268,664800
1994-03-04,3.4236722933120207,3.4236722933120207,3.359798196450025,3.372572898864746,596400
1994-03-07,3.385347601279467,3.4108975908973,3.372572898864746,3.372572898864746,1713600
1994-03-08,3.372573240881373,3.423672640510698,3.347023248672485,3.3470232486724854,1777800
1994-03-09,3.3342458373315127,3.3725705021284265,3.295921172534599,3.3597958087921143,1021200
1994-03-10,3.359795808792114,3.359795808792114,3.2831464791982863,3.3597958087921143,1554600
1994-03-11,3.3470205306678253,3.359795808792114,3.3086958658709116,3.3597958087921143,987600
1994-03-14,3.3725705021284265,3.4236698602616533,3.3342458373315127,3.3597958087921143,747600
1994-03-15,3.3725705021284265,3.385345195464739,3.3470205306678253,3.3597958087921143,473400
1994-03-16,3.347023725151616,3.347023725151616,3.3086990237766414,3.3342490196228027,916800
1994-03-17,3.3342475832500407,3.3342475832500407,3.295922898385098,3.3214728832244873,1149600
1994-03-18,3.2959241867065434,3.3086988917255145,3.2575994868611184,3.295924186706543,3634800
1994-03-21,3.2831487728161286,3.32147346438679,3.270373485766985,3.3086981773376465,1096800
1994-03-22,3.283149827668033,3.3086992403983895,3.2703745365142827,3.2703745365142822,2132400
1994-03-23,3.270373485766985,3.334248166647549,3.244824081245467,3.3086981773376465,2702400
1994-03-24,3.321474181532997,3.321474181532997,3.283149481687572,3.295924186706543,890400
1994-03-25,3.2959239464890326,3.321473939453321,3.283149242401123,3.283149242401123,1039800
1994-03-28,3.2959239464890326,3.2959239464890326,3.283149242401123,3.283149242401123,952200
1994-03-29,3.283148622463275,3.2959233241390127,3.244823932647705,3.244823932647705,1149600
1994-03-30,3.257600180703577,3.2959248887118546,3.2192754726953,3.2320501804351807,1791600
1994-03-31,3.270373340226797,3.270373340226797,3.1937239604965724,3.257598638534546,3606600
1994-04-04,3.1937233389001394,3.244823305300242,3.180948639694236,3.206498622894287,1732200
1994-04-05,3.2575992494368347,3.321473939453321,3.2575992494368347,3.283149242401123,1883400
1994-04-06,3.2959239464890326,3.3086986505769427,3.2703739535247447,3.283149242401123,1358400
1994-04-07,3.2959234750768878,3.3086981773376465,3.2831487728161286,3.3086981773376465,976200
1994-04-08,3.2959239464890326,3.3086986505769427,3.283149242401123,3.283149242401123,1036200
1994-04-11,3.2959239464890326,3.2959239464890326,3.2575992494368347,3.283149242401123,3581400
1994-04-12,3.283149827668033,3.2959245340332113,3.2703745365142827,3.2703745365142822,601200
1994-04-13,3.283148622463275,3.2959233241390127,3.2192739445078726,3.244823932647705,889200
1994-04-14,3.27037333599918,3.27037333599918,3.23204864618361,3.244823932647705,528600
1994-04-15,3.283148626707407,3.2959233283996583,3.2448239368422946,3.257598638534546,1162800
1994-04-18,3.2703745365142827,3.283149827668033,3.244825123783926,3.2703745365142822,1381200
1994-04-19,3.2703745365142827,3.283149827668033,3.244825123783926,3.2703745365142822,1585200
1994-04-20,3.2703745365142827,3.283149827668033,3.244825123783926,3.2703745365142822,1296600
1994-04-21,3.270373485766985,3.3086981773376465,3.270373485766985,3.3086981773376465,1326600
1994-04-22,3.321473939453321,3.321473939453321,3.283149242401123,3.283149242401123,1378200
1994-04-25,3.283148198359544,3.3214728832244873,3.2703729135457085,3.3214728832244873,909600
1994-04-26,3.2959239464890326,3.3086986505769427,3.2703739535247447,3.283149242401123,748800
1994-04-28,3.2831484808179345,3.2959231819425314,3.2192738056182866,3.219273805618286,1597200
1994-04-29,3.232048506742883,3.232048506742883,3.180949117456164,3.219273805618286,2389800
1994-05-02,3.244823932647705,3.2575986343234424,3.19372395636804,3.244823932647705,359400
1994-05-03,3.257598638534546,3.283148626707407,3.2192739486694335,3.257598638534546,2327400
1994-05-04,3.244823305300242,3.244823305300242,3.1937233389001394,3.206498622894287,506400
1994-05-05,3.2064996770766663,3.232049083888204,3.168174982070923,3.168174982070923,1356600
1994-05-06,3.1426243245601655,3.1426243245601655,3.040424964604381,3.0659749507904053,1440000
1994-05-09,3.065974069629341,3.078748766656749,3.0148746967315674,3.0148746967315674,1579800
1994-05-10,3.0532013057582,3.0659760108740035,3.0276513107380785,3.040426015853882,856800
1994-05-11,3.0532013057582,3.0532013057582,3.040426015853882,3.040426015853882,2089200
1994-05-12,3.078751569567327,3.091526863013569,3.0532021522521973,3.0532021522521973,1417800
1994-05-13,3.0659750950189286,3.104299783706665,3.0532003937191297,3.104299783706665,904800
1994-05-16,3.104301571671134,3.104301571671134,3.0532021522521973,3.0532021522521973,590400
1994-05-17,3.040426858805955,3.078751569567327,3.040426858805955,3.0532021522521973,1110600
1994-05-18,3.078749656677246,3.0915249421859423,3.0659749559568636,3.078749656677246,633600
1994-05-19,3.078749656677246,3.1170743436267068,3.078749656677246,3.078749656677246,581400
1994-05-20,3.078751569567327,3.078751569567327,3.0532021522521973,3.0532021522521973,1771800
1994-05-23,3.0547406673431396,3.0675761046813053,3.041905817546737,3.0547406673431396,633000
1994-05-24,3.05474019731455,3.1189156115055083,3.05474019731455,3.0804104804992676,628800
1994-05-25,3.0932450294494624,3.0932450294494624,3.080410182868051,3.093245029449463,703800
1994-05-26,3.0932452232130943,3.1574206352233887,3.0932452232130943,3.1574206352233887,1211400
1994-05-27,3.157420879338118,3.183091163635254,3.157420879338118,3.183091163635254,2041800
1994-05-31,3.1830905798915405,3.23443055152893,3.1830905798915405,3.2344305515289307,927600
1994-06-01,3.2215962963101092,3.2215962963101092,3.183091163635254,3.183091163635254,963600
1994-06-02,3.183092290176768,3.2087619960170795,3.183092290176768,3.195927143096924,1521600
1994-06-03,3.195927143096924,3.2215974364791404,3.195927143096924,3.195927143096924,597600
1994-06-06,3.272937233064308,3.324277229108223,3.272937233064308,3.2857720851898193,1009800
1994-06-07,3.285772393781045,3.2986078346538967,3.2472672462463374,3.247267246246338,420600
1994-06-08,3.247265586228562,3.2857707140792627,3.23443073945887,3.2729358673095703,435600
1994-06-09,3.2472653975528805,3.27293567714237,3.23443055152893,3.2344305515289307,415800
1994-06-10,3.260101318359375,3.2729361663015673,3.2472658828755057,3.260101318359375,823800
1994-06-13,3.260101020539878,3.2729358673095703,3.260101020539878,3.2729358673095703,456000
1994-06-14,3.2857720851898193,3.2986075248572,3.2857720851898193,3.2857720851898193,1044600
1994-06-15,3.298606449727629,3.298606449727629,3.260101318359375,3.260101318359375,487800
1994-06-16,3.2729375404501173,3.285772393781045,3.2472672462463374,3.247267246246338,1041000
1994-06-17,3.2601000938482447,3.2601000938482447,3.2087595462799077,3.2087595462799072,1436400
1994-06-20,3.1959260120129733,3.2087608603906927,3.183091163635254,3.183091163635254,532200
1994-06-21,3.195924856673269,3.195924856673269,3.1317494629009412,3.144584894180298,528600
1994-06-22,3.170256849714707,3.195927143096924,3.170256849714707,3.195927143096924,539400
1994-06-23,3.1830909175358366,3.208760612306633,3.1574206352233887,3.1574206352233887,316800
1994-06-24,3.157420100543071,3.170254945755005,3.1317498225776506,3.170254945755005,529800
1994-06-27,3.170255284021164,3.170255284021164,3.0932450294494624,3.093245029449463,718800
1994-06-28,3.106079775425198,3.144584894180298,3.0932443441458415,3.144584894180298,1446000
1994-06-29,3.144586030960399,3.2087608603906927,3.1060808982855437,3.183091163635254,1302000
1994-06-30,3.2087602719394406,3.23443055152893,3.157420300302051,3.2344305515289307,1034400
1994-07-01,3.247265216357121,3.247265216357121,3.1702549694273747,3.221595525741577,601200
1994-07-05,3.234430371049349,3.234430371049349,3.208760092892248,3.221595525741577,408000
1994-07-06,3.221597539584482,3.285772393781045,3.221597539584482,3.247267246246338,759600
1994-07-07,3.2472658828755057,3.260101318359375,3.2344310349333134,3.260101318359375,727200
1994-07-08,3.234429820064076,3.2472646631854323,3.1830898600371955,3.2087595462799072,532800
1994-07-11,3.221595131690497,3.221595131690497,3.106079775425198,3.144584894180298,769200
1994-07-12,3.1317503452301025,3.1317503452301025,3.1189154978761824,3.1317503452301025,749400
1994-07-13,3.1445857878379906,3.1574206352233887,3.1189155055255426,3.1574206352233887,876000
1994-07-14,3.234431144687828,3.2857711257404025,3.183091163635254,3.183091163635254,1231800
1994-07-15,3.1959260120129733,3.2087608603906927,3.144586030960399,3.183091163635254,1132200
1994-07-18,3.2087617973530125,3.3114423769827117,3.2087617973530125,3.2857720851898193,1599000
1994-07-19,3.3114418983459473,3.324276748616306,3.298607048075589,3.3114418983459473,600000
1994-07-20,3.3242770522813374,3.3627821941515528,3.2857719104111216,3.298607349395752,814800
1994-07-21,3.3242764472961426,3.3242764472961426,3.2729364633265,3.3242764472961426,1837200
1994-07-22,3.3371126006815506,3.3756177438142534,3.3371126006815506,3.349947452545166,2108400
1994-07-25,3.349947452545166,3.3756177438142534,3.3371126006815506,3.349947452545166,501000
1994-07-26,3.3371121864284485,3.3499470366988073,3.2729367599930876,3.3114418983459473,1930800
1994-07-27,3.285772018143375,3.349947452545166,3.2729371662797595,3.349947452545166,1177200
1994-07-28,3.3627817630767822,3.388452050213533,3.337112063481794,3.3627817630767822,498600
1994-07-29,3.349947452545166,3.3756177438142534,3.3371126006815506,3.349947452545166,376200
1994-08-01,3.3499473867589975,3.414122819900513,3.3499473867589975,3.4141228199005127,409800
1994-08-02,3.4141229290131276,3.4654629246420177,3.4141229290131276,3.4397926330566406,1020600
1994-08-03,3.4397909280984433,3.5039663314819336,3.4397909280984433,3.5039663314819336,1253400
1994-08-04,3.5039669154735096,3.5039669154735096,3.4269566535949707,3.4269566535949707,1170000
1994-08-05,3.414122819900513,3.4269576715120778,3.3884525291355376,3.4141228199005127,706200
1994-08-08,3.4269552053821606,3.4269552053821606,3.3627798184229944,3.40128493309021,547200
1994-08-09,3.401286900011027,3.401286900011027,3.3627817630767822,3.3627817630767822,753000
1994-08-10,3.388452595677869,3.388452595677869,3.3371126006815506,3.349947452545166,1711800
1994-08-11,3.3499460812747026,3.3627809278844882,3.337111234664917,3.337111234664917,1390800
1994-08-12,3.349947452545166,3.349947452545166,3.324277161276078,3.349947452545166,924000
1994-08-15,3.3627817630767822,3.3627817630767822,3.3499469132792883,3.3627817630767822,369600
1994-08-16,3.414122337350283,3.414122337350283,3.3627817630767822,3.3627817630767822,1420200
1994-08-17,3.3756172004160385,3.388452050213533,3.3499469132792883,3.3627817630767822,1252800
1994-08-18,3.3756177438142534,3.3756177438142534,3.324277161276078,3.349947452545166,1701000
1994-08-19,3.3371121864284485,3.3499470366988073,3.298607048075589,3.3114418983459473,1008000
1994-08-22,3.2872051416441455,3.35166034112254,3.2614229438321525,3.325878143310547,863400
1994-08-23,3.3129884293217593,3.3774430599004597,3.300097031123324,3.351661443710327,1432800
1994-08-24,3.35166034112254,3.35166034112254,3.3000959454985543,3.325878143310547,2122800
1994-08-25,3.338770060616529,3.3774430751800537,3.325879252463144,3.3774430751800537,981000
1994-08-26,3.3645502693016565,3.4032232609028252,3.351659468802274,3.3903324604034424,1528800
1994-08-29,3.403225130838232,3.429007336106304,3.3387699127197266,3.3387699127197266,481200
1994-08-30,3.3774430751800537,3.403225281590194,3.3516614588732847,3.3774430751800537,472200
1994-08-31,3.390332017405996,3.4418958027689697,3.3774406284880447,3.4161136150360107,664200
1994-09-01,3.403225281590194,3.403225281590194,3.3645522670266694,3.3774430751800537,947400
1994-09-02,3.3774430599004597,3.3774430599004597,3.338770045511892,3.351661443710327,882600
1994-09-06,3.364552251805393,3.364552251805393,3.338770045511892,3.351661443710327,712800
1994-09-07,3.3645528771660542,3.403225898742676,3.351662066675007,3.403225898742676,703200
1994-09-08,3.390333100794914,3.4290060997009277,3.390333100794914,3.4290060997009277,688200
1994-09-09,3.403225281590194,3.403225281590194,3.3645522670266694,3.3774430751800537,1141200
1994-09-12,3.3645502693016565,3.4032232609028252,3.3645502693016565,3.3903324604034424,809400
1994-09-13,3.364552117987798,3.403225130838232,3.3387699127197266,3.3387699127197266,1195800
1994-09-14,3.3645525856877434,3.3645525856877434,3.3000973586094413,3.312988758087158,679200
1994-09-15,3.338769816501543,3.377442828237481,3.325879009290673,3.3645520210266113,951000
1994-09-16,3.3516612138157416,3.377442828237481,3.325879009290673,3.3645520210266113,1242600
1994-09-19,3.3903347945397497,3.416116413288329,3.312988758087158,3.312988758087158,669000
1994-09-20,3.2872067519150536,3.300097562084154,3.2614245414733887,3.2614245414733887,661800
1994-09-21,3.248532867342094,3.2743150709268636,3.209859857016593,3.222750663757324,1089600
1994-09-22,3.222750894103141,3.2743153049582414,3.20986008644104,3.20986008644104,500400
1994-09-23,3.1969690502758614,3.2614236740828253,3.1969690502758614,3.222750663757324,498000
1994-09-26,3.22275127881468,3.2872065050261363,3.22275127881468,3.2485334873199463,938400
1994-09-27,3.2356420606013625,3.2743150709268636,3.209859857016593,3.222750663757324,455400
1994-09-28,3.20985898260257,3.2356411791638804,3.171185982812178,3.1840767860412598,833400
1994-09-29,3.171186846691092,3.2356420606013625,3.171186846691092,3.222750663757324,942000
1994-09-30,3.2356422918685905,3.2614239071927917,3.20986008644104,3.20986008644104,1008000
1994-10-03,3.235642678119023,3.274315695825213,3.22275127881468,3.2485334873199463,2285400
1994-10-04,3.2356411791638804,3.2485319823929624,3.1325129830217855,3.1840767860412598,1147800
1994-10-05,3.184077635516095,3.1969690322875977,3.132513818739995,3.1969690322875977,1734600
1994-10-06,3.1840784491988616,3.1840784491988616,3.1454054292081732,3.17118763923645,756600
1994-10-07,3.1969690322875977,3.209859838955797,3.184077635516095,3.1969690322875977,1254000
1994-10-10,3.1969684761122137,3.2356414794921875,3.1969684761122137,3.2356414794921875,1099800
1994-10-11,3.235642579104087,3.3129886121495757,3.235642579104087,3.274315595626831,1431000
1994-10-12,3.2872066557232533,3.3258796752023505,3.2614244460360395,3.3000974655151367,823200
1994-10-13,3.338770045511892,3.364552251805393,3.3258792374168253,3.351661443710327,2068800
1994-10-14,3.3516614588732847,3.3774430751800537,3.31298844430976,3.3774430751800537,1488600
1994-10-17,3.390334458098895,3.390334458098895,3.351661443710327,3.351661443710327,558000
1994-10-18,3.351661310405435,3.364552117987798,3.3387699127197266,3.3387699127197266,805800
1994-10-19,3.3129882020798034,3.377442828237481,3.3129882020798034,3.3645520210266113,814800
1994-10-20,3.338770229762471,3.35166162867232,3.2485333879105345,3.274315595626831,1632600
1994-10-21,3.287206223028258,3.364552251805393,3.235642400544624,3.351661443710327,760200
1994-10-24,3.351659468802274,3.429005452004611,3.351659468802274,3.3903324604034424,1590600
1994-10-25,3.3645511449769487,3.3774419488313576,3.312987339456138,3.325878143310547,853800
1994-10-26,3.351661884889564,3.351661884889564,3.2872066557232533,3.3000974655151367,325800
1994-10-27,3.3258792374168253,3.351661443710327,3.300097031123324,3.351661443710327,243000
1994-10-28,3.338770666080481,3.4161167092337235,3.325879855589433,3.403225898742676,671400
1994-10-31,3.4032250327625495,3.4290072372876175,3.3645520210266113,3.3645520210266113,580200
1994-11-01,3.3645511449769487,3.3903333427889417,3.325878143310547,3.325878143310547,365400
1994-11-02,3.3000959454985543,3.3774419488313576,3.2872051416441455,3.325878143310547,451800
1994-11-03,3.3258796752023505,3.338770484994234,3.2872066557232533,3.3000974655151367,307800
1994-11-04,3.3258789455189426,3.351661149549652,3.2743151275608398,3.287205934524536,1094400
1994-11-07,3.2872051416441455,3.325878143310547,3.2743143377897366,3.325878143310547,434400
1994-11-08,3.3387699127197266,3.351661310405435,3.300096899869292,3.3387699127197266,411000
1994-11-09,3.377442925570161,3.377442925570161,3.300096899869292,3.3387699127197266,801000
1994-11-10,3.351661443710327,3.3774430599004597,3.338770045511892,3.351661443710327,256200
1994-11-11,3.3258795674614476,3.338770376835737,3.3000973586094413,3.312988758087158,693600
1994-11-14,3.32748892352909,3.353383382303553,3.301593872068457,3.3145411014556885,814800
1994-11-15,3.3145418780956546,3.379279225572948,3.288647413253784,3.288647413253784,763200
1994-11-16,3.3015933036804195,3.3404355778413657,3.3015933036804195,3.30159330368042,548400
1994-11-17,3.3015957367917323,3.3274908028777572,3.223911131220162,3.236858367919922,717000
1994-11-18,3.2368564471536687,3.2498042688566335,3.185066938400268,3.1850669384002686,891600
1994-11-21,3.210961989120045,3.223909218136857,3.1591718876804915,3.1850669384002686,895800
1994-11-22,3.159172271025218,3.198014555475062,3.1332778098494725,3.1721200942993164,779400
1994-11-23,3.146225690841675,3.159172924106068,3.0814883391470143,3.146225690841675,924000
1994-11-25,3.1462239269793217,3.1591711529851327,3.1332767009735107,3.1332767009735107,319800
1994-11-28,3.1462248283902046,3.185067110222182,3.1462248283902046,3.1591720581054688,723600
1994-11-29,3.1462246586636797,3.185066938400268,3.1462246586636797,3.1850669384002686,550800
1994-11-30,3.19801416741708,3.210961989120045,3.1721197093834563,3.1850669384002686,478200
1994-12-01,3.1850679833212014,3.1850679833212014,3.146225690841675,3.146225690841675,617400
1994-12-02,3.1462252182115082,3.198014736175537,3.1462252182115082,3.198014736175537,545400
1994-12-05,3.2109618186950684,3.2239090470246934,3.198013997679322,3.2109618186950684,310200
1994-12-06,3.1980155085652933,3.2498056317240134,3.1980155085652933,3.2239105701446533,696600
1994-12-07,3.2239105701446533,3.2368578045911325,3.210963335698174,3.2239105701446533,636000
1994-12-08,3.2498040963700645,3.2562774141918163,3.2109618186950684,3.2109618186950684,449400
1994-12-09,3.2109625601812386,3.2239097915006814,3.185067504856095,3.198014736175537,1494600
1994-12-12,3.185066769349697,3.2239090470246934,3.172119541020072,3.2109618186950684,637800
1994-12-13,3.2109625601812386,3.249804846825825,3.198014736175537,3.198014736175537,1581000
1994-12-14,3.210963335698174,3.2627528661704925,3.185068274118814,3.2239105701446533,1804800
1994-12-15,3.2368570228201237,3.249804846825825,3.185067504856095,3.198014736175537,1175400
1994-12-16,3.2239096053811007,3.3663315124178426,3.2239096053811007,3.3404364585876465,2202600
1994-12-19,3.353383370036075,3.353383370036075,3.249804349944801,3.262751579284668,835200
1994-12-20,3.288646642681226,3.3404361529163213,3.275698820607824,3.3145411014556885,1203000
1994-12-21,3.3404364585876465,3.3792787429898286,3.3145414047574504,3.3404364585876465,2055000
1994-12-22,3.366332053018141,3.418121576309204,3.366332053018141,3.418121576309204,1476600
1994-12-23,3.4440151202945937,3.4569623472541253,3.379277800124819,3.3922250270843506,437400
1994-12-27,3.405172301705648,3.4310667514801025,3.405172301705648,3.4310667514801025,274800
1994-12-28,3.4310692961090186,3.4310692961090186,3.366332530975342,3.366332530975342,699000
1994-12-29,3.3792797654647964,3.392226999954251,3.366332530975342,3.366332530975342,592200
1994-12-30,3.3663315016193347,3.4569633007049556,3.353383678402658,3.456963300704956,1572600
1995-01-03,3.418121576309204,3.418121576309204,3.3533842276806354,3.418121576309204,519000
1995-01-04,3.3922265473350195,3.4051743727832706,3.3404370236009884,3.353384256362915,521400
1995-01-05,3.379279285669327,3.43106880896039,3.3533842276806354,3.418121576309204,1113600
1995-01-06,3.418120073689472,3.418120073689472,3.39222502708435,3.3922250270843506,933000
1995-01-09,3.392227086734122,3.392227086734122,3.353384789585692,3.379279851913452,523200
1995-01-10,3.392226999954251,3.418122061619564,3.366332530975342,3.366332530975342,1486200
1995-01-11,3.392227086734122,3.4051749142412118,3.353384789585692,3.379279851913452,1070400
1995-01-12,3.3922265183205127,3.418121576309204,3.379279285669327,3.418121576309204,494400
1995-01-13,3.418122061619564,3.4310692961090186,3.366332530975342,3.366332530975342,1177200
1995-01-16,3.392227086734122,3.431069383882553,3.366332617092781,3.379279851913452,1081200
1995-01-17,3.366332617092781,3.392227086734122,3.366332617092781,3.379279851913452,1666800
1995-01-18,3.3533847037994833,3.4051748271301094,3.3533847037994833,3.366332530975342,804600
1995-01-19,3.366332053018141,3.418121576309204,3.3533842276806354,3.418121576309204,913200
1995-01-20,3.3922259735618145,3.3922259735618145,3.327489228015661,3.3404364585876465,815400
1995-01-23,3.3145413941250745,3.4569633007049556,3.3145413941250745,3.456963300704956,1222800
1995-01-24,3.4440158193355206,3.5346476118201307,3.418120767474412,3.521700382232666,1165200
1995-01-25,3.5087525599590226,3.560542663681239,3.495805330371558,3.521700382232666,1319400
1995-01-26,3.508754253387451,3.508754253387451,3.4828597817150855,3.508754253387451,673200
1995-01-27,3.508753361344617,3.5217011865754935,3.469911071024616,3.482858896255493,775200
1995-01-30,3.482857966580639,3.482857966580639,3.444015686628759,3.469910144805908,625800
1995-01-31,3.4958051956692135,3.5087524247577884,3.469910144805908,3.469910144805908,795600
1995-02-01,3.508750339144778,3.508750339144778,3.4828558963593728,3.495803117752075,641400
1995-02-02,3.482859216423045,3.573491037939087,3.482859216423045,3.547595977783203,1099200
1995-02-03,3.5734897578264784,3.612332037802853,3.547594706946843,3.5864369869232178,946800
1995-02-06,3.5864384829721625,3.6123335446536786,3.560544013977051,3.560544013977051,438600
1995-02-07,3.586437941280914,3.5993857665092506,3.5346484184265137,3.5346484184265137,587400
1995-02-08,3.5346487440484453,3.573491037939087,3.5217015103136875,3.547595977783203,712200
1995-02-09,3.5605443821051135,3.586438853777479,3.4828597817150855,3.508754253387451,888600
1995-02-10,3.495803117752075,3.495803117752075,3.469908082280866,3.495803117752075,1076400
1995-02-13,3.495807017551268,3.547596553582465,3.495807017551268,3.508754253387451,1166400
1995-02-14,3.495803117752075,3.508750339144778,3.4440136394954606,3.495803117752075,831000
1995-02-15,3.4958051956692135,3.4958051956692135,3.469910144805908,3.469910144805908,642000
1995-02-16,3.495806128800055,3.495806128800055,3.4569638384800543,3.482858896255493,697200
1995-02-17,3.4828568364009405,3.4828568364009405,3.418119526592875,3.4310667514801025,975000
1995-02-21,3.4607319831848145,3.4737420545310083,3.4217011735833425,3.4607319831848145,771000
1995-02-22,3.4737405750486587,3.5387920951996623,3.460730509243513,3.5127713680267334,1253400
1995-02-23,3.538795365583372,3.5908362724602845,3.525784692191753,3.5648155212402344,1008000
1995-02-24,3.551803336495262,3.5908341423908143,3.4867517948150635,3.4867517948150635,733800
1995-02-27,3.4867517948150635,3.4997624604888036,3.460731654593251,3.4867517948150635,499200
1995-02-28,3.473743218631491,3.5127740413127437,3.473743218631491,3.4997639656066895,623400
1995-03-01,3.4867506408538045,3.5257814338318796,3.4867506408538045,3.5127713680267334,708000
1995-03-02,3.525782646472558,3.525782646472558,3.4607316995108826,3.4737417697906494,929400
1995-03-03,3.460731654593251,3.4997624604888036,3.460731654593251,3.4867517948150635,1205400
1995-03-06,3.460731654593251,3.4997624604888036,3.447720988919511,3.4867517948150635,429600
1995-03-07,3.4737417697906494,3.5127725761927913,3.4607316995108826,3.4737417697906494,646200
1995-03-08,3.486751840070416,3.486751840070416,3.4607316995108826,3.4737417697906494,622200
1995-03-09,3.4607316995108826,3.4997625059130244,3.4607316995108826,3.4737417697906494,780000
1995-03-10,3.4997613022215877,3.5257814338318796,3.4867506408538045,3.5127713680267334,1042200
1995-03-13,3.512773015996912,3.577824566665975,3.512773015996912,3.5518038272857666,1006200
1995-03-14,3.6038456465770574,3.6298663927161177,3.577825496001068,3.5908355712890625,675600
1995-03-15,3.577824566665975,3.5908346385746213,3.5387937553771205,3.5518038272857666,1512000
1995-03-16,3.5518029171619463,3.5518029171619463,3.5127721158744523,3.538792848587036,1143600
1995-03-17,3.5387937553771205,3.577824566665975,3.5387937553771205,3.5518038272857666,1318800
1995-03-20,3.5518029171619463,3.5648129857368565,3.538792848587036,3.538792848587036,329400
1995-03-21,3.5387937553771205,3.5648138991944127,3.5387937553771205,3.5518038272857666,679200
1995-03-22,3.551804761882642,3.564814837214668,3.525784015655518,3.5257840156555176,858600
1995-03-23,3.525784015655518,3.551804761882642,3.525784015655518,3.5257840156555176,477000
1995-03-24,3.525784692191753,3.5648155212402344,3.525784692191753,3.5648155212402344,669600
1995-03-27,3.5648122268099542,3.5648122268099542,3.4997613022215877,3.5127713680267334,998400
1995-03-28,3.5257841170187976,3.5387947882879423,3.4997639656066895,3.4997639656066895,1429200
1995-03-29,3.4997639656066895,3.5257841170187976,3.4997639656066895,3.4997639656066895,1758000
1995-03-30,3.4997639656066895,3.5127740413127437,3.486753294337545,3.4997639656066895,1877400
1995-03-31,3.486753194096368,3.5387946865506166,3.473743118764342,3.5257840156555176,332400
1995-04-03,3.499762047299542,3.5518029171619463,3.4737413145869582,3.538792848587036,1782600
1995-04-04,3.5648129857368565,3.5648129857368565,3.5257821844493624,3.538792848587036,902400
1995-04-05,3.5257814338318796,3.5257814338318796,3.4867506408538045,3.5127713680267334,1083600
1995-04-06,3.5257841170187976,3.5257841170187976,3.4997639656066895,3.4997639656066895,416400
1995-04-07,3.525784692191753,3.5778261946318533,3.4997645365348906,3.5648155212402344,880200
1995-04-10,3.5648138991944127,3.61685537795483,3.5518038272857666,3.5518038272857666,1223400
1995-04-11,3.5648129857368565,3.5648129857368565,3.538792848587036,3.538792848587036,558000
1995-04-12,3.525784692191753,3.5648155212402344,3.512774614363322,3.5648155212402344,737400
1995-04-13,3.5648151127823766,3.577825784683228,3.538794960106913,3.5778257846832275,455400
1995-04-17,3.577825750805468,3.629866651226749,3.577825750805468,3.616856575012207,975600
1995-04-18,3.6298666855972743,3.6298666855972743,3.538794960106913,3.5778257846832275,2137800
1995-04-19,3.590835571289063,3.6038456465770574,3.5648148251500023,3.5908355712890625,1359000
1995-04-20,3.590835540525375,3.6428764367945754,3.564814794609241,3.629866361618042,1248600
1995-04-21,3.655887126922608,3.681907277413669,3.642876456114008,3.6558871269226074,904800
1995-04-24,3.6428738399135354,3.6949152946472164,3.6428738399135354,3.694915294647217,672600
1995-04-25,3.7079281624192504,3.733948909448486,3.6819074153900146,3.6819074153900146,726000
1995-04-26,3.6688973396569424,3.6819074153900146,3.6688973396569424,3.6819074153900146,429000
1995-04-27,3.6558862950557653,3.746957992178003,3.6558862950557653,3.7209372520446777,792600
1995-04-28,3.7209380172366524,3.7469587627210115,3.707927942276001,3.707927942276001,831000
1995-05-01,3.6949168777984185,3.7859885692596436,3.6949168777984185,3.7859885692596436,1303200
1995-05-02,3.7599663645566994,3.8380279541015625,3.746956298153443,3.8380279541015625,1526400
1995-05-03,3.83802949798147,3.83802949798147,3.733947733762323,3.7729785442352295,1504800
1995-05-04,3.7469565868377686,3.772977317211712,3.7079257890582085,3.7469565868377686,1782600
1995-05-05,3.7729795082053705,3.7729795082053705,3.707927942276001,3.707927942276001,670800
1995-05-08,3.707926205827175,3.8250186123269803,3.707926205827175,3.7989978790283203,1078200
1995-05-09,3.785988549796902,3.8250193595886226,3.772978478387293,3.825019359588623,1009800
1995-05-10,3.8250223524629914,3.877063274383545,3.8250223524629914,3.877063274383545,988200
1995-05-11,3.8770621881302385,3.8770621881302385,3.8510420322418213,3.8510420322418213,806400
1995-05-12,3.8510420322418213,3.86405211018603,3.8380313587344204,3.8510420322418213,674400
1995-05-15,3.8640499399663644,3.903080747440772,3.851039869329181,3.890070676803589,468000
1995-05-16,3.9030789935252037,3.955119848251343,3.877058268380839,3.9551198482513428,1428000
1995-05-17,3.9291036910334585,3.9291036910334585,3.812011202846003,3.8510420322418213,514800
1995-05-18,3.8510413777354096,3.864051453468482,3.6688973396569424,3.6819074153900146,779400
1995-05-19,3.7339460879161566,3.759966219720356,3.6949152946472164,3.694915294647217,995400
1995-05-22,3.7377826685049462,3.8292672634124756,3.7377826685049462,3.8292672634124756,677400
1995-05-23,3.8161994286235466,3.8423379816600938,3.7769918981984434,3.7900614738464355,657600
1995-05-24,3.8031279041809034,3.894611881150456,3.7377818644832024,3.8554043769836426,975000
1995-05-25,3.842335454331252,3.8684739901749547,3.7769894138515157,3.816196918487549,820200
1995-05-26,3.790061733757838,3.790061733757838,3.711646667530155,3.7377846240997314,1890600
1995-05-30,3.7377839031393023,3.7639224529266357,3.7377839031393023,3.7639224529266357,511200
1995-05-31,3.763922088000239,3.855406105997144,3.75085311350334,3.842337131500244,903000
1995-06-01,3.829268157003345,3.855406105997144,3.8161985842471413,3.842337131500244,921600
1995-06-02,3.8423362348596237,3.868474776013084,3.8031287222590153,3.8292672634124756,484200
1995-06-05,3.8292664397117906,3.88154291251453,3.8292664397117906,3.8554043769836426,859200
1995-06-06,3.8423362348596237,3.868474776013084,3.8292672634124756,3.8292672634124756,1141200
1995-06-07,3.8292664855389216,3.855404423123582,3.803127949695219,3.816196918487549,742800
1995-06-08,3.8161994286235466,3.8292690042715383,3.7900614738464355,3.7900614738464355,372000
1995-06-09,3.7900614738464355,3.803130451234991,3.7508539434213324,3.7900614738464355,561000
1995-06-12,3.8031287222590153,3.868474776013084,3.790059750811867,3.8292672634124756,656400
1995-06-13,3.855404423123582,3.855404423123582,3.816196918487549,3.816196918487549,885600
1995-06-14,3.8292664855389216,3.842335454331252,3.7900589809028884,3.816196918487549,2344800
1995-06-15,3.816200819402651,3.842339381965156,3.7769932746887207,3.7769932746887207,1365000
1995-06-16,3.7769923092160638,3.8292694209780276,3.7639233304053237,3.803130865097046,1320000
1995-06-19,3.7769921572135727,3.790061733757838,3.7377846240997314,3.7377846240997314,1207200
1995-06-20,3.750852238211259,3.8292672634124756,3.750852238211259,3.8292672634124756,1837200
1995-06-21,3.8161989542419406,3.842337504029274,3.7639224529266357,3.7639224529266357,2348400
1995-06-22,3.763922920809888,3.7900614738464355,3.757388132985892,3.7900614738464355,1397400
1995-06-23,3.763922099587771,3.776991074124904,3.7116456031799316,3.7116456031799316,1146000
1995-06-26,3.7377838024229346,3.7377838024229346,3.6462997780213917,3.6593687534332275,1160400
1995-06-27,3.6724383271044094,3.6724383271044094,3.620161228938374,3.6593687534332275,1776000
1995-06-28,3.6724383271044094,3.6724383271044094,3.6070922535265377,3.6593687534332275,1692000
1995-06-29,3.672438252693737,3.7508533000946045,3.6462997041403367,3.7508533000946045,663600
1995-06-30,3.750853544688442,3.750853544688442,3.6985764441726423,3.724714994430542,561600
1995-07-03,3.698575496673584,3.7247140402353263,3.698575496673584,3.698575496673584,148200
1995-07-05,3.6855080127716064,3.737784522752802,3.6855080127716064,3.6855080127716064,1153800
1995-07-06,3.672438252693737,3.7508533000946045,3.6462997041403367,3.7508533000946045,1027800
1995-07-07,3.7508553103858704,3.7900628550998006,3.7247167478233654,3.7769932746887207,1035000
1995-07-10,3.7769932746887207,3.7900628550998006,3.7639242925372955,3.7769932746887207,1779600
1995-07-11,3.790061002713969,3.790061002713969,3.75085347716265,3.7639224529266357,989400
1995-07-12,3.75085347716265,3.790061002713969,3.7377839031393023,3.7639224529266357,883800
1995-07-13,3.776991250388671,3.776991250388671,3.7116457763941706,3.7508533000946045,1908000
1995-07-14,3.7377819092154825,3.8292664855389216,3.7377819092154825,3.816196918487549,1200600
1995-07-17,3.842337838774097,3.8815453677411793,3.790061332904458,3.868476390838623,1714800
1995-07-18,3.855404423123582,3.8684739901749547,3.803127949695219,3.816196918487549,958800
1995-07-19,3.790061002713969,3.803129978477955,3.7377839031393023,3.7639224529266357,969000
1995-07-20,3.7508539434213324,3.803130451234991,3.7508539434213324,3.7900614738464355,831000
1995-07-21,3.8031318372512257,3.8031318372512257,3.7508553103858704,3.7769932746887207,1231800
1995-07-24,3.7639233304053237,3.8031308650970455,3.750854351594583,3.803130865097046,581400
1995-07-25,3.803130309807014,3.8815453677411793,3.790061332904458,3.868476390838623,629400
1995-07-26,3.8554068156766528,3.8684763908386235,3.8292688618715407,3.868476390838623,673200
1995-07-27,3.842337131500244,3.842337131500244,3.8031296097502416,3.842337131500244,289800
1995-07-28,3.8292664397117906,3.8554043769836426,3.816196872816829,3.8554043769836426,445200
1995-07-31,3.8292664855389216,3.8292664855389216,3.7900589809028884,3.816196918487549,571800
1995-08-01,3.816196918487549,3.816196918487549,3.7769894138515157,3.816196918487549,832800
1995-08-02,3.8292664855389216,3.855404423123582,3.803127949695219,3.816196918487549,1081800
1995-08-03,3.8031318372512257,3.816200819402651,3.7639242925372955,3.7769932746887207,822000
1995-08-04,3.790060823795038,3.790060823795038,3.7116457763941706,3.7508533000946045,1225800
1995-08-07,3.7377839704298057,3.750853544688442,3.7116460184312787,3.724714994430542,1764600
1995-08-08,3.7116456031799316,3.7508531250506376,3.7116456031799316,3.7116456031799316,1161000
1995-08-09,3.711645067584065,3.7247140402353263,3.6855065240223226,3.698575496673584,513600
1995-08-10,3.6985770653112513,3.7116466417647906,3.6463005542755127,3.6463005542755127,697200
1995-08-11,3.6462996043566545,3.6462996043566545,3.6201610565185547,3.6201610565185547,1108800
1995-08-14,3.6332315760814464,3.659369532469579,3.6201619996279066,3.6463005542755127,1271400
1995-08-15,3.6462997780213917,3.6724383271044094,3.6462997780213917,3.6593687534332275,1135200
1995-08-16,3.6463005437857445,3.6724390983581543,3.6332315656292753,3.6724390983581543,1048200
1995-08-17,3.6593687534332275,3.6593687534332275,3.6332308026095554,3.6593687534332275,569400
1995-08-18,3.6724391089231188,3.6724391089231188,3.6463005542755127,3.6463005542755127,518400
1995-08-21,3.6593687534332275,3.6724383271044094,3.6462997780213917,3.6593687534332275,607800
1995-08-22,3.6593695219422138,3.6724390983581543,3.6463005437857445,3.6724390983581543,191400
1995-08-23,3.689245675518559,3.7023744626422874,3.649858713150024,3.6498587131500244,777600
1995-08-24,3.6367293250289454,3.7023744626422874,3.6367293250289454,3.6498587131500244,828600
1995-08-25,3.676114411586208,3.7680176775488676,3.6629856311617037,3.7548882961273193,1242600
1995-08-28,3.741759560489829,3.794275283813476,3.741759560489829,3.7942752838134766,1752600
1995-08-29,3.794275283813476,3.794275283813476,3.7680177226501783,3.7942752838134766,862200
1995-08-30,3.794274110766499,3.794274110766499,3.7548871802014596,3.7811453342437744,961200
1995-08-31,3.7811455926053466,3.7811455926053466,3.7548874367688403,3.768016815185547,401400
1995-09-01,3.7680165577210496,3.7811453342437744,3.7680165577210496,3.7811453342437744,573000
1995-09-05,3.7811465032318274,3.794275283813476,3.7680177226501783,3.7942752838134766,1004400
1995-09-06,3.7942751828897787,3.846791505813598,3.7942751828897787,3.8467915058135986,702000
1995-09-07,3.846791436593663,3.846791436593663,3.8074044956080524,3.820533275604248,889200
1995-09-08,3.833662986755371,3.846792370937575,3.8205342035703374,3.833662986755371,1620600
1995-09-11,3.846792370937575,3.846792370937575,3.833662986755371,3.833662986755371,688800
1995-09-12,3.8074023033422457,3.8074023033422457,3.6235964842440187,3.676112174987793,8375400
1995-09-13,3.66298629153417,3.728631407485446,3.66298629153417,3.7155020236968994,3166800
1995-09-14,3.7286284667282454,3.7286284667282454,3.676112174987793,3.676112174987793,1651200
1995-09-15,3.6761158096435773,3.70237398147583,3.6761158096435773,3.70237398147583,2320200
1995-09-18,3.6892433454886486,3.7483237517278067,3.6892433454886486,3.7417590618133545,667800
1995-09-19,3.7548871802014596,3.7811453342437744,3.7548871802014596,3.7811453342437744,791400
1995-09-20,3.741757239165019,3.741757239165019,3.676112174987793,3.676112174987793,714000
1995-09-21,3.6629875002737524,3.689245675518559,3.649858713150024,3.6498587131500244,1435200
1995-09-22,3.636727116323646,3.6761140547711832,3.623598337173462,3.623598337173462,807000
1995-09-25,3.623598315578327,3.6498564747191926,3.610469536506385,3.6367270946502686,747000
1995-09-26,3.6498582055171918,3.6498582055171918,3.5842130770339646,3.610471248626709,1224600
1995-09-27,3.5973401564374607,3.6367270946502686,3.5973401564374607,3.6367270946502686,683400
1995-09-28,3.6235989651962623,3.7286310195922856,3.6235989651962623,3.728631019592285,1323000
1995-09-29,3.741757239165019,3.7548860116017932,3.676112174987793,3.676112174987793,737400
1995-10-02,3.676112174987793,3.702370320858019,3.662983402551019,3.676112174987793,409200
1995-10-03,3.702370320858019,3.702370320858019,3.6498546301142447,3.676112174987793,2180400
1995-10-04,3.6629852756209993,3.689243434918353,3.623598337173462,3.623598337173462,1494000
1995-10-05,3.610471281558854,3.70237398147583,3.610471281558854,3.70237398147583,1582800
1995-10-06,3.7023721243205823,3.7417590618133545,3.6892433454886486,3.7417590618133545,922800
1995-10-09,3.7286310195922856,3.7417598010178796,3.7155016371696012,3.728631019592285,422400
1995-10-10,3.7286310195922856,3.7548885824434737,3.702372855744007,3.728631019592285,1040400
1995-10-11,3.7286307352783115,3.75488829612732,3.7155013538567636,3.7548882961273193,489000
1995-10-12,3.7680168151855464,3.7811455926053466,3.7417586593490406,3.768016815185547,1683600
1995-10-13,3.7811463346186374,3.8336620556004433,3.754888173629222,3.820533275604248,1370400
1995-10-16,3.833663278589236,3.833663278589236,3.7811475408542217,3.807405710220337,2214000
1995-10-17,3.781147253018066,3.833662986755371,3.768018469833032,3.833662986755371,685800
1995-10-18,3.82053306427173,3.873048782348633,3.807404285001752,3.873048782348633,945000
1995-10-19,3.8467910793349263,3.9124355742164,3.8336616995610564,3.8861780166625977,849600
1995-10-20,3.8599202860460355,3.8599202860460355,3.8205333443516882,3.8467915058135986,596400
1995-10-23,3.8074054203853036,3.833662986755371,3.8074054203853036,3.833662986755371,610800
1995-10-24,3.807405710220337,3.846792663770902,3.7942763250386715,3.807405710220337,855600
1995-10-25,3.8074046198194234,3.8074046198194234,3.75488829612732,3.7548882961273193,1909200
1995-10-26,3.781146457973372,3.8205334002439275,3.7417595157028156,3.7548882961273193,2307000
1995-10-27,3.7548874367688403,3.7811455926053466,3.702371726092735,3.768016815185547,1282200
1995-10-30,3.781146403121764,3.9255653896844547,3.7680176228877142,3.912436008453369,1511400
1995-10-31,3.8861791965828276,3.9518237113952637,3.87304981282262,3.9518237113952637,760200
1995-11-01,3.9255653896844547,3.9386941699185045,3.8861784479852695,3.912436008453369,745200
1995-11-02,3.886180609208407,3.9124381842791425,3.886180609208407,3.8993093967437744,1345200
1995-11-03,3.9255661458691495,3.964953095155472,3.9124367621089418,3.9518237113952637,405600
1995-11-06,3.9518249328322783,3.9518249328322783,3.925567359190427,3.9386961460113525,168000
1995-11-07,3.9518223330215685,3.991209268569946,3.9386935548377564,3.9912092685699463,271200
1995-11-08,3.99120793599387,4.004337310791016,3.964950388393061,4.004337310791016,1704000
1995-11-09,4.004337310791016,4.017466084591421,3.99120793599387,4.004337310791016,1339800
1995-11-10,3.991208687848149,4.056853771209717,3.991208687848149,4.056853771209717,396600
1995-11-13,4.056852354911589,4.056852354911589,4.017465438844486,4.0437235832214355,336600
1995-11-14,4.03059761402842,4.161887845779859,4.03059761402842,4.122500896453857,1099200
1995-11-15,4.126191974272633,4.126191974272633,4.0734612850042495,4.113009452819824,2275200
1995-11-16,4.099826335149638,4.1657395362854,4.086643212156836,4.1657395362854,1026000
1995-11-17,4.152557130129832,4.205287813169597,4.152557130129832,4.192105293273926,703200
1995-11-20,4.178922659278203,4.205287698349683,4.15255701674966,4.1657395362854,1010400
1995-11-21,4.165739650025503,4.192105293273926,4.152557130129832,4.192105293273926,1457400
1995-11-22,4.192105293273926,4.205287813169597,4.165739650025503,4.192105293273926,1170600
1995-11-24,4.178922659278203,4.192105178813943,4.1657395362854,4.1657395362854,221400
1995-11-27,4.1789248879646275,4.231655597686768,4.1657417579410545,4.231655597686768,2489400
1995-11-28,4.192105406303148,4.231653570513555,4.192105406303148,4.218471050262451,891000
1995-11-29,4.231655597686768,4.244838124252957,4.205289941097005,4.231655597686768,957000
1995-11-30,4.205287212385815,4.205287212385815,4.178922176361084,4.178922176361084,465600
1995-12-01,4.192105406303148,4.218471050262451,4.178922886052044,4.218471050262451,423600
1995-12-04,4.205289941097005,4.231655597686768,4.152559231374865,4.231655597686768,778800
1995-12-05,4.21847057874712,4.231653097524761,4.19210493773481,4.205287456512451,865800
1995-12-06,4.231655597686768,4.244838124252957,4.205289941097005,4.231655597686768,817800
1995-12-07,4.205285161818028,4.205285161818028,4.152554512023926,4.152554512023926,660600
1995-12-08,4.139372000439574,4.165737023608276,4.126188885398525,4.152554512023926,1058400
1995-12-11,4.139374497213921,4.178922659278203,4.139374497213921,4.1657395362854,646200
1995-12-12,4.165737114538404,4.165737114538404,4.099823951721191,4.099823951721191,610800
1995-12-13,4.126192092895508,4.126192092895508,4.099827049231929,4.126192092895508,425400
1995-12-14,4.126189232634935,4.165737374172831,4.126189232634935,4.1393723487854,742200
1995-12-15,4.152554512023926,4.152554512023926,4.099823862229822,4.152554512023926,1648800
1995-12-18,4.1525576206354,4.1525576206354,4.113009452819824,4.113009452819824,916200
1995-12-19,4.113008854685378,4.1657395362854,4.113008854685378,4.1657395362854,727800
1995-12-20,4.205287456512451,4.21847057874712,4.19210493773481,4.205287456512451,1309200
1995-12-21,4.205289941097005,4.244838124252957,4.192107414530817,4.231655597686768,763200
1995-12-22,4.2316510853944,4.2711992263793945,4.218468572884983,4.2711992263793945,566400
1995-12-26,4.2711992263793945,4.284381738888812,4.258016713869977,4.2711992263793945,760200
1995-12-27,4.29756735682643,4.376663684844971,4.29756735682643,4.376663684844971,923400
1995-12-28,4.3766633333328455,4.3766633333328455,4.297567011666932,4.310749530792236,598800
1995-12-29,4.323931928225146,4.323931928225146,4.271201249750933,4.297566890716553,445200
1996-01-02,4.271198878183165,4.3239295273788745,4.2448332518569645,4.28438138961792,826200
1996-01-03,4.297569439726624,4.4162139892578125,4.297569439726624,4.4162139892578125,1180800
1996-01-04,4.416211369876301,4.429393888630598,4.297566890716553,4.297566890716553,752400
1996-01-05,4.2975663029201145,4.350296974182129,4.2975663029201145,4.350296974182129,497400
1996-01-08,4.350294459251035,4.350294459251035,4.323928837133678,4.337111949920654,160200
1996-01-09,4.363480981166084,4.376664106076043,4.113009452819824,4.113009452819824,1176600
1996-01-10,4.15255653687936,4.231652851867539,4.1261908973976364,4.178922176361084,931200
1996-01-11,4.192107414530817,4.244838124252957,4.1789248879646275,4.231655597686768,900000
1996-01-12,4.2448359763136905,4.2448359763136905,4.192105293273926,4.192105293273926,613200
1996-01-15,4.205284389068319,4.2580156326293945,4.205284389068319,4.2580156326293945,669600
1996-01-16,4.2580188508339765,4.310749530792236,4.21847069000102,4.310749530792236,585600
1996-01-17,4.310746327803298,4.363476968581415,4.310746327803298,4.337111949920654,726000
1996-01-18,4.350297691625193,4.350297691625193,4.284383889084585,4.310749530792236,462000
1996-01-19,4.323931928225146,4.323931928225146,4.258018730996637,4.297566890716553,692400
1996-01-22,4.271201249750933,4.297566890716553,4.231653090031017,4.297566890716553,837600
1996-01-23,4.32393133682265,4.403027645444142,4.32393133682265,4.350296974182129,1681200
1996-01-24,4.3634806803753685,4.389846324920654,4.350298159831279,4.389846324920654,704400
1996-01-25,4.4425770105541185,4.4425770105541185,4.3634806803753685,4.389846324920654,783600
1996-01-26,4.403027645444142,4.416210765852354,4.32393133682265,4.350296974182129,1731600
1996-01-29,4.376663684844971,4.416211848854241,4.376663684844971,4.376663684844971,915600
1996-01-30,4.403030859227202,4.429396515831039,4.389848332653976,4.4162139892578125,535200
1996-01-31,4.42939341420673,4.482124087033061,4.389845258722741,4.442575931549072,1173000
1996-02-01,4.468942165374756,4.482124684474251,4.4425765237187225,4.468942165374756,1139400
1996-02-02,4.468939433386833,4.5216700810061345,4.468939433386833,4.48212194442749,319800
1996-02-05,4.4557595284657046,4.52167272567749,4.389845727796892,4.52167272567749,601800
1996-02-06,4.48212194442749,4.495305058924821,4.455756922346176,4.48212194442749,823200
1996-02-07,4.4689420472166566,4.534855847885469,4.4557595284657046,4.52167272567749,547200
1996-02-08,4.5216700810061345,4.534853195503465,4.442573807848845,4.48212194442749,1104000
1996-02-09,4.52167200197107,4.534855122069053,4.482123848590982,4.495306968688965,1319400
1996-02-12,4.521672603998013,4.666682720184326,4.521672603998013,4.666682720184326,1257600
1996-02-13,4.627134561538696,4.679865238580533,4.627134561538696,4.666682720184326,848400
1996-02-14,4.666682960640672,4.706231121324067,4.58758663927388,4.627134799957275,458400
1996-02-15,4.613951683044434,4.679864873338251,4.6007685622201,4.613951683044434,634800
1996-02-16,4.65350044156522,4.65350044156522,4.58758663927388,4.627134799957275,788400
1996-02-20,4.561217654218363,4.587583276499873,4.548035144805908,4.548035144805908,765000
1996-02-21,4.57440185546875,4.627132509121304,4.521670598359454,4.57440185546875,686400
1996-02-22,4.600770770357728,4.758963468518536,4.587588246663412,4.745780944824219,646800
1996-02-23,4.772143829324566,4.78532634537716,4.587585587303725,4.679864406585693,661800
1996-02-26,4.693047749702053,4.7062302663827476,4.561220169067383,4.561220169067383,872400
1996-02-27,4.574403040262792,4.574403040262792,4.521671769495824,4.534854888916016,1293000
1996-02-28,4.548035144805908,4.587583276499873,4.548035144805908,4.548035144805908,889200
1996-02-29,4.526861410225387,4.553334485941393,4.473915864709369,4.487152099609375,856800
1996-03-01,4.526858791557188,4.5533318519592285,4.4739132766687515,4.5533318519592285,582600
1996-03-04,4.526859084419582,4.593041436748488,4.526859084419582,4.566568374633789,637200
1996-03-05,4.61951331757592,4.659222602844238,4.553331579405793,4.659222602844238,1086600
1996-03-06,4.68569602701695,4.7254053153815,4.632750511169434,4.632750511169434,1527600
1996-03-07,4.6459879875183105,4.6459879875183105,4.566569389441074,4.6459879875183105,540600
1996-03-08,4.619515310172568,4.6327521482487,4.420968798189279,4.4606781005859375,854400
1996-03-11,4.4474406068591685,4.473913669586182,4.301839670734141,4.473913669586182,1739400
1996-03-12,4.434204378453511,4.473913669586182,4.301839670734141,4.473913669586182,901200
1996-03-13,4.526859846913767,4.593042210390282,4.526859846913767,4.579805374145508,766800
1996-03-14,4.5533350607471155,4.63275369200482,4.540098218260117,4.619516849517822,690000
1996-03-15,4.6195124373289245,4.645985491101906,4.5930399894714355,4.5930399894714355,936600
1996-03-18,4.619513677770814,4.645986738652399,4.566568161923298,4.632750511169434,810600
1996-03-19,4.6062774658203125,4.61951369334791,4.52685888882341,4.6062774658203125,699600
1996-03-20,4.6062774658203125,4.6062774658203125,4.407731023328058,4.6062774658203125,1065600
1996-03-21,4.632750511169434,4.645986738652399,4.593041222804883,4.632750511169434,605400
1996-03-22,4.645986738652399,4.645986738652399,4.632750511169434,4.632750511169434,454200
1996-03-25,4.606277664847996,4.645986955062203,4.566568374633789,4.566568374633789,2685000
1996-03-26,4.526860090402456,4.6459879875183105,4.526860090402456,4.6459879875183105,1381800
1996-03-27,4.645989928575747,4.659226165146674,4.619516849517822,4.619516849517822,736200
1996-03-28,4.632751756477377,4.685697286556929,4.632751756477377,4.6459879875183105,724200
1996-03-29,4.659224301632763,4.725406669849091,4.619515001886132,4.6989336013793945,1470000
1996-04-01,4.725405675504225,4.75187873840332,4.69893261260513,4.75187873840332,2069400
1996-04-02,4.73864221572876,4.751879051006946,4.725405986366313,4.73864221572876,2091600
1996-04-03,4.72540731080056,4.72540731080056,4.672461772595494,4.7121710777282715,1091400
1996-04-04,4.685696874346052,4.725406169891357,4.659223808677259,4.725406169891357,519600
1996-04-08,4.6856992442046,4.6856992442046,4.5533350607471155,4.619516849517822,816000
1996-04-09,4.6195124373289245,4.65922171503065,4.5930399894714355,4.5930399894714355,1170000
1996-04-10,4.5930404889136165,4.61951293964969,4.526858150242314,4.540094375610352,874200
1996-04-11,4.553332251851524,4.566568480257182,4.434204378453511,4.473913669586182,801600
1996-04-12,4.500386126397498,4.540095417530169,4.473913669586182,4.473913669586182,690000
1996-04-15,4.4871509367959534,4.5400964685915115,4.434205405000395,4.526860237121582,957600
1996-04-16,4.487149585194198,4.632750511169434,4.487149585194198,4.632750511169434,591000
1996-04-17,4.619513892947504,4.619513892947504,4.54009531251909,4.566568374633789,677400
1996-04-18,4.566569389441074,4.685697286556929,4.566569389441074,4.6459879875183105,1129800
1996-04-19,4.659224218559244,4.672461055515995,4.632751756477377,4.6459879875183105,568800
1996-04-22,4.659222966135364,4.672459799533985,4.619513677770814,4.632750511169434,446400
1996-04-23,4.659222294029628,4.685695351092401,4.6459860684560255,4.672459125518799,1115400
1996-04-24,4.698934238740072,4.7121710777282715,4.659224933607294,4.7121710777282715,1294800
1996-04-25,4.685696384113434,4.75187873840332,4.672460155621737,4.75187873840332,775800
1996-04-26,4.76511506009693,4.804824352264404,4.725405767929455,4.804824352264404,1002000
1996-04-29,4.778352351077774,4.963662624359131,4.778352351077774,4.963662624359131,3642000
1996-04-30,4.963663766935879,4.963663766935879,4.897481381404738,4.950427532196045,747000
1996-05-01,4.937190691540225,4.963663766935879,4.9239544568003915,4.950427532196045,571800
1996-05-02,4.923950872975316,4.923950872975316,4.844532310507972,4.857768535614014,1454400
1996-05-03,4.897482047249476,4.897482047249476,4.804827179641632,4.831300258636475,1236000
1996-05-06,4.857770605811739,4.923952971377457,4.831298144318096,4.871007442474365,1192800
1996-05-07,4.884243673221187,4.897479903968009,4.844534375064917,4.871007442474365,994200
1996-05-08,4.871007548914216,4.910716847938201,4.8048251819023,4.897480010986328,990600
1996-05-09,4.871008209155921,4.923953746392475,4.871008209155921,4.884244441986084,1728000
1996-05-10,4.884243695462336,4.884243695462336,4.818061329595247,4.844534397125244,806400
1996-05-13,4.8180592543803415,4.8842415917416435,4.8180592543803415,4.857768535614014,806400
1996-05-14,4.857770627932339,4.857770627932339,4.818061329595247,4.844534397125244,1042200
1996-05-15,4.857770627932339,4.857770627932339,4.804825098788152,4.844534397125244,840000
1996-05-16,4.844533644431879,4.857769873182466,4.778351288847517,4.804824352264404,393000
1996-05-17,4.83129608540193,4.857768535614014,4.8180592543803415,4.857768535614014,585000
1996-05-20,4.831297415681291,4.857769873182466,4.738641996680043,4.804824352264404,678600
1996-05-21,4.818061307655469,4.871007442474365,4.791588846161826,4.871007442474365,472200
1996-05-22,4.863034743526898,4.9826175650890345,4.836460580436529,4.969330787658691,831000
1996-05-23,4.995906323000891,4.995906323000891,4.836462497711182,4.836462497711182,730200
1996-05-24,4.84974773517166,4.929469612417059,4.836460350144324,4.902895450592041,358800
1996-05-28,4.9028973382366585,4.909541033308189,4.823175430297852,4.823175430297852,543600
1996-05-29,4.836460704049584,4.836460704049584,4.770026206970215,4.770026206970215,220800
1996-05-30,4.770026250801479,4.8630349125050625,4.7567388646797495,4.849748134613037,400200
1996-05-31,4.836460704049584,4.836460704049584,4.756738820970582,4.770026206970215,393000
1996-06-03,4.743453787412752,4.756740570068359,4.716879613871614,4.756740570068359,250200
1996-06-04,4.770026206970215,4.836460704049584,4.756738820970582,4.770026206970215,835800
1996-06-05,4.783313028693504,4.849748134613037,4.7567388646797495,4.849748134613037,191400
1996-06-06,4.82317392627965,4.8630348678191515,4.770026206970215,4.770026206970215,594600
1996-06-07,4.7168775112660635,4.796599388122559,4.623868857676704,4.796599388122559,995400
1996-06-10,4.809888648384679,4.849749602354083,4.783314476328448,4.823175430297852,306000
1996-06-11,4.796601526265105,4.809888917150635,4.756740570068359,4.756740570068359,270600
1996-06-12,4.770028673174711,4.770028673174711,4.610584824580904,4.637158393859863,610200
1996-06-13,4.650445061512403,4.663731844079865,4.597296714782715,4.597296714782715,1299000
1996-06-14,4.597296714782715,4.597296714782715,4.557435758850408,4.597296714782715,492000
1996-06-17,4.57072109330292,4.743451621888997,4.57072109330292,4.716877460479736,542400
1996-06-18,4.730164845299189,4.796599336477871,4.703590683889929,4.716877460479736,1117800
1996-06-19,4.756740570068359,4.77002796095389,4.716879613871614,4.756740570068359,795600
1996-06-20,4.730164845299189,4.756738398478804,4.703590683889929,4.716877460479736,548400
1996-06-21,4.730166950488453,4.743453732991623,4.6903059947490275,4.703592777252197,1084200
1996-06-24,4.730165265430713,4.770026206970215,4.7035911016611465,4.770026206970215,937800
1996-06-25,4.783311683127856,4.929468631744385,4.783311683127856,4.929468631744385,2283000
1996-06-26,4.916184410356037,4.929471801283461,4.823175715013681,4.836462497711182,1182000
1996-06-27,4.836459387974988,4.929468631744385,4.796598457282255,4.929468631744385,783600
1996-06-28,4.929470350881068,4.95604390845731,4.889609406286962,4.9427571296691895,789600
1996-07-01,4.929470350881068,4.95604390845731,4.916182963863203,4.9427571296691895,558000
1996-07-02,4.95604390845731,4.995904853051416,4.9427571296691895,4.9427571296691895,864000
1996-07-03,4.942757893079411,4.995905624670319,4.916183723169038,4.956044673919678,1068000
1996-07-05,4.902897627658535,4.902897627658535,4.836462497711182,4.836462497711182,314400
1996-07-08,4.823173970599283,4.902895854410842,4.823173970599283,4.849748134613037,667200
1996-07-09,4.849747966096555,4.969330787658691,4.849747966096555,4.969330787658691,755400
1996-07-10,4.969332787442274,4.995906352996826,4.902897657096037,4.995906352996826,883200
1996-07-11,4.995906545710459,4.995906545710459,4.8896110629321194,4.982619762420654,1257000
1996-07-12,4.982616336591517,4.982616336591517,4.836459387974988,4.929468631744385,686400
1996-07-15,4.929470018424595,4.969330960330375,4.836460748491308,4.849748134613037,1999800
1996-07-16,4.836460966190385,4.9028960751003,4.7966000224903835,4.809887409210205,1926000
1996-07-17,4.809888861967304,4.809888861967304,4.6903059947490275,4.703592777252197,1197600
1996-07-18,4.730166740445872,4.836462212211023,4.716879350302812,4.823175430297852,1684800
1996-07-19,4.82317349788713,4.836460274476938,4.703590683889929,4.716877460479736,895200
1996-07-22,4.730166950488453,4.730166950488453,4.6903059947490275,4.703592777252197,881400
1996-07-23,4.716876602507729,4.716876602507729,4.63715474101053,4.650442123413086,678000
1996-07-24,4.597296714782715,4.6371576707150215,4.570723149647789,4.597296714782715,913200
1996-07-25,4.597294965941797,4.650443292453516,4.584008188428712,4.61058235168457,775200
1996-07-26,4.63715474101053,4.67701567175913,4.610581192664487,4.650442123413086,514800
1996-07-29,4.63715474101053,4.67701567175913,4.63715474101053,4.650442123413086,511200
1996-07-30,4.6770165224806695,4.716877460479736,4.663729745890862,4.716877460479736,315600
1996-07-31,4.7168775112660635,4.809886773085076,4.703590734533198,4.796599388122559,508200
1996-08-01,4.796600130080884,4.995904853051416,4.796600130080884,4.9427571296691895,1634400
1996-08-02,4.969330787658691,4.995904342519378,4.969330787658691,4.969330787658691,783600
1996-08-05,4.98261800350861,4.995904782108053,4.876321950023847,4.889609336853027,633600
1996-08-06,4.902896115452472,4.916182894051916,4.849748392824959,4.889609336853027,391800
1996-08-07,4.916184425354004,4.929471816321966,4.8896108598779335,4.916184425354004,496800
1996-08-08,4.902894475206052,4.956042180053184,4.889607701051652,4.929468631744385,730200
1996-08-09,4.929471816321966,4.956045381798036,4.902897642615969,4.916184425354004,469800
1996-08-12,4.916184439873313,5.009193744004031,4.902897657096037,4.995906352996826,1121400
1996-08-13,4.98261800350861,4.98261800350861,4.836461005995778,4.889609336853027,763800
1996-08-14,4.876322458849394,4.889609847065063,4.863035678863525,4.863035678863525,677400
1996-08-15,4.876321690397087,4.876321690397087,4.783313028693504,4.849748134613037,934800
1996-08-16,4.849749888638607,4.849749888638607,4.80988893231618,4.836462497711182,1154400
1996-08-19,4.836460966190385,4.836460966190385,4.7966000224903835,4.809887409210205,523800
1996-08-20,4.809888648384679,4.823175430297852,4.796601258241619,4.823175430297852,430800
1996-08-21,4.788493897044814,4.788493897044814,4.76181684842741,4.775155067443848,985800
1996-08-22,4.775155703247849,4.82850980758667,4.775155703247849,4.82850980758667,876000
1996-08-23,4.801831851551965,4.815170069833667,4.761816586122365,4.788493633270264,1335600
1996-08-26,4.775155067443848,4.788493897044814,4.76181684842741,4.775155067443848,432600
1996-08-27,4.8018317222595215,4.815169940182082,4.761816457907359,4.8018317222595215,710400
1996-08-28,4.7751548044040675,4.801831851551965,4.7751548044040675,4.788493633270264,473400
1996-08-29,4.788494965536835,4.788494965536835,4.695125579833984,4.695125579833984,891000
1996-08-30,4.6951263269227725,4.708465161622607,4.64177281987772,4.668449878692627,638400
1996-09-03,4.641771925922496,4.641771925922496,4.561741375475557,4.628433704376221,912000
1996-09-04,4.628433704376221,4.628433704376221,4.588418429152751,4.628433704376221,607200
1996-09-05,4.601756227215779,4.6417714987567855,4.588418006896973,4.588418006896973,742200
1996-09-06,4.561740955674772,4.615094447534585,4.508387463814959,4.588418006896973,1668600
1996-09-09,4.61509331816003,4.641770362854004,4.5750780564112885,4.641770362854004,568800
1996-09-10,4.681787509841596,4.841848621289173,4.681787509841596,4.748479843139648,1429800
1996-09-11,4.775155067443848,4.801832116061253,4.721801580793565,4.775155067443848,591000
1996-09-12,4.78849350433696,4.8018317222595215,4.748478239984797,4.8018317222595215,429600
1996-09-13,4.855184730707104,4.921877034980233,4.855184730707104,4.908538818359375,826800
1996-09-16,4.921878367821662,5.0019089103878684,4.908540147588823,4.988570690155029,1005600
1996-09-17,4.961892255515034,4.975230472028604,4.921876995389913,4.948554039001465,1084200
1996-09-18,4.9218787360907506,4.9218787360907506,4.88186346181359,4.895201683044434,261000
1996-09-19,4.895203317243936,4.895203317243936,4.828511578240925,4.8418498039245605,363600
1996-09-20,4.85518469165324,4.948554039001465,4.85518469165324,4.948554039001465,1009200
1996-09-23,4.921878814697266,4.921878814697266,4.841848264864789,4.921878814697266,501600
1996-09-24,4.895201683044434,4.935216957321595,4.88186346181359,4.895201683044434,384000
1996-09-25,4.908540514859907,4.908540514859907,4.868525240582747,4.895201683044434,364200
1996-09-26,4.881863995200524,4.895202217888687,4.855186939239502,4.855186939239502,393000
1996-09-27,4.868521894918306,4.935213565826416,4.841844860204536,4.935213565826416,471600
1996-09-30,4.908538778876344,4.961892255515034,4.908538778876344,4.948554039001465,412200
1996-10-01,4.961890600540186,4.961890600540186,4.895198319047866,4.935213565826416,419400
1996-10-02,4.935215211903482,4.975230472028604,4.868523518751222,4.948554039001465,912000
1996-10-03,4.948554899788633,5.0552618716273905,4.935216070370398,5.028585433959961,762600
1996-10-04,5.015247320256435,5.121954917907715,5.015247320256435,5.121954917907715,610200
1996-10-07,5.121954917907715,5.1886472427628405,5.081939645111561,5.121954917907715,522600
1996-10-08,5.121953959486282,5.241999755411742,5.10861574124495,5.22866153717041,885600
1996-10-09,5.201984882354736,5.295353638253437,5.161969614028931,5.201984882354736,925200
1996-10-10,5.161971372939844,5.228663713069382,5.12195609097907,5.215324878692627,1214400
1996-10-11,5.24200000978054,5.348707592642668,5.24200000978054,5.322030544281006,505200
1996-10-14,5.2953547867769135,5.362047118646512,5.2953547867769135,5.335370063781738,2638800
1996-10-15,5.3620476856448125,5.442078248117123,5.322032404408657,5.42874002456665,738600
1996-10-16,5.442076411710909,5.575460433959961,5.362045876244572,5.575460433959961,960000
1996-10-17,5.602139814187087,5.695508607561943,5.602139814187087,5.615478038787842,1689000
1996-10-18,5.642152045152662,5.642152045152662,5.522106256957925,5.548783302307129,799200
1996-10-21,5.548786498290826,5.548786498290826,5.468755926731751,5.495432376861572,739800
1996-10-22,5.495430521137835,5.495430521137835,5.428738807749258,5.45541524887085,613200
1996-10-23,5.442078940741457,5.602140086057382,5.442078940741457,5.588801860809326,880800
1996-10-24,5.562124723355737,5.575462948420648,5.4820941517966615,5.495432376861572,330600
1996-10-25,5.482093811035155,5.522109094327384,5.468755586799336,5.482093811035156,307200
1996-10-28,5.495430842138812,5.5487849486677305,5.375385018325697,5.388723850250244,791400
1996-10-29,5.415400292930069,5.468754399458987,5.388723850250244,5.388723850250244,880800
1996-10-30,5.388724173511285,5.388724173511285,5.308693619501636,5.335370063781738,1578600
1996-10-31,5.348708629608154,5.348708629608154,5.322031576074555,5.348708629608154,798600
1996-11-01,5.335369142054373,5.402061462402344,5.322030922218605,5.402061462402344,981600
1996-11-04,5.402063783241483,5.522109645091294,5.402063783241483,5.5087714195251465,423000
1996-11-05,5.482093961025935,5.615478038787843,5.482093961025935,5.615478038787842,1377000
1996-11-06,5.628814894171077,5.7621989250183105,5.588799623858449,5.7621989250183105,1096200
1996-11-07,5.735522194263516,5.9355985569771805,5.735522194263516,5.882245063781738,1452600
1996-11-08,5.85556671599571,5.868905544281006,5.76219797092098,5.868905544281006,850800
1996-11-11,5.815552843388888,5.828891674864832,5.788876401606228,5.802214622497559,657600
1996-11-12,5.82889175415039,5.842229975223149,5.762199427617352,5.828891754150391,865800
1996-11-13,5.847628821823608,5.887772725377208,5.820866015272089,5.83424711227417,695400
1996-11-14,5.820866015272089,5.847628821823608,5.820866015272089,5.83424711227417,564600
1996-11-15,5.914533463034436,6.008202956626656,5.887771275619978,5.968059062957764,1052400
1996-11-18,5.994821548461914,6.008203255381748,5.92791546405169,5.994821548461914,689400
1996-11-19,5.994818098440718,6.115249716127341,5.968055925097168,6.101868629455566,589800
1996-11-20,6.075105271355023,6.0884869693132675,6.0349614025739395,6.0617241859436035,739800
1996-11-21,6.075106620788574,6.075106620788574,6.00820056632314,6.075106620788574,687000
1996-11-22,6.04834579558026,6.075107978327908,5.981439113616943,5.981439113616943,1768200
1996-11-25,5.968057462891403,5.9814385530110945,5.874387994412442,5.9412946701049805,1600800
1996-11-26,5.941293310263911,6.1420126788539084,5.914530523602944,6.128631591796875,1476600
1996-11-27,6.1420126788539084,6.182156552571907,6.088487718078876,6.128631591796875,1554600
1996-11-29,6.11525049848662,6.155394376184665,6.075106620788574,6.075106620788574,295200
1996-12-02,6.075108540121,6.075108540121,5.968058574136812,6.021583557128906,633000
1996-12-03,5.981437987859079,6.088488536343135,5.941294108745931,5.954675197601318,810600
1996-12-04,5.9011515695442975,5.994820437894373,5.887770477650608,5.914532661437988,1539600
1996-12-05,5.9011508725977615,5.954675846398157,5.9011508725977615,5.927913665771484,366000
1996-12-06,5.861006175795229,5.914531142168114,5.820862297878823,5.874387264251709,855600
1996-12-09,5.847626589422416,5.9279143658788005,5.847626589422416,5.914532661437988,611400
1996-12-10,5.901150053711635,5.914531142168114,5.874387264251709,5.874387264251709,502200
1996-12-11,5.847625082682021,5.847625082682021,5.794099503804794,5.820862293243408,675600
1996-12-12,5.807480363914303,5.834242536930973,5.7004298342069974,5.713810920715332,542400
1996-12-13,5.687052140249575,5.780721026778856,5.646908244230278,5.753958225250244,840000
1996-12-16,5.7807193454221,5.794100436020815,5.579999923706055,5.579999923706055,828000
1996-12-17,5.539856363997287,5.700431910779817,5.526475272614443,5.687050819396973,733200
1996-12-18,5.7004305720329285,5.7807183265686035,5.660286694765091,5.7807183265686035,836400
1996-12-19,5.79409864879398,5.874386392715129,5.753954776833406,5.8610053062438965,642000
1996-12-20,6.048344476920777,6.048344476920777,5.8476250873387485,5.874387264251709,1433400
1996-12-23,5.8743887732097955,5.9279143658788005,5.861007681316106,5.914532661437988,581400
1996-12-24,5.901150703430176,5.901150703430176,5.887769613500433,5.901150703430176,268200
1996-12-26,5.914532661437987,5.981439346000683,5.9011515695442975,5.914532661437988,308400
1996-12-27,5.95467742905885,6.008203029632568,5.941296335189026,6.008203029632568,390600
1996-12-30,6.008199797659376,6.115249716127341,5.994818098440718,6.101868629455566,628200
1996-12-31,6.101872141084403,6.101872141084403,5.994821548461914,5.994821548461914,724200
1997-01-02,5.994819729885217,5.994819729885217,5.847625898797365,5.927913665771484,1383600
1997-01-03,5.941296558424288,5.994821548461914,5.92791546405169,5.994821548461914,625800
1997-01-06,5.994815328985728,5.994815328985728,5.553232934801484,5.566614627838135,4162200
1997-01-07,5.794099761334541,5.8877692222595215,5.780718672293969,5.8877692222595215,3532200
1997-01-08,5.887768091733237,5.887768091733237,5.79409864879398,5.8610053062438965,1415400
1997-01-09,5.861006175795229,5.914531142168114,5.8476250873387485,5.874387264251709,2943000
1997-01-10,5.8476257311641735,5.901150703430176,5.8208629387576565,5.901150703430176,1819800
1997-01-13,5.901150311300094,5.901150311300094,5.834243641003249,5.8877692222595215,893400
1997-01-14,5.914531962911098,5.941294756084821,5.874388079424038,5.927913665771484,689400
1997-01-15,5.901150311300094,5.914531400340665,5.8610064316313855,5.8877692222595215,633000
1997-01-16,5.914531400340665,5.914531400340665,5.874387520671957,5.8877692222595215,586800
1997-01-17,5.901152369327208,5.968059062957764,5.901152369327208,5.968059062957764,767400
1997-01-20,5.981439346000683,5.981439346000683,5.914532661437987,5.914532661437988,636000
1997-01-21,5.8877692222595215,5.941294190968802,5.847625342590813,5.8877692222595215,1040400
1997-01-22,5.861006175795229,5.914531142168114,5.8476250873387485,5.874387264251709,1170600
1997-01-23,5.8877692222595215,5.961366130803156,5.874387520671957,5.8877692222595215,744600
1997-01-24,5.87439101582777,5.87439101582777,5.780722111718488,5.83424711227417,705600
1997-01-27,5.847627795634985,5.901152786797672,5.780721097271189,5.794102191925049,985200
1997-01-28,5.820861899613696,5.914530737494137,5.767336936903004,5.807480812072754,810000
1997-01-29,5.794100312449919,6.088489199719723,5.794100312449919,5.927913665771484,1287600
1997-01-30,5.954676318322197,6.061726886954084,5.941295226948373,5.981439113616943,637200
1997-01-31,6.021582435917209,6.034963526036901,5.9412946701049805,5.9412946701049805,846600
1997-02-03,5.94129545777249,5.95467654966618,5.8743887732097955,5.914532661437988,926400
1997-02-04,5.9011507871988655,5.9412946701049805,5.887769697079174,5.9412946701049805,780600
1997-02-05,5.861005774783446,5.9011496499531955,5.740574149274196,5.807480812072754,1310400
1997-02-06,5.807481209422343,5.874387264251709,5.7539556305024915,5.874387264251709,1464600
1997-02-07,5.901152441032344,6.021584123502391,5.887771347162521,6.008203029632568,676200
1997-02-10,6.021582041707245,6.088488713019659,5.994819250672879,6.034963130950928,703200
1997-02-11,6.0617266566613575,6.0751077475268165,5.9279139103655405,6.048345565795898,646800
1997-02-12,6.075107050338204,6.222301483154297,6.075107050338204,6.222301483154297,1213800
1997-02-13,6.222304207047606,6.222304207047606,6.1018725127176525,6.142016410827637,1047000
1997-02-14,6.1553922726478705,6.208917832984808,6.128630105026154,6.195536136627197,643800
1997-02-18,6.208921432495117,6.208921432495117,6.128633657991074,6.208921432495117,904200
1997-02-19,6.182156167858855,6.235681125303051,6.128631210414659,6.1687750816345215,759600
1997-02-20,6.155395675191558,6.222302356323638,6.115251789021728,6.182158470153809,843000
1997-02-21,6.182158470153809,6.195539561361388,6.128633492776399,6.182158470153809,357000
1997-02-24,6.168773969005481,6.208917832984808,6.128630105026154,6.195536136627197,409800
1997-02-25,6.208918952854384,6.222300039078718,6.10186842541913,6.1687750816345215,1045200
1997-02-26,6.1420126788539084,6.155393765910941,6.048343844360876,6.128631591796875,794400
1997-02-27,6.123260662925049,6.163545272549556,6.042691443676036,6.056119441986084,553200
1997-02-28,6.029265403747559,6.056121409090825,5.988980781038097,6.029265403747559,497400
1997-03-03,5.988980987724935,6.042693614959717,5.975552369895303,6.042693614959717,498000
1997-03-04,6.042693814386429,6.123263065244915,6.0158371925353995,6.0158371925354,1769400
1997-03-05,6.015833914985516,6.17697232891097,6.015833914985516,6.096403121948242,952800
1997-03-06,6.123263065244915,6.123263065244915,5.9889811853789725,6.0158371925354,771600
1997-03-07,6.015836993995035,6.096406242194498,5.988980987724935,6.042693614959717,915600
1997-03-10,5.975550037182743,6.0829758644104,5.935265428809164,6.0829758644104,1270200
1997-03-11,6.069551467895508,6.176976744169785,6.042694841479586,6.069551467895508,1269600
1997-03-12,6.069547866517322,6.109832474890901,6.015834645556322,6.0829758644104,625800
1997-03-13,6.0561194450494265,6.0561194450494265,5.948694229125977,5.948694229125977,1162800
1997-03-14,5.948697026473487,6.002409659693331,5.894983778558992,5.975553035736084,952800
1997-03-17,5.9486975710659165,6.096407479616724,5.921840944649994,6.069551467895508,649200
1997-03-18,6.096404759961277,6.109833374525977,5.881553688564815,5.962122917175293,825000
1997-03-19,5.935268947815107,6.0292668328807935,5.921840941960598,5.988982200622559,835800
1997-03-20,5.9621233777935,5.975551378701182,5.881554142958453,5.921838760375977,645000
1997-03-21,5.988979994303342,5.988979994303342,5.8009849081234055,5.921838760375977,1480800
1997-03-24,5.921838302870054,5.988979531610262,5.908410302999785,5.962122917175293,1104000
1997-03-25,6.0158371925353995,6.069550436237458,6.0158371925353995,6.0158371925354,1445400
1997-03-26,6.015834832361578,6.069548054990494,6.015834832361578,6.056119441986084,1128600
1997-03-27,6.069548760220739,6.069548760220739,5.948694917305024,5.962122917175293,2096400
1997-03-31,5.881554093625811,5.908410709910388,5.774128243181975,5.800984859466553,721200
1997-04-01,5.8009816224073605,5.8009816224073605,5.612986642709078,5.69355583190918,1067700
1997-04-02,5.693556603072146,5.774125803184932,5.666700612830693,5.7204132080078125,401100
1997-04-03,5.666702461782032,5.747271688183225,5.586133235380839,5.639845848083496,576300
1997-04-04,5.559277283400295,5.666703136286869,5.505564664304252,5.612989902496338,852300
1997-04-07,5.612986642709078,5.747269034505336,5.586130656105132,5.69355583190918,246900
1997-04-08,5.666700612830693,5.7204132080078125,5.586131412717908,5.7204132080078125,443400
1997-04-09,5.774125062903637,5.800981664396109,5.63984328482955,5.6666998863220215,916200
1997-04-10,5.612988419414973,5.612988419414973,5.505563209607112,5.532419204711914,825600
1997-04-11,5.47870703160628,5.47870703160628,5.344425201416016,5.344425201416016,749700
1997-04-14,5.344426378967095,5.398138999938965,5.183287901356977,5.398138999938965,1248900
1997-04-15,5.5055615067554635,5.774125062903637,5.5055615067554635,5.6666998863220215,2459100
1997-04-16,5.693559009022718,5.82784147575113,5.639846391148038,5.800984859466553,1030800
1997-04-17,5.827839618632424,5.935264820149313,5.827839618632424,5.881552219390869,1580400
1997-04-18,5.854695900549281,5.935265113009566,5.854695900549281,5.908409118652344,618000
1997-04-21,5.854695611664507,5.935264820149313,5.854695611664507,5.881552219390869,838200
1997-04-22,5.9352677457955725,6.096406242194498,5.908411739525472,6.042693614959717,806100
1997-04-23,6.069551467895508,6.1232641060326465,5.908412938789386,6.069551467895508,942900
1997-04-24,6.176973860071231,6.338112313939998,6.150117860889384,6.257543087005615,1467000
1997-04-25,6.257543619723773,6.257543619723773,6.203831002092986,6.230687618255615,1200600
1997-04-28,6.20383150372342,6.311257362365723,6.176974885389215,6.311257362365723,528900
1997-04-29,6.391823728392694,6.767813142523708,6.391823728392694,6.687243938446045,2130000
1997-04-30,6.714105530048694,6.740961541552828,6.499253749847411,6.499253749847412,1704600
1997-05-01,6.526105221338578,6.6872436218654565,6.472392626061024,6.552961826324463,717300
1997-05-02,6.4936869661258125,6.6284105522663515,6.466742002211074,6.520631313323975,1646700
1997-05-05,6.520629172353973,6.870911121368408,6.520629172353973,6.870911121368408,915600
1997-05-06,6.897854807573844,6.9786890411910525,6.682296440117116,6.7092413902282715,700500
1997-05-07,6.736189365386963,6.81702363530474,6.682299440964087,6.736189365386963,345600
1997-05-08,6.682297229766846,6.763131472936268,6.601462986597423,6.682297229766846,913800
1997-05-09,6.763130673734324,6.763130673734324,6.574517873105012,6.7092413902282715,569100
1997-05-12,6.736189365386963,6.790078673093302,6.628410133257748,6.736189365386963,825900
1997-05-13,6.79007642623152,6.79007642623152,6.601462986597423,6.682297229766846,784500
1997-05-14,6.70924009663298,6.70924009663298,6.547571660569535,6.601460933685303,687900
1997-05-15,6.601460933685303,6.601460933685303,6.466737442537812,6.601460933685303,1936200
1997-05-16,6.601462374476897,6.628407325273678,6.547573089599609,6.547573089599609,556500
1997-05-19,6.5745180403963905,6.601462374476897,6.520628138802827,6.547573089599609,470400
1997-05-20,6.520628138802827,6.5745180403963905,6.4128495690482525,6.547573089599609,536700
1997-05-21,6.574521316026045,6.574521316026045,6.332018488181435,6.412852764129639,656700
1997-05-22,6.412851500004043,6.412851500004043,6.332017239990196,6.358961582183838,823500
1997-05-23,6.358961582183837,6.412851500004043,6.332017239990196,6.358961582183838,761100
1997-05-27,6.332016897698323,6.493685408986651,6.305071940244793,6.43979549407959,857700
1997-05-28,6.3859096467494965,6.493688918089674,6.3859096467494965,6.4667439460754395,312000
1997-05-29,6.520629749723754,6.574519664630815,6.412851153342487,6.43979549407959,1201200
1997-05-30,6.3859096467494965,6.574523217415617,6.3859096467494965,6.4667439460754395,493200
1997-06-02,6.4936857600178906,6.4936857600178906,6.332017239990196,6.358961582183838,205200
1997-06-03,6.3050753474235535,6.5475782454013824,6.278130375409319,6.4667439460754395,374700
1997-06-04,6.385906195888957,6.43979549407959,6.358961238435426,6.43979549407959,355200
1997-06-05,6.466742002211074,6.547576277238713,6.466742002211074,6.520631313323975,672900
1997-06-06,6.520628915980351,6.65535306930542,6.520628915980351,6.65535306930542,728400
1997-06-09,6.6822951517170255,6.6822951517170255,6.547571660569535,6.601460933685303,855900
1997-06-10,6.628407970697123,6.682297260821736,6.547573727152036,6.57451868057251,626100
1997-06-11,6.628409385681153,6.682298687309657,6.5206301657076775,6.628409385681152,477300
1997-06-12,6.682297229766846,6.709242183062098,6.628407939892675,6.682297229766846,525900
1997-06-13,6.736187314613922,6.8170215599224235,6.65535306930542,6.65535306930542,1204200
1997-06-16,6.65535210672222,6.763130673734324,6.628407156611064,6.7092413902282715,843000
1997-06-17,6.709245165691761,6.763134479522705,6.601465921313265,6.763134479522705,491700
1997-06-18,6.763133677904079,6.8439679474277,6.70924437046051,6.790078639984131,759900
1997-06-19,6.817022278836118,6.978690786502457,6.7631323651363955,6.924800872802734,1505100
1997-06-20,6.951744088478562,6.951744088478562,6.870909854891602,6.897854804992676,1179300
1997-06-23,6.817020747418598,6.817020747418598,6.520628138802827,6.547573089599609,511500
1997-06-24,6.547574696438002,6.7766052926262885,6.507157568682212,6.722715377807617,728100
1997-06-25,6.790077140945161,6.8843835623306,6.641880807296844,6.749660015106201,468000
1997-06-26,6.736187167662684,6.790076457787297,6.534101558799967,6.57451868057251,443100
1997-06-27,6.628407553470496,6.682296840203035,6.520628363289121,6.668824672698975,1806000
1997-06-30,6.6688252379513875,6.749659483259889,6.574518823996919,6.65535306930542,1183800
1997-07-01,6.601463681457885,6.84396643649164,6.601463681457885,6.749660015106201,690000
1997-07-02,6.763134587856074,6.843968868255615,6.682300307456533,6.843968868255615,575400
1997-07-03,6.9248033516471175,7.019110426022154,6.9113311767578125,6.9113311767578125,876300
1997-07-07,6.911331375443701,7.059527770352918,6.8978592001671,6.97869348526001,1068900
1997-07-08,6.924804064193618,6.924804064193618,6.790080451287916,6.803552627563477,551700
1997-07-09,6.87091294301108,6.992164347887746,6.736189365386963,6.736189365386963,1094700
1997-07-10,6.790079553561459,6.897858799666387,6.722717447656303,6.843968868255615,792300
1997-07-11,6.870911121368408,6.978690324922782,6.843966166300722,6.870911121368408,326100
1997-07-14,6.924802071267228,7.019109128205108,6.924802071267228,6.93827486038208,606000
1997-07-15,6.992164313793182,7.194249987602234,6.695772197778751,6.790078639984131,1311600
1997-07-16,6.84396357338767,7.072994062901282,6.84396357338767,7.046049118041992,898800
1997-07-17,7.086466138255906,7.086466138255906,6.897853376750581,6.951742649078369,363000
1997-07-18,6.911330044269562,6.911330044269562,6.655355063016941,6.790078639984131,941100
1997-07-21,6.790075466771921,6.884381864905006,6.763130517284078,6.817020416259766,712500
1997-07-22,6.830492660829955,6.8843819437062335,6.695769145281133,6.857437610626221,766800
1997-07-23,6.884381785163804,6.884381785163804,6.749658272717568,6.7766032218933105,833100
1997-07-24,6.830497220608503,6.897859331709409,6.682300822873178,6.8843865394592285,1035600
1997-07-25,6.884386918650238,6.8978597116424964,6.749663305744535,6.803552627563477,623400
1997-07-28,6.790078673093302,6.81702363530474,6.695772230428075,6.736189365386963,794700
1997-07-29,6.682298687309657,6.6957714752541335,6.574520084052649,6.628409385681152,986700
1997-07-30,6.62841010093689,6.80355081266589,6.62841010093689,6.790078639984131,1103400
1997-07-31,6.776607577714862,6.9113311767578125,6.776607577714862,6.9113311767578125,1185900
1997-08-01,6.897856532669287,6.96521799971932,6.870911575819426,6.924800872802734,1172400
1997-08-04,6.924799206400045,7.032578391146798,6.870909922384802,6.992161273956299,1890300
1997-08-05,6.992162956569181,7.059525040335627,6.924800872802735,6.924800872802734,854100
1997-08-06,6.924800414787409,6.951745369855096,6.8574389521927515,6.870911121368408,1162800
1997-08-07,6.8709138339610005,6.951748114360542,6.843968868255615,6.843968868255615,1225200
1997-08-08,6.776604257942061,6.884382837690403,6.587990818307963,6.682297229766846,1057200
1997-08-11,6.709244036235199,6.709244036235199,6.628409770738389,6.641881942749023,998100
1997-08-12,6.682298687309657,6.709243646482142,6.628409385681153,6.628409385681152,495300
1997-08-13,6.628409385681153,6.668826516081648,6.5341029536521535,6.628409385681152,953700
1997-08-14,6.682298687309657,6.682298687309657,6.574520084052649,6.628409385681152,693000
1997-08-15,6.574520046889562,6.5879922180414185,6.4936857865454956,6.534102916717529,564300
1997-08-18,6.480211734771728,6.534101642301353,6.332016030856119,6.4802117347717285,773700
1997-08-19,6.493686199188232,6.54757550393653,6.453269066447883,6.493686199188232,1088400
1997-08-20,6.542345930861589,6.582897663116455,6.488277160778544,6.582897663116455,1087500
1997-08-21,6.609934013082373,6.623451054296062,6.501795827061417,6.528830528259277,410100
1997-08-22,6.488278785847728,6.528830528259277,6.339588857415223,6.528830528259277,703200
1997-08-25,6.542346903005769,6.569381601449611,6.43420934677124,6.43420934677124,963900
1997-08-26,6.447726386607951,6.488278124888504,6.420691688164109,6.43420934677124,580200
1997-08-27,6.326074714660645,6.380143523058941,6.082764148712158,6.082764148712158,6924300
1997-08-28,6.0557239856266465,6.0557239856266465,5.920551776885986,5.920551776885986,10506600
1997-08-29,5.893520271264713,6.0692449181999235,5.852968524859747,5.934072017669678,1504200
1997-09-02,5.9070358946196935,6.150346289106038,5.9070358946196935,6.015173435211182,1999500
1997-09-03,6.04221263129529,6.055729679247073,5.974626153994788,6.028695583343506,2288400
1997-09-04,6.082760674090017,6.109795372231666,6.028691896577133,6.096277713775635,3801900
1997-09-05,6.1097963601692395,6.244968635193649,6.042209913271778,6.190899848937988,2481900
1997-09-08,6.272001338887238,6.285518376450789,6.13682848817045,6.163863182067871,889800
1997-09-09,6.163863178712818,6.258483679146813,6.163863178712818,6.231449604034424,721500
1997-09-10,6.204418182373047,6.272004643339874,6.177383474232188,6.204418182373047,1790700
1997-09-11,6.177380964758442,6.258484437463237,6.082760452859644,6.21793270111084,3066900
1997-09-12,6.272002636962095,6.312554376815793,6.177381498123171,6.244967937469482,896700
1997-09-15,6.2044150493524555,6.258483819560624,6.150346279144287,6.150346279144287,582600
1997-09-16,6.258481825095654,6.4612404222237005,6.258481825095654,6.447723388671875,2344800
1997-09-17,6.488279253751738,6.488279253751738,6.258485823924522,6.35310697555542,1331100
1997-09-18,6.407174648327398,6.461243426444662,6.29903647332245,6.43420934677124,865800
1997-09-19,6.447726028936881,6.596415933974191,6.407174292905831,6.569381237030029,1944600
1997-09-22,6.569381237030029,6.596415933974191,6.407174292905831,6.569381237030029,1227900
1997-09-23,6.569383800029755,6.60993555188179,6.420693836982082,6.488280296325684,824400
1997-09-24,6.353104728465131,6.461242265265777,6.272001266479492,6.272001266479492,1650600
1997-09-25,6.299033714732361,6.407171842379448,6.271999646898202,6.32606840133667,1112100
1997-09-26,6.353103087940979,6.393654808462368,6.285516680815281,6.32606840133667,394500
1997-09-29,6.2990358819443175,6.393657008229154,6.272001804808961,6.380139350891113,895500
1997-09-30,6.299036016148449,6.366622447967528,6.258484280811076,6.366622447967529,1400700
1997-10-01,6.312552997472312,6.380138803280138,6.2179318793088605,6.272001266479492,2989800
1997-10-02,6.272002021360669,6.3395878353029405,6.217932627682392,6.258484363555908,3422400
1997-10-03,6.353103087940979,6.407171842379448,6.244964960293892,6.32606840133667,1811400
1997-10-06,6.326072386123573,6.447727624318257,6.258485936425235,6.4206929206848145,1220400
1997-10-07,6.4206929206848145,6.461244666749709,6.366624132188468,6.4206929206848145,1128600
1997-10-08,6.434209376920311,6.447726416820359,6.163864247526381,6.299036502838135,1533900
1997-10-09,6.271999646898202,6.393654808462368,6.231447926376813,6.32606840133667,1035600
1997-10-10,6.353105809647913,6.434209285435885,6.3260711114617845,6.407174587249756,676500
1997-10-13,6.461245588834117,6.51531500381725,6.447728544473648,6.488280296325684,2020800
1997-10-14,6.528826827523093,6.528826827523093,6.271999477417612,6.447723388671875,1011000
1997-10-15,6.407175763079842,6.4342104662273165,6.312555230219472,6.35310697555542,943200
1997-10-16,6.312554376815793,6.366623157030576,6.217933237976869,6.244967937469482,566100
1997-10-17,6.109797372665587,6.231452625979035,6.028693870456622,6.055727958679199,1010700
1997-10-20,6.1097943425082155,6.272001266479492,6.1097943425082155,6.272001266479492,986100
1997-10-21,6.380139571176457,6.380139571176457,6.231450285487153,6.258484363555908,1349700
1997-10-22,6.285519134621633,6.285519134621633,6.190898622722835,6.21793270111084,837900
1997-10-23,6.16386407403027,6.258484588208143,6.096277638891557,6.136829376220703,722400
1997-10-24,6.190898622722835,6.299036173815635,6.082760452859644,6.21793270111084,1804800
1997-10-27,6.190897955786719,6.23144968777054,5.717794209718704,5.839449405670166,569400
1997-10-28,5.596139876258294,6.163864211530875,5.582622836437182,6.123312473297119,2164800
1997-10-29,6.150350871221935,6.150350871221935,5.907040295465078,6.028695583343506,1098300
1997-10-30,6.04220978743365,6.123313274513296,5.907037515224406,5.961106300354004,805500
1997-10-31,5.974620887768184,6.028690269458378,5.9205521248482365,6.001655578613281,1102800
1997-11-03,6.02869081872221,6.326069970031003,6.001656125414028,6.177380084991455,1419300
1997-11-04,6.177380354863207,6.258483819560624,6.0286910820981605,6.150346279144287,1383600
1997-11-05,6.1097945467955785,6.231449743841705,6.05572515781708,6.150346279144287,723900
1997-11-06,6.096276623837211,6.272001202184941,6.096276623837211,6.177380084991455,791700
1997-11-07,6.05572603665072,6.136829513118231,6.028691957008496,6.123312473297119,1302900
1997-11-10,6.10979886229669,6.163867670694987,6.001660626729329,6.082764148712158,1274400
1997-11-11,6.109794413043346,6.244966644989817,6.082759719145925,6.163863182067871,1149900
1997-11-12,6.131306848737931,6.212695874955917,6.077047083959946,6.172001361846924,1354500
1997-11-13,6.199131534875338,6.226261421253807,6.131307750352789,6.1855669021606445,1193700
1997-11-14,6.199134783986079,6.266959225006077,6.077051162719727,6.077051162719727,711300
1997-11-17,6.1041782886669536,6.321215531947625,6.1041782886669536,6.253391742706299,852600
1997-11-18,6.321215822097801,6.321215822097801,6.158437726928337,6.212697505950928,491700
1997-11-19,6.226260978462269,6.226260978462269,6.0770475454158905,6.11774206161499,830100
1997-11-20,6.131310963915489,6.144875603739725,5.968532802227019,6.077051162719727,1525800
1997-11-21,6.11774407783728,6.226263030449104,6.0363550186157235,6.036355018615723,1402200
1997-11-24,6.0634858127379045,6.077050450973445,5.914272308349609,5.914272308349609,1404600
1997-11-25,5.968530977099277,6.185568252665885,5.968530977099277,6.0634846687316895,1315200
1997-11-26,6.1041769663489385,6.226260505675917,6.1041769663489385,6.172001361846924,883500
1997-11-28,6.185565428804876,6.2805190770886385,6.172000799321176,6.199130058288574,249900
1997-12-01,6.199130932039165,6.3076498460510075,6.199130932039165,6.280519962310791,1182900
1997-12-02,6.321215438646855,6.375475214377997,6.23982639599926,6.334780693054199,1235100
1997-12-03,6.36191164258231,6.402606174669082,6.280522578408765,6.307652473449707,1640100
1997-12-04,6.294087786213783,6.443300655375913,6.280522528326843,6.321217060089111,999300
1997-12-05,6.2669584720949585,6.456866511565796,6.18556940102879,6.429736614227295,863700
1997-12-08,6.348346942387133,6.456865900522141,6.294087773794266,6.375476837158203,807300
1997-12-09,6.389038796058078,6.416168679457466,6.321214398034117,6.361908912658691,746700
1997-12-10,6.334778743062252,6.4161677606564185,6.294084234265169,6.348343372344971,961800
1997-12-11,6.348346954913715,6.348346954913715,6.239827996564576,6.321217060089111,912600
1997-12-12,6.321217174741963,6.321217174741963,6.0499207053723145,6.239828109741211,1566900
1997-12-15,6.239824475236441,6.429732389939137,6.199129966439357,6.348343372344971,2105400
1997-12-16,6.45686319408204,6.497557708706613,6.307649766808931,6.361908912658691,771000
1997-12-17,6.402604869682533,6.4297347591938285,6.212697505950928,6.212697505950928,1791300
1997-12-18,6.185566794484696,6.185566794484696,5.50732461442221,5.64297342300415,11999100
1997-12-19,5.588715495836176,5.914271750369338,5.588715495836176,5.846447944641113,3881400
1997-12-22,5.832883428678313,5.846448688308879,5.534457031046196,5.629410743713379,1716000
1997-12-23,5.629408788327419,5.683668566103734,5.466630696896755,5.493760585784912,1500600
1997-12-24,5.480196093467058,5.602279665195662,5.480196093467058,5.548019886016846,679500
1997-12-26,5.52089121931664,5.683669332702396,5.493761326769273,5.656539440155029,534000
1997-12-29,5.656539440155029,5.697233968501468,5.6158449118085905,5.656539440155029,843900
1997-12-30,5.683666310014946,5.96852785694495,5.65653643189579,5.887138843536377,1046100
1997-12-31,5.873576018478136,6.036354112486299,5.873576018478136,6.022789478302002,1144200
1998-01-02,6.185571227973588,6.239830417727026,6.036357679964737,6.049922943115234,1129200
1998-01-05,6.0092244148254395,6.0227890480406945,5.860010965661216,6.0092244148254395,1350300
1998-01-06,6.009224469178481,6.226261707331171,5.941400060590529,6.144872665405273,1448100
1998-01-07,6.090616423493371,6.117745703141844,6.022791982473373,6.077051162719727,1242000
1998-01-08,6.049918090326173,6.07704735296708,5.8328802635048,5.860010147094727,1489500
1998-01-09,5.887138886762259,5.900703515446987,5.724360858749929,5.751490116119385,898800
1998-01-12,5.642972975117909,5.846445550892005,5.588713207612136,5.7921857833862305,1242000
1998-01-13,5.846444880514252,5.914268650695979,5.737925978894957,5.805750370025635,1594500
1998-01-14,5.860008965417221,5.941397978825794,5.832879087298066,5.887138843536377,787200
1998-01-15,5.887141180392064,5.941400337219239,5.805752134676732,5.900705814361572,1381800
1998-01-16,5.968530945917316,6.0363547448936075,5.914271161597225,5.9278364181518555,880800
1998-01-20,5.968530226107396,5.982094860076905,5.805752134676732,5.900705814361572,2328300
1998-01-21,5.914268650695979,6.0499174329573355,5.751490608741512,5.805750370025635,1293900
1998-01-22,5.751490608741512,5.805750370025635,5.670101587764278,5.805750370025635,1317000
1998-01-23,5.7243635194886915,5.778622680396678,5.6429744676521185,5.710798263549805,989400
1998-01-26,5.751493623102757,5.846447944641113,5.588715495836176,5.846447944641113,1397700
1998-01-27,5.914273001031257,6.077051162719727,5.887143721382785,6.077051162719727,2238300
1998-01-28,6.077048679343605,6.239826774513069,6.077048679343605,6.212697505950928,1981500
1998-01-29,6.185566583647676,6.321214766656932,6.117742181668522,6.294085502624512,2121900
1998-01-30,6.266956664024365,6.266956664024365,6.172002982158562,6.212697505950928,1334700
1998-02-02,6.294086217408162,6.389039894203087,6.199131919664116,6.266956329345703,1762800
1998-02-03,6.239827984252124,6.375476837158204,6.226263347341226,6.375476837158203,851400
1998-02-04,6.294087786213783,6.389041486675982,6.2126987226892485,6.321217060089111,814800
1998-02-05,6.321215531947625,6.375475308479638,6.239826488098733,6.253391742706299,1162500
1998-02-06,6.280522578408765,6.3754769005774214,6.253393304317104,6.307652473449707,1803300
1998-02-09,6.348345944835881,6.389040470123291,6.2940867847690605,6.389040470123291,975000
1998-02-10,6.389040968148427,6.619643503068919,6.375476332311654,6.578948974609375,1421700
1998-02-11,6.619643315631373,6.619643315631373,6.483994477307688,6.538254261016846,2260500
1998-02-12,6.524686781015555,6.592511177062988,6.443297754138235,6.592511177062988,1272300
1998-02-13,6.551820226600591,6.619644659531948,6.497561052825105,6.565384864807129,2490000
1998-02-17,6.646771387748462,6.7145957946777335,6.646771387748462,6.714595794677734,996900
1998-02-18,6.701033550338895,6.850246429443359,6.687468291548077,6.850246429443359,1222800
1998-02-19,6.904506222707998,6.904506222707998,6.741728084812716,6.850246429443359,1865400
1998-02-20,6.850246658855594,6.89094119469226,6.714598413049822,6.877376556396484,851100
1998-02-23,6.86380866946479,6.904503186040769,6.701030603160874,6.795984268188477,1116300
1998-02-24,6.75529151723963,6.75529151723963,6.646772571023797,6.687467098236084,1524600
1998-02-25,6.728160191314954,6.863809000407978,6.660336407717516,6.741725444793701,1119000
1998-02-26,6.711663562943688,6.956714167146856,6.698049848219927,6.943100452423096,794700
1998-02-27,7.079240311832354,7.29706351251371,7.024784823260009,7.283449172973633,3575700
1998-03-02,7.256226745747925,7.3515240722861614,7.215384945346335,7.324295997619629,1921200
1998-03-03,7.324291316363852,7.474044696521609,7.256222107997977,7.405974864959717,1218000
1998-03-04,7.43320037083896,7.474042131118295,7.3651305626414665,7.419586658477783,1565700
1998-03-05,7.351518455687844,7.39236022488611,7.29706297115547,7.378746509552002,1459200
1998-03-06,7.405977670640466,7.67825647684213,7.405977670640466,7.582959175109863,2336400
1998-03-09,7.528495969086791,7.569337720498104,7.46042679886505,7.474040508270264,543900
1998-03-10,7.5148877177651725,7.542115779547087,7.446817874908447,7.446817874908447,992400
1998-03-11,7.405976837666361,7.555730257713464,7.405976837666361,7.4876604080200195,900300
1998-03-12,7.433206487594477,7.433206487594477,7.256225588479095,7.365136623382568,1230600
1998-03-13,7.3787522651974085,7.46043586730957,7.2970686630852475,7.46043586730957,598200
1998-03-16,7.5012730263534815,7.65102578875667,7.474044968100156,7.637412071228027,1215300
1998-03-17,7.542117385339425,7.67825647684213,7.542117385339425,7.582959175109863,1389000
1998-03-18,7.62380137000954,7.637415092924368,7.501275994187224,7.514889717102051,625500
1998-03-19,7.5148878630469325,7.610185146331787,7.5148878630469325,7.610185146331787,396000
1998-03-20,7.610184907161269,7.610184907161269,7.542115688323975,7.542115688323975,825600
1998-03-23,7.446819856135336,7.5285034400168795,7.419592410305679,7.514889717102051,931500
1998-03-24,7.487663579166227,7.5965752601623535,7.433208050266389,7.5965752601623535,958800
1998-03-25,7.623803336210497,7.732714394010174,7.528505381640219,7.5965752601623535,896100
1998-03-26,7.542118049985366,7.63741536011567,7.405978323289152,7.555731773376465,698700
1998-03-27,7.582959578068768,7.582959578068768,7.446819856135336,7.514889717102051,1131300
1998-03-30,7.4740469564964735,7.5421168086410795,7.460433235346036,7.528502464294434,680400
1998-03-31,7.542115619992392,7.759938240051269,7.542115619992392,7.7599382400512695,1635900
1998-04-01,7.923309117995316,8.0594482421875,7.855239244301022,8.0594482421875,4736100
1998-04-02,8.113901390542523,8.250040464401245,8.113901390542523,8.168356895446777,3168000
1998-04-03,8.168359915459089,8.168359915459089,7.90969539253502,8.0594482421875,2637000
1998-04-06,8.05944768085788,8.05944768085788,7.868853044902763,7.896080493927002,1674300
1998-04-07,7.8416253952752974,7.855239120521074,7.623802675360893,7.719099998474121,1668900
1998-04-08,7.73271106345926,7.73271106345926,7.514888418481705,7.678255558013916,2898000
1998-04-09,7.719098853720375,7.841624232350858,7.69187078407039,7.746326923370361,2272800
1998-04-13,7.705485862963578,7.841624977762049,7.651029718487101,7.787169456481934,1110900
1998-04-14,7.814402367561911,7.868858550101663,7.773560542255495,7.841630458831787,1070700
1998-04-15,7.841624977762049,7.841624977762049,7.732713312005456,7.787169456481934,1918200
1998-04-16,7.773555522653623,7.787169871095795,7.705486273228344,7.719099998474121,958800
1998-04-17,7.691876891642664,7.868858550101663,7.651035066336249,7.841630458831787,1290300
1998-04-20,7.841622469233727,7.841622469233727,7.71909711815195,7.732710838317871,850500
1998-04-21,7.732714706586412,7.82801266500888,7.705487252634113,7.800784587860107,1023300
1998-04-22,7.828009697765379,7.828009697765379,7.569344620891424,7.623800754547119,2210700
1998-04-23,7.54212476101227,7.569352232021629,7.39237117767334,7.39237117767334,2631900
1998-04-24,7.405979363092423,7.405979363092423,7.2426121666771754,7.269840240478516,2037000
1998-04-27,7.283450527420003,7.283450527420003,7.09285597037542,7.2017669677734375,1607400
1998-04-28,7.310682271884572,7.392365872687751,7.24261239681645,7.324295997619629,1493400
1998-04-29,7.378748121304549,7.446817336039507,7.35152006149292,7.35152006149292,1281300
1998-04-30,7.378748499149208,7.7871663012571695,7.365134156948203,7.7599382400512695,1813500
1998-05-01,7.7327127911409805,7.773554585149113,7.6238017559168405,7.7054853439331055,944700
1998-05-04,7.705481408251743,7.773550614700461,7.651025295257568,7.651025295257568,494400
1998-05-05,7.732713723719898,7.746328072162069,7.596574601672944,7.719099998474121,605100
1998-05-06,7.664643430094174,7.719098946854874,7.555731773376464,7.555731773376465,591300
1998-05-07,7.542110301687675,7.542110301687675,7.365128963441539,7.474040508270264,792300
1998-05-08,7.514892127702934,7.569347660026589,7.392366712577343,7.501278400421143,864900
1998-05-11,7.44681889099939,7.69186961088452,7.433205169848952,7.528502464294434,855900
1998-05-12,7.528495969086791,7.542110301687675,7.4468124662641655,7.474040508270264,475800
1998-05-13,7.446818018874245,7.623799489084005,7.446818018874245,7.610185146331787,815100
1998-05-14,7.5693431265804465,7.62379924948562,7.528501345999624,7.542115688323975,366000
1998-05-15,7.528502464294434,7.610186037589477,7.4740469564964735,7.528502464294434,1127400
1998-05-18,7.555731509042824,7.582959578068768,7.501275994187224,7.514889717102051,693600
1998-05-19,7.56934437847392,7.56934437847392,7.201768292453125,7.2970662117004395,1960200
1998-05-20,7.212267672931361,7.239587077091084,7.116650696302481,7.157629489898682,2340300
1998-05-21,7.212267301704044,7.471799439359179,7.143969107463541,7.362523078918457,2550300
1998-05-22,7.321541102277961,7.444477423256771,7.321541102277961,7.403498649597168,1240500
1998-05-26,7.444480483482067,7.499118662393001,7.266905307769775,7.266905307769775,1846200
1998-05-27,7.307882140743369,7.307882140743369,7.075669473608683,7.102988243103027,1542600
1998-05-28,7.102993809238373,7.280569076538087,6.980057374317207,7.280569076538086,1562100
1998-05-29,7.280565321462548,7.348862888779535,7.266905307769775,7.266905307769775,709500
1998-06-01,7.212269149013071,7.376184356945187,7.184949739262087,7.335205554962158,593400
1998-06-02,7.335200747130227,7.417158297377493,7.253243196882963,7.3078813552856445,521100
1998-06-03,7.30788427341136,7.499118842112728,7.212267301704044,7.362523078918457,965700
1998-06-04,7.335200747130227,7.430817680656542,7.2805625887275465,7.3078813552856445,522900
1998-06-05,7.3215441119674285,7.335203500373481,7.102990145750256,7.266905307769775,1605000
1998-06-08,7.266905828298808,7.348863415179196,7.102990654538032,7.13031005859375,1061400
1998-06-09,7.143968936255136,7.3215441119674285,7.130309547849083,7.266905307769775,918600
1998-06-10,7.157625294168663,7.294220984322685,7.157625294168663,7.1712846755981445,845100
1998-06-11,7.212263445172992,7.335199753897531,7.157625294168663,7.1712846755981445,1300800
1998-06-12,7.13031005859375,7.212267645474138,6.966394884832974,7.13031005859375,678900
1998-06-15,7.130306636648357,7.130306636648357,6.829795837402344,6.829795837402344,822900
1998-06-16,6.884433210941784,7.06200766866823,6.884433210941784,7.007369518280029,2295300
1998-06-17,7.021033094386834,7.184948268771638,6.9117567283214765,7.157629489898682,2570100
1998-06-18,6.939076350675014,6.952736367058705,6.62490597843962,6.734182357788086,2340900
1998-06-19,6.76150351447815,6.802482323656806,6.5839288831329785,6.706865310668945,1621200
1998-06-22,6.706862987598215,6.73418176739685,6.611245382442627,6.693202972412109,1456500
1998-06-23,6.61124321825335,6.9527334815306086,6.570264436683005,6.925414085388184,1756200
1998-06-24,6.9937134378442,7.034692226297805,6.775159482567179,6.980053424835205,1481700
1998-06-25,7.062010321443893,7.157627902149052,6.9937127641249255,7.089329719543457,1483500
1998-06-26,7.075674057006835,7.1303122566749755,7.034695250933991,7.075674057006836,840000
1998-06-29,7.1303122566749755,7.294227480966354,7.075674057006835,7.075674057006836,1044600
1998-06-30,7.130307963956208,7.239584922790527,7.0893291825541604,7.239584922790527,1093200
1998-07-01,7.294224709868602,7.307884098274655,7.130309547849083,7.266905307769775,850500
1998-07-02,7.253243196882963,7.348860130409276,7.21226442175933,7.3078813552856445,572100
1998-07-06,7.2805610615137795,7.458135508038287,7.266901055813649,7.444476127624512,750000
1998-07-07,7.403503766696171,7.43082255116026,7.143970937279058,7.335205554962158,967500
1998-07-08,7.389840621633267,7.649373341210394,7.335202450542276,7.553755760192871,1454100
1998-07-09,7.608395889906447,7.635714667596115,7.307884333026168,7.348863124847412,1468800
1998-07-10,7.362524831324568,7.526440036286993,7.348864814053109,7.485461235046387,586200
1998-07-13,7.403497361096829,7.4991142745659705,7.376177974982921,7.444476127624512,1019100
1998-07-14,7.389839168376345,7.6357118278633935,7.389839168376345,7.567414283752441,1271700
1998-07-15,7.5674142837524405,7.594733051282219,7.4991161143549805,7.567414283752441,906000
1998-07-16,7.5400957708211935,7.622053333547511,7.403500041372858,7.5127763748168945,1018800
1998-07-17,7.594734432045798,7.594734432045798,7.348861727857769,7.376181125640869,809100
1998-07-20,7.417158297377493,7.444477689222077,7.2942219720065955,7.3078813552856445,1537200
1998-07-21,7.362519142042896,7.451306059264129,7.157625294168663,7.1712846755981445,1703400
1998-07-22,7.198607444763183,7.3078837980964195,7.14396864280987,7.198607444763184,1252800
1998-07-23,7.1712847365889445,7.198604124966657,7.007369656895483,7.048348426818848,1359900
1998-07-24,6.993710137004578,7.089327056505527,6.91175259877908,7.007369518280029,1764600
1998-07-27,7.0210300817145415,7.116647642601397,6.939072529689521,7.062008857727051,1287900
1998-07-28,7.034691273800261,7.048350659673085,6.6795416135274,6.843456745147705,1578900
1998-07-29,6.80248056384601,6.9937151656360905,6.734182357788086,6.734182357788086,1568700
1998-07-30,6.788817759829769,6.980051640194644,6.7205195881071536,6.884434700012207,1340700
1998-07-31,6.857113685865496,7.0483481463264015,6.843454304863425,6.966390609741211,1594800
1998-08-03,6.980051640194644,7.048349811917259,6.884434700012206,6.884434700012207,874500
1998-08-04,6.911755539578947,6.925414926666168,6.556605847731283,6.583925247192383,819900
1998-08-05,6.611244352078037,6.8024789072984575,6.556606175709357,6.679542541503906,1161900
1998-08-06,6.693202523626253,6.81613890033747,6.6795431346428105,6.720521926879883,789600
1998-08-07,6.63856347973682,6.7068616663523,6.447328932385471,6.570265293121338,1326600
1998-08-10,6.392689031575386,6.611242294311523,6.365369639250932,6.611242294311523,1327800
1998-08-11,6.501967293009448,6.611243633875742,6.460988508862932,6.597584247589111,719700
1998-08-12,6.665881503674103,6.775157829361417,6.556604552700254,6.624902725219727,1399500
1998-08-13,6.624906786332993,6.652225571858156,6.474650964796918,6.515629768371582,803700
1998-08-14,6.515628448883465,6.583926649439057,6.297075082507081,6.365372657775879,1157400
1998-08-17,6.297074377615182,6.392691347460253,6.201456782483389,6.283414363861084,1218300
1998-08-18,6.283413476073635,6.447328615669353,6.283413476073635,6.338052272796631,1677600
1998-08-19,6.362625177479611,6.410618697343716,6.2392121931818005,6.307774543762207,3090000
1998-08-20,6.307771437793735,6.321484403326223,6.143220873088589,6.198071479797363,1124100
1998-08-21,6.143222639610592,6.170647950851299,5.882684379811572,5.978672027587891,2288100
1998-08-24,6.033522650069304,6.088372644839948,5.910109691052278,5.978672027587891,2033400
1998-08-25,6.047239207876636,6.102089240887881,5.91011381149292,5.91011381149292,1657500
1998-08-26,5.89639896196533,5.951249605287729,5.81412362469274,5.882686614990234,1249500
1998-08-27,5.759273582780865,5.855261266590211,5.649572924348037,5.841548919677734,2792400
1998-08-28,5.841549223440665,5.882686894028275,5.512447858739782,5.553585529327393,1422300
1998-08-31,5.608433356269672,5.649571010784391,5.2107697811012565,5.238194465637207,1653000
1998-09-01,5.320471909365122,5.6358609297563875,5.251909542805619,5.56729793548584,2358600
1998-09-02,5.70442386405231,5.70442386405231,5.485022535777696,5.553585529327393,1428000
1998-09-03,5.498733043670654,5.594720689398913,5.3753200872868545,5.498733043670654,1527600
1998-09-04,5.553585339677695,5.581010661703232,5.155920995006977,5.334184646606445,1549500
1998-09-08,5.5672955290580886,5.649570835535355,5.375320232418317,5.594720840454102,1664400
1998-09-09,5.594723258736268,5.649573277526079,5.4850225934456,5.56729793548584,936000
1998-09-10,5.265619253420033,5.320469244739581,5.101068651750657,5.197056293487549,1789500
1998-09-11,4.826818414388615,4.991369049284942,4.264604163633406,4.881669044494629,6028500
1998-09-14,4.922807341657393,5.155920352852368,4.854244358988375,5.087357997894287,3629700
1998-09-15,5.08735554396971,5.183343171237224,4.909092000559222,4.950229644775391,2562600
1998-09-16,4.977655682653336,4.977655682653336,4.717117440181118,4.744542121887207,3096300
1998-09-17,4.552568054536096,4.648555721555437,4.497717421058561,4.607418060302734,3480000
1998-09-18,4.593705138073765,4.634842794152901,4.511429825915493,4.552567481994629,2004300
1998-09-21,4.3880178642560335,4.579993218189143,4.3880178642560335,4.53885555267334,2568300
1998-09-22,4.579992167573509,4.593705138073765,4.470292169836358,4.552567481994629,1971600
1998-09-23,4.525142168704933,4.552567481994629,4.470292169836358,4.552567481994629,2817000
1998-09-24,4.552569403179129,4.566281751755181,4.456581080013525,4.484006404876709,2968800
1998-09-25,4.429154419609811,4.538854415015147,4.38801676440511,4.401729106903076,1553400
1998-09-28,4.41544197155,4.511430263519287,4.374304311480556,4.511430263519287,2632500
1998-09-29,4.525142207352723,4.68969283307464,4.497716893828796,4.593705177307129,1688700
1998-09-30,4.593705387914301,4.771968364715576,4.579992416668229,4.771968364715576,2797500
1998-10-01,4.552566839101669,4.744542121887207,4.511429188831807,4.744542121887207,5832300
1998-10-02,4.730829785448899,4.895380386681905,4.689692135140648,4.8405303955078125,2499000
1998-10-05,4.826819943805232,4.909095287322998,4.771969924030407,4.909095287322998,3270000
1998-10-06,5.046219373142016,5.073644058819794,4.963944060687042,5.018794059753418,2046300
1998-10-07,4.991370227984699,5.046220871043557,4.9365202126368475,5.03250789642334,2268300
1998-10-08,4.881668748232067,5.032506402592307,4.826818121454872,5.018794059753418,3013500
1998-10-09,5.032506977137482,5.101069954581182,5.0050822883287145,5.073644638061523,2065200
1998-10-12,5.059933673901801,5.2381967106288005,5.059933673901801,5.1696343421936035,1500900
1998-10-13,5.2519086541311815,5.2519086541311815,5.0462203338350635,5.087357997894287,2123400
1998-10-14,5.059930801391602,5.073643141751967,4.88166786586403,5.059930801391602,3685200
1998-10-15,5.005081218135456,5.55358303727098,4.936518255351982,5.498733043670654,2444100
1998-10-16,5.485020574075102,5.485020574075102,5.1147816712015395,5.47130823135376,3392100
1998-10-19,5.416459205506105,5.4713092139528685,5.293046215717695,5.443883895874023,1471500
1998-10-20,5.4713078590929785,5.731846119336673,5.430170206017092,5.622146129608154,2296200
1998-10-21,5.567297959600036,5.649573301996643,5.471310269374344,5.60843563079834,955800
1998-10-22,5.581012725830078,5.594725078058826,5.43017434046886,5.581012725830078,938700
1998-10-23,5.567298739643292,5.567298739643292,5.430173359006437,5.457598686218262,770400
1998-10-26,5.4850200744875055,5.5261577266154385,5.45759539154272,5.498733043670654,1369500
1998-10-27,5.512445723363595,5.539871035701839,5.2793321377655165,5.30675745010376,2756100
1998-10-28,5.2656206124709035,5.334183590099416,5.114782312772533,5.210770606994629,2216700
1998-10-29,5.194126617690694,5.455899356379569,5.18034867360682,5.387011528015137,1076100
1998-10-30,5.455902291987579,5.552344799041748,5.373237105745344,5.552344799041748,842400
1998-11-02,5.648787281883262,5.910560131072998,5.63500933198337,5.910560131072998,1332000
1998-11-03,5.91055704709349,6.062110002119065,5.883001792356589,6.006999492645264,1972800
1998-11-04,6.062113317589876,6.172333135448697,5.841672420501708,5.841672420501709,1722300
1998-11-05,5.8692244491134415,5.896779703703781,5.731449437531571,5.814114570617676,3002100
1998-11-06,5.841671326746728,5.855449274413338,5.745228846506181,5.8003387451171875,2212500
1998-11-09,5.800336713042082,6.006999548788058,5.800336713042082,5.993222236633301,1389900
1998-11-10,5.9656686078314625,6.062111711259137,5.951891291921122,6.020779132843018,1041300
1998-11-11,6.02078125964153,6.186111631707793,5.9105608013689155,5.938116073608398,1119000
1998-11-12,5.910559255738618,6.062112267396198,5.910559255738618,5.96566915512085,1112700
1998-11-13,5.965666894152259,5.965666894152259,5.731449437531571,5.814114570617676,779700
1998-11-16,5.772784434397879,5.827894336094731,5.579898832431126,5.69011926651001,1900800
1998-11-17,5.69011926651001,5.7314518504539445,5.593676150184043,5.69011926651001,1698900
1998-11-18,5.662561258848976,5.676338569931753,5.524786255966586,5.6212286949157715,2017800
1998-11-19,5.648784260271381,5.703894138336182,5.621229005896526,5.703894138336182,1223400
1998-11-20,5.731452602642888,5.841672420501708,5.676342063028215,5.841672420501709,1809600
1998-11-23,5.814114601541715,6.034554747382164,5.814114601541715,6.006999492645264,1719900
1998-11-24,5.979447182145597,6.144777513166349,5.96566923410376,6.130999565124512,1733100
1998-11-25,6.172330529279939,6.39277133329047,6.14477590179237,6.213663101196289,2146200
1998-11-27,6.213663985243962,6.2963291408378295,6.199886669540014,6.268774509429932,514800
1998-11-30,6.213663723686569,6.26877424555272,6.144776517381469,6.254996299743652,1908600
1998-12-01,6.241216235752739,6.268771484549444,6.227438926696777,6.227438926696777,1422900
1998-12-02,6.227440776908086,6.310105917173747,6.227440776908086,6.241218090057373,1413000
1998-12-03,6.241221100857295,6.254998420652838,6.172333240509033,6.172333240509033,2309100
1998-12-04,6.172330262941,6.241218090057373,6.172330262941,6.241218090057373,1129500
1998-12-07,6.296327973339491,6.323883230323034,6.213662833073831,6.241218090057373,791100
1998-12-08,6.241218359368855,6.241218359368855,6.172330529279939,6.213663101196289,1466700
1998-12-09,6.199886669540014,6.268774509429932,6.17233140744703,6.268774509429932,1087200
1998-12-10,6.227442399046026,6.227442399046026,6.144777237247562,6.158554553985596,1651500
1998-12-11,6.15855095691975,6.241216070435451,6.117218400161899,6.186106204986572,1224900
1998-12-14,6.172330766378149,6.2274412848402445,6.0896656193700265,6.117220878601074,926100
1998-12-15,6.1309961186748945,6.199883928104323,5.95188857098015,6.075886249542236,1463700
1998-12-16,6.075886249542236,6.103441499450969,5.924333321071417,6.075886249542236,1176000
1998-12-17,6.020779764900785,6.213664730634888,6.020779764900785,6.130999565124512,1333500
1998-12-18,6.144777237247562,6.2136644516228605,6.062112075449098,6.158554553985596,1309800
1998-12-21,6.1034418240362935,6.365214504693684,6.006998759569223,6.2825493812561035,1048500
1998-12-22,6.323881942974894,6.392769756067825,6.199884257818524,6.2825493812561035,1187400
1998-12-23,6.310104042402111,6.323881351458073,6.1309958712507,6.227438926696777,1090500
1998-12-24,6.282548627193302,6.282548627193302,6.186106204986572,6.186106204986572,481500
1998-12-28,6.241218359368855,6.241218359368855,6.172330529279939,6.213663101196289,785100
1998-12-29,6.199884315478324,6.544322122776616,6.186107005005543,6.516767501831055,1158600
1998-12-30,6.502989664717461,6.571877479553223,6.447879791259766,6.447879791259766,1006200
1998-12-31,6.434106009384563,6.5718810839346675,6.392773423951012,6.475438594818115,843600
1999-01-04,6.475437191042018,6.599434920461854,6.475437191042018,6.5443243980407715,1331700
1999-01-05,6.585658408153645,6.709656164566695,6.585658408153645,6.65454626083374,1257300
1999-01-06,6.654543782131258,6.764764179227179,6.571878641980559,6.599433898925781,1567500
1999-01-07,6.585656344532244,6.599434289162054,6.420326054454573,6.502991199493408,1768800
1999-01-08,6.475435043331042,6.475435043331042,6.365214665730795,6.447879791259766,1602600
1999-01-11,6.406550131712425,6.447882713207344,6.378994867154098,6.434105396270752,6357300
1999-01-12,6.4065446853637695,6.420321990587963,6.337656897873591,6.4065446853637695,1648200
1999-01-13,6.31010737318035,6.392772532520333,6.282552109838651,6.351439952850342,1486200
1999-01-14,6.351439689606424,6.434104845520237,6.282551849449882,6.3376617431640625,2570700
1999-01-15,6.337661451857819,6.351439397666887,6.103443941324385,6.254996299743652,1830300
1999-01-19,6.117220578128345,6.227440978953582,5.938112978636701,6.034555435180664,1414200
1999-01-20,6.062114466560287,6.131001708107136,5.965671319298086,5.979449272155762,2006100
1999-01-21,5.951888932847035,6.0621093084984095,5.883001119229319,5.8967790603637695,2452800
1999-01-22,5.896779817182394,5.951889696738704,5.745226860046387,5.745226860046387,1830900
1999-01-25,5.400788564166974,5.717671133864957,5.400788564166974,5.6212286949157715,3312000
1999-01-26,5.648784413151615,5.814114682505468,5.635006470248843,5.745226860046387,2591100
1999-01-27,5.786563036956523,5.814118309265709,5.552344799041748,5.552344799041748,2102700
1999-01-28,5.607452833844982,5.745227872354145,5.593674888514539,5.73145055770874,1476900
1999-01-29,5.648785591125488,5.703895482174181,5.552342493433954,5.648785591125488,1399200
1999-02-01,5.6212295775119605,5.63500689075793,5.400789412151581,5.442121982574463,1644300
1999-02-02,5.442121493896548,5.59367381804842,5.442121493896548,5.566119194030762,2075100
1999-02-03,5.511011393028778,5.593676567077637,5.455901487224616,5.593676567077637,1922400
1999-02-04,5.676340392166023,5.81411606996241,5.676340392166023,5.759005546569824,2426400
1999-02-05,5.814117018341813,5.814117018341813,5.662564000318994,5.69011926651001,2116800
1999-02-08,5.731448283842474,5.800335460424582,5.690115725619295,5.786558151245117,1676100
1999-02-09,5.786557766523532,5.841667630262174,5.7038926555731955,5.71766996383667,1345500
1999-02-10,5.690116894164975,5.731449460876378,5.511008684625611,5.566119194030762,1009200
1999-02-11,5.552340616349803,5.579895867901053,5.455898181947696,5.524785995483398,1673700
1999-02-12,5.607451816547797,5.607451816547797,5.469676172348688,5.5110087394714355,1686300
1999-02-16,5.566120608393359,5.621230501117129,5.455900192260742,5.455900192260742,1661400
1999-02-17,5.511008766853189,5.538564021966906,5.180348228228299,5.2630133628845215,3365100
1999-02-18,5.290569305419922,5.318124564113987,5.2354594187168,5.290569305419922,2699400
1999-02-19,5.18034728068467,5.235457780831774,5.083904851454455,5.139014720916748,2372700
1999-02-22,5.139014720916748,5.1665699709903,5.097682161148826,5.139014720916748,3100200
1999-02-23,5.194126875979476,5.263014077084488,5.111461730105453,5.166571617126465,4410600
1999-02-24,5.20790501813768,5.304347493430377,5.20790501813768,5.23546028137207,1979100
1999-02-25,5.2205047607421875,5.248199322497458,5.178962284221395,5.2205047607421875,3062100
1999-02-26,5.20665569059189,5.345131004191375,5.20665569059189,5.331283092498779,2593500
1999-03-01,5.317435556260814,5.317435556260814,5.1651129722595215,5.1651129722595215,2159400
1999-03-02,5.16511374202365,5.386674012479098,5.16511374202365,5.372826099395752,3108300
1999-03-03,5.3728264900540585,5.428216878639262,5.331284015559084,5.386674404144287,2808000
1999-03-04,5.386675655063031,5.6359305599160034,5.386675655063031,5.6082353591918945,5095200
1999-03-05,5.649777255859996,5.885184852816808,5.635929973881808,5.871336936950684,2711100
1999-03-08,5.788252400865623,5.843642800607483,5.732862635011745,5.829794883728027,1692900
1999-03-09,5.802098222920904,5.802098222920904,5.622080439586527,5.732860565185547,1788300
1999-03-10,5.774404658579438,6.02365953592819,5.732862179021312,5.926727294921875,1781100
1999-03-11,5.899029993031123,6.106742316729402,5.843640251340817,6.065199851989746,2352600
1999-03-12,6.065201337645654,6.3144561871379405,6.037506143072779,6.106743812561035,1967400
1999-03-15,6.120591092903542,6.148286287476417,6.0928965322185284,6.106743812561035,1007100
1999-03-16,6.120592028872937,6.189829708949115,6.106744746412885,6.134439945220947,1235400
1999-03-17,6.120590448731529,6.148285640389576,5.912878096015665,5.954420566558838,1177200
1999-03-18,5.982115930790524,5.982115930790524,5.5943864058315205,5.7744035720825195,2994300
1999-03-19,5.8990323786907055,5.926727577680077,5.7190151699797,5.760557651519775,1382400
1999-03-22,5.719014834254022,5.802099792456802,5.719014834254022,5.788251876831055,1708800
1999-03-23,5.788251684904072,5.80209960007065,5.7051667294562245,5.719014644622803,1753800
1999-03-24,5.774404840470412,5.995964527130127,5.719015077277471,5.995964527130127,1656000
1999-03-25,5.968270527218641,6.231372719640804,5.968270527218641,6.079050064086914,2795400
1999-03-26,6.023659725670574,6.037507007996821,5.926727481610939,5.995964527130127,920100
1999-03-29,6.009810520870438,6.051352988448142,5.954420141508333,6.02365779876709,1214400
1999-03-30,6.037506957362385,6.411389282027009,6.009812392942155,6.3975419998168945,1930800
1999-03-31,6.286761159468879,6.314456354777018,6.2036762074323395,6.2313714027404785,1965300
1999-04-01,6.203674897911868,6.369844766908505,6.134437875088433,6.3421502113342285,2158200
1999-04-05,6.425236366441172,6.452930927276611,6.383693891300146,6.452930927276611,1430700
1999-04-06,6.397543765978341,6.411391052011258,6.259069003984807,6.30061149597168,869400
1999-04-07,6.300607212577366,6.314454489196373,6.231369561706947,6.27291202545166,832800
1999-04-08,6.231369012853943,6.259064197540283,6.175979277368897,6.259064197540283,1101900
1999-04-09,6.2036775869815735,6.2313727884484615,6.120592616468927,6.189830303192139,966300
1999-04-12,6.189829708949115,6.259067389025292,6.106744746412885,6.134439945220947,1185300
1999-04-13,6.092897463952832,6.162134510141052,6.06520226514477,6.134439945220947,975600
1999-04-14,6.134437935446611,6.425235209051949,6.10674274571209,6.383692741394043,2183700
1999-04-15,6.425236196434764,6.868355496955887,6.425236196434764,6.757575988769531,3140700
1999-04-16,6.702184200286865,6.702184200286865,6.577556804203715,6.702184200286865,1456200
1999-04-19,6.702186540487961,7.145306537025854,6.702186540487961,7.103764057159424,2947800
1999-04-20,7.131460314481781,7.283782340695669,6.536017592012113,6.7991204261779785,3658500
1999-04-21,6.7852656281583705,6.93758813380926,6.646791026404082,6.923740863800049,1182000
1999-04-22,6.9237455742897795,6.9237455742897795,6.812965437185938,6.882203102111816,1290300
1999-04-23,6.8683540617310666,6.896049249934339,6.67448964597131,6.702184200286865,1350900
1999-04-26,6.757573874371956,6.757573874371956,6.577556120591687,6.632946491241455,988800
1999-04-27,6.688337520703296,6.896049866066753,6.536014922807504,6.785269737243652,2292600
1999-04-28,6.78527221526304,6.979137353032157,6.729882447566723,6.965290069580078,1341300
1999-04-29,7.089913110952661,7.186845302581787,6.9791330105996545,7.186845302581787,2277600
1999-04-30,7.131453078121988,7.24223250588886,6.799113527046591,6.896045684814453,1334100
1999-05-03,6.896050875114671,6.896050875114671,6.702185779779348,6.854508399963379,1604100
1999-05-04,6.854510557620739,6.854510557620739,6.563713140024707,6.5775604248046875,1764300
1999-05-05,6.632947702042668,6.785269664415781,6.605252511662209,6.771422386169434,1206300
1999-05-06,6.771425067253833,6.771425067253833,6.536017440531825,6.605255126953125,1056000
1999-05-07,6.61910155591821,6.716034431168115,6.61910155591821,6.6883392333984375,942300
1999-05-10,6.674488615576124,6.9237433692629375,6.674488615576124,6.716031074523926,1117200
1999-05-11,6.812966137948121,7.034525801056977,6.716033904191976,7.020678520202637,1311000
1999-05-12,6.992983105838401,6.992983105838401,6.716033694088356,6.854508399963379,1074600
1999-05-13,6.84065950741551,6.84065950741551,6.660641734925815,6.702184200286865,802800
1999-05-14,6.716034399140678,6.799119358165561,6.605254242478191,6.619101524353027,816300
1999-05-17,6.577555432910651,6.591403341069124,6.439080788539006,6.480623245239258,917700
1999-05-18,6.508318768481785,6.563708502353452,6.300606474103511,6.369843482971191,1173900
1999-05-19,6.41138595298163,6.729878349543987,6.397538677961568,6.716031074523926,1130400
1999-05-20,6.674490219492117,6.965287502006889,6.674490219492117,6.840660095214844,1881300
1999-05-21,6.840664076201268,6.979138841927594,6.757579089987844,6.909901142120361,1560300
1999-05-24,6.965291555521403,7.034528621440496,6.89605385571417,6.909901142120361,886800
1999-05-25,6.868358649013649,6.951443635227073,6.757579089987844,6.909901142120361,1094100
1999-05-26,6.867082595825195,6.936587054027306,6.672468712919638,6.867082595825195,1663200
1999-05-27,6.88098604047747,6.88098604047747,6.6168675964904855,6.72807502746582,1495200
1999-05-28,6.728071634471072,6.894883333146686,6.728071634471072,6.853180408477783,1108500
1999-06-01,6.714172749984556,6.8392815589904785,6.6168661106476065,6.8392815589904785,2346300
1999-06-02,6.825375875021564,6.839276631673177,6.68636576316203,6.755870819091797,662100
1999-06-03,6.74197491965353,6.964390367996402,6.658569046982914,6.8392815589904785,1363800
1999-06-04,6.811481325534575,6.825382732488793,6.50565991758913,6.644669532775879,1641900
1999-06-07,6.644667059614247,6.644667059614247,6.450053798055636,6.533459663391113,1340700
1999-06-08,6.338845925159085,6.352746690953047,6.00522245541387,6.283242225646973,4356600
1999-06-09,6.283239668757233,6.380546262389735,6.1442295220410745,6.33884334564209,2287500
1999-06-10,6.269339803480974,6.436151511212939,6.2554390399486985,6.422250747680664,1418400
1999-06-11,6.533459257920775,6.630765882661174,6.366647537602255,6.408350467681885,1885200
1999-06-14,6.519557857003423,6.519557857003423,6.366647537602255,6.408350467681885,569400
1999-06-15,6.463954726313541,6.4917568942377315,6.227637889798591,6.283242225646973,2065200
1999-06-16,6.338844538083743,6.533458398294848,6.338844538083743,6.519556999206543,1933500
1999-06-17,6.519558407317667,6.672469375962224,6.255440039964585,6.311043739318848,1639800
1999-06-18,6.255438285962957,6.394447813538993,6.227636125913315,6.3666462898254395,1271400
1999-06-21,6.352743650347335,6.422248718722554,6.199833390792203,6.213734149932861,1548600
1999-06-22,6.21373710636482,6.338845907164112,6.199836340610322,6.311043739318848,1572900
1999-06-23,6.311045566487513,6.324946972603002,6.199838135582304,6.227639675140381,1366800
1999-06-24,6.1720333684530475,6.1720333684530475,6.0052216557921545,6.060825347900391,1812600
1999-06-25,6.116432854940011,6.144234397273976,6.046927726432068,6.088630676269531,998700
1999-06-28,6.088629527967804,6.227639122430279,6.074728759422475,6.1303324699401855,1271100
1999-06-29,6.116430090896805,6.255439648757109,6.088627924790253,6.172033786773682,1360200
1999-06-30,6.1859345516588435,6.241538883871947,6.158133021888519,6.172033786773682,1486200
1999-07-01,6.116433588456675,6.185938088963468,6.060829224447331,6.144235134124756,2110200
1999-07-02,6.172033786773682,6.227637482650557,6.14423162066713,6.172033786773682,1485000
1999-07-06,6.172035306294759,6.436153722154704,6.172035306294759,6.255441188812256,1844100
1999-07-07,6.255439153084388,6.547359646894993,6.199835461613475,6.505656719207764,1985700
1999-07-08,6.505656420799993,6.505656420799993,6.394448406622987,6.463953495025635,1250700
1999-07-09,6.450052087092036,6.561259453815911,6.408349165486562,6.49175500869751,1260900
1999-07-12,6.505657496167203,6.56126119427877,6.408350865387898,6.533459663391113,1096200
1999-07-13,6.463956819426469,6.505659766648575,6.422253872204363,6.47785758972168,1192800
1999-07-14,6.5612599237991995,6.5612599237991995,6.450052549109536,6.519556999206543,1435200
1999-07-15,6.47785758972168,6.561263484165893,6.450056049131259,6.47785758972168,1875300
1999-07-16,6.505655892287629,6.589061737060547,6.46395296990117,6.589061737060547,1258500
1999-07-19,6.575162039716043,6.672468662261963,6.547359874844552,6.672468662261963,1906800
1999-07-20,6.575164890797578,6.6029664313879985,6.450056049131259,6.47785758972168,2076600
1999-07-21,6.4778580956487115,6.561263996607006,6.408353602407815,6.450056552886963,2027700
1999-07-22,6.5056567774451475,6.533458941597573,6.3805479932635105,6.394448757171631,1521600
1999-07-23,6.380551423309543,6.450056552886963,6.380551423309543,6.450056552886963,783300
1999-07-26,6.394448286383219,6.436151211373406,6.324943835623665,6.380547523498535,2039400
1999-07-27,6.324945159365124,6.338845925159085,6.21373712400463,6.283242225646973,864600
1999-07-28,6.144233422653544,6.15813482795195,6.005223824024377,6.102530479431152,2120100
1999-07-29,6.005223739138552,6.033025913005957,5.921817853872739,6.019124507904053,1600800
1999-07-30,6.019122130156575,6.088627219200134,5.97741920399767,6.005221366882324,889200
1999-08-02,6.0052216557921545,6.130330440287824,6.0052216557921545,6.060825347900391,581400
1999-08-03,6.033025913005957,6.074728855638864,5.963520796505645,6.019124507904053,993300
1999-08-04,6.019124507904052,6.144233335802772,6.005223739138552,6.019124507904053,948600
1999-08-05,6.005223739138552,6.046926681771458,5.977421565271146,6.019124507904053,587700
1999-08-06,6.005221061004676,6.033023222473219,5.9357159755013775,5.977418899536133,1009200
1999-08-09,6.005219626259971,6.005219626259971,5.949615952943628,5.963516712188721,438300
1999-08-10,5.94961797770156,6.033023834228516,5.894013649126133,6.033023834228516,1037400
1999-08-11,6.005220453789893,6.005220453789893,5.866210933175295,5.8801116943359375,711000
1999-08-12,5.935715375314565,6.046923373607879,5.838408774517952,5.8801116943359375,727200
1999-08-13,5.963519861110545,6.033024966708784,5.727203011145578,5.782807350158691,1646400
1999-08-16,5.615996405061992,5.935718536376953,5.504788347544912,5.935718536376953,2407200
1999-08-17,5.894015131424118,5.921817302703857,5.7689063151698114,5.921817302703857,784500
1999-08-18,5.892771572614411,5.9206989728181405,5.76709635404598,5.822951793670654,594900
1999-08-19,5.79502296445324,5.920698165893555,5.7670955680557014,5.920698165893555,596100
1999-08-20,5.9346634799888305,5.948627180485634,5.781060217655052,5.7950239181518555,1226400
1999-08-23,5.767095565820313,5.892770767211915,5.725203832023112,5.892770767211914,1483200
1999-08-24,5.808987930473813,5.864843368530273,5.725204453780523,5.864843368530273,1195800
1999-08-25,5.8369153298934435,5.920698806586733,5.795023591546799,5.864843368530273,1631400
1999-08-26,5.808988257865894,5.8927717392811845,5.7950239181518555,5.7950239181518555,1747200
1999-08-27,5.795025231144802,5.836916981343963,5.683314323425293,5.683314323425293,1409400
1999-08-30,5.655386983564439,5.697278738998249,5.529711717263007,5.543675422668457,1094400
1999-08-31,5.585567554730984,5.641423658554021,5.445928573608398,5.445928573608398,1140000
1999-09-01,5.501783306432186,5.6274585644919375,5.250432790312684,5.292324542999268,3177000
1999-09-02,5.166648218726938,5.306287791677184,5.138720815510718,5.208539962768555,2757600
1999-09-03,5.236467210408202,5.236467210408202,5.068900259675139,5.1387200355529785,3495000
1999-09-07,5.166646156181803,5.250429610818356,5.096827036796028,5.124754428863525,2500500
1999-09-08,5.068901790618897,5.278360542297364,5.068901790618897,5.23646879196167,1917900
1999-09-09,5.180612559552334,5.208539962768555,5.1526845171188285,5.208539962768555,2375700
1999-09-10,5.250431706810171,5.264396047635567,5.166648218726938,5.208539962768555,5174700
1999-09-13,5.236468318226521,5.278360064772333,5.1247567810319135,5.222504615783691,1328400
1999-09-14,5.222504303593951,5.222504303593951,5.1526845171188285,5.208539962768555,1163100
1999-09-15,5.306285673387412,5.390069128023966,5.096827036796028,5.124754428863525,4300200
1999-09-16,5.124754068968456,5.138718403238565,4.747728549581259,4.943223476409912,2886900
1999-09-17,4.915297509811975,4.943225550855327,4.859442066942524,4.901333808898926,2669700
1999-09-20,4.901334817328811,4.901334817328811,4.761695861816406,4.761695861816406,2133300
1999-09-21,4.747732531783214,4.761696877766039,4.594129839712308,4.663949012756348,1898700
1999-09-22,4.691875173333983,4.719803214819107,4.524308202857769,4.538271903991699,2105100
1999-09-23,4.636019086083183,4.663946484474609,4.4125960636487225,4.440524101257324,4255200
1999-09-24,4.440523783365885,4.454487481561955,4.342776617559139,4.398632049560547,3183300
1999-09-27,4.454488589563774,4.524308376345235,4.426561186225021,4.4684529304504395,3110100
1999-09-28,4.468452138719445,4.510343875522386,4.356740627505877,4.426560401916504,3759900
1999-09-29,4.454488722019009,4.649983747289815,4.370705231076849,4.566200256347656,3825600
1999-09-30,4.7198054280344595,4.7198054280344595,4.622057556609141,4.677913665771484,4719300
1999-10-01,4.733769135716264,4.747732843398068,4.622057556609141,4.677913665771484,2411400
1999-10-04,4.677911587493673,4.747730734101376,4.663947246798309,4.733767032623291,2570100
1999-10-05,4.747731037333775,4.817550827618072,4.69187558863673,4.789622783660889,3857700
1999-10-06,4.803586317892918,4.957188935797603,4.7896219786527015,4.859441757202148,2983800
1999-10-07,4.901334630054833,4.94322637902966,4.817551132105177,4.831514835357666,2684400
1999-10-08,4.887370926802344,4.971154424751999,4.817551132105177,4.831514835357666,4334400
1999-10-11,4.887369943868048,4.957189085306021,4.8315138636569905,4.929261684417725,1047300
1999-10-12,4.915298022642229,4.929262364229481,4.747731037333775,4.789622783660889,1656000
1999-10-13,4.747731514393787,4.957190267076121,4.719804106847732,4.775659561157227,1617300
1999-10-14,4.803587781179965,4.8315151897333255,4.55223726889527,4.747731685638428,2145600
1999-10-15,4.747729781276298,4.747729781276298,4.46845197245938,4.594127178192139,1498800
1999-10-18,4.580165493729482,4.775660584531343,4.580165493729482,4.663949012756348,1385100
1999-10-19,4.663946310787793,4.719802383924898,4.580162840299287,4.594127178192139,2074800
1999-10-20,4.636018598736786,4.7198020635379505,4.594126866336205,4.705837726593018,1770600
1999-10-21,4.649984909211862,4.663948614785656,4.454489835091427,4.510345935821533,1564800
1999-10-22,4.622057221693895,4.622057221693895,4.426562771443954,4.4544901847839355,1228200
1999-10-25,4.412598352080227,4.691876955352269,4.412598352080227,4.580165386199951,1729800
1999-10-26,4.608093438292407,4.691876955352269,4.53827362767002,4.580165386199951,1643400
1999-10-27,4.580162529391272,4.7477294589936,4.580162529391272,4.705837726593018,1947000
1999-10-28,4.760890726100898,5.027725095276384,4.760890726100898,4.985593318939209,2472000
1999-10-29,4.985593442346508,5.069856997106617,4.9575060193464076,5.0277252197265625,2087100
1999-11-01,4.999638029362935,5.069857233010437,4.859198336308065,4.943461894989014,2144700
1999-11-02,4.971547918307144,5.196250434784866,4.971547918307144,5.08389949798584,2670000
1999-11-03,5.083901953393806,5.168165518130278,5.013682101820086,5.069857597351074,1994400
1999-11-04,5.083901351486571,5.182208617746731,4.985593442346508,5.0277252197265625,1338300
1999-11-05,5.0136821527483395,5.097945718340749,4.9575066566467285,4.9575066566467285,1977300
1999-11-08,4.9855925284677145,5.083900419587554,4.9855925284677145,5.055812358856201,682500
1999-11-09,5.055813930738729,5.196252992299254,5.02772586127463,5.126033782958984,1401900
1999-11-10,5.083901622233452,5.154120826353183,5.041769842609639,5.140077114105225,1110000
1999-11-11,5.126033001983054,5.196252200625089,4.985593318939209,4.985593318939209,908100
1999-11-12,5.027725453669962,5.111989012350911,4.887286403495025,4.943461894989014,2136600
1999-11-15,4.943461474167938,5.083901155267627,4.774934371152215,4.999637603759766,2193000
1999-11-16,4.999641221683963,5.027728663925104,4.887289524078369,4.887289524078369,2755200
1999-11-17,4.887286905656781,4.943462402922721,4.788979624721386,4.803023338317871,3414600
1999-11-18,4.831112633149328,4.8592000674628775,4.6906728900609265,4.718760967254639,2225700
1999-11-19,4.71876072467712,4.887287893415588,4.71876072467712,4.831112384796143,1765800
1999-11-22,4.831112000624316,4.9434630089290135,4.774935853591887,4.845155715942383,1977900
1999-11-23,4.859199651977039,4.943463233473057,4.746848638569086,4.92941951751709,2716500
1999-11-24,4.943462402922721,4.943462402922721,4.788979624721386,4.803023338317871,3517800
1999-11-26,4.817067642426169,4.929419293610946,4.732804064757606,4.845155715942383,843300
1999-11-29,4.859197968780774,4.901329744934595,4.704715218136686,4.817066192626953,2149800
1999-11-30,4.80302283581107,4.887286394334071,4.718759277288068,4.774934768676758,1868400
1999-12-01,4.774936627228205,4.788980987701821,4.564277648925781,4.564277648925781,3056400
1999-12-02,4.578320850606678,4.746847990593672,4.564276493687748,4.704716205596924,2863800
1999-12-03,4.760892354525053,4.92941951751709,4.760892354525053,4.92941951751709,2250000
1999-12-06,4.831110707829784,4.845154419389785,4.732802798270053,4.746847152709961,2732700
1999-12-07,4.718759086710052,4.845154419389785,4.718759086710052,4.746847152709961,1776900
1999-12-08,4.774934646069072,4.887286268841493,4.732802867889404,4.732802867889404,2564100
1999-12-09,4.760892924912479,4.760892924912479,4.592365741729736,4.592365741729736,1800600
1999-12-10,4.5783197750204305,4.5783197750204305,4.4097926746255665,4.494056224822998,2237100
1999-12-13,4.43788149700803,4.494057643459319,4.241266913068734,4.269354343414307,3191400
1999-12-14,4.325527537106365,4.494054575657526,4.241264017830784,4.39574670791626,2665800
1999-12-15,4.522144002989337,4.564275781411224,4.325529465607139,4.451924800872803,3566100
1999-12-16,4.451924074861024,4.508099555969238,4.297440698213666,4.508099555969238,2943300
1999-12-17,4.451924421368875,4.57831974585998,4.451924421368875,4.465968132019043,4435500
1999-12-20,4.522145325992964,4.522145325992964,4.381706237792969,4.381706237792969,1781700
1999-12-21,4.339573057037496,4.4800121002535,4.3255293455798665,4.409792900085449,1539300
1999-12-22,4.409793009453678,4.423836721259609,4.213177829771056,4.283397674560547,3388500
1999-12-23,4.409792303309909,4.536187617963253,4.381704241315895,4.508099555969238,1387200
1999-12-27,4.5081014821267384,4.774935934999755,4.480013408131651,4.536189556121826,3225300
1999-12-28,4.536189556121826,4.7047167143321715,4.536189556121826,4.536189556121826,1361400
1999-12-29,4.536188838252086,4.690671613577335,4.536188838252086,4.620452404022217,854700
1999-12-30,4.662584924779585,4.662584924779585,4.522145197684237,4.536189556121826,1164900
1999-12-31,4.5642775070094626,4.718760967254639,4.550233789852688,4.718760967254639,922200
2000-01-03,4.6625830340996215,4.676626743962388,4.437879819016377,4.522143363952637,1722300
2000-01-04,4.494056398830936,4.508100110114318,4.241265738450694,4.353616714477539,1940400
2000-01-05,4.367661476135254,4.451925037456963,4.353617120661666,4.367661476135254,1868400
2000-01-06,4.508100846536895,4.550232630149389,4.39574920927691,4.437880992889404,1750800
2000-01-07,4.409794312585011,4.508101610036997,4.29744265629695,4.381706237792969,2848500
2000-01-10,4.381704942961899,4.4940565660491,4.283397674560547,4.283397674560547,3203700
2000-01-11,4.353617095844879,4.423836944172684,4.325529670817718,4.339573383331299,3544500
2000-01-12,4.353617095844879,4.437880656686264,4.325529670817718,4.339573383331299,2127000
2000-01-13,4.339573743296604,4.353617456975104,4.269353889144101,4.2974419593811035,2440500
2000-01-14,4.339573039335388,4.35361675073573,4.213177708092609,4.241265773773193,2813400
2000-01-18,4.1850894910743905,4.241265620404165,4.100825939959605,4.171045780181885,2074200
2000-01-19,4.171046617079754,4.1991346873803606,4.114871119358547,4.128914833068848,1926000
2000-01-20,4.1289118604457125,4.1289118604457125,3.9042093884561337,3.9603848457336426,2576100
2000-01-21,4.044650046856756,4.100825527658718,3.9744302136944443,4.016561985015869,3363900
2000-01-24,4.016562392887068,4.114870297873172,3.9674090832738926,4.030606746673584,1954800
2000-01-25,4.01656533044426,4.142960749684258,3.9603898028532663,4.044653415679932,2505000
2000-01-26,4.04465042917352,4.128913979781301,3.9884749430616226,4.002518653869629,1578000
2000-01-27,4.002518681980429,4.086782233180017,3.974430617287274,4.030606746673584,1505100
2000-01-28,4.016563573816428,4.0306079317321934,3.9182562828063965,3.9182562828063965,1428300
2000-01-31,3.9182530920556253,4.072736403168204,3.9042093884561337,3.9603848457336426,2006700
2000-02-01,3.932299263612966,4.157002519508527,3.932299263612966,4.142958164215088,2238000
2000-02-02,4.100826749448893,4.128914819658269,3.9182559002879493,3.9322996139526367,3616500
2000-02-03,3.9603870617623755,4.423836611543079,3.8480354414616316,4.409792900085449,6332400
2000-02-04,4.6344949714942585,4.648538681357025,4.522143363952637,4.522143363952637,5145300
2000-02-07,4.536189556121826,4.536189556121826,4.49405776656924,4.536189556121826,1731300
2000-02-08,4.494056398830936,4.494056398830936,4.297441226464117,4.353616714477539,2132100
2000-02-09,4.353618033698354,4.367662392117311,4.213178949669404,4.31148624420166,2290500
2000-02-10,4.311484937747498,4.423836556654238,4.297441226464117,4.353616714477539,1351200
2000-02-11,4.353618599996694,4.367662960242476,4.171047702723081,4.199135780334473,1478400
2000-02-14,4.269354728708247,4.29744280446874,4.171047427866719,4.255311012268066,2206200
2000-02-15,4.269352995709934,4.494056224822998,4.255309284970318,4.494056224822998,3095100
2000-02-16,4.494054575657526,4.494054575657526,4.353614948278469,4.39574670791626,1392600
2000-02-17,4.40979427703732,4.578321438670847,4.395749918314458,4.550233364105225,1856400
2000-02-18,4.508100291142013,4.536188357716579,4.395748667723672,4.451924800872803,2171400
2000-02-22,4.48001184266921,4.494056196199243,4.423836357188674,4.465968132019043,1626000
2000-02-23,4.522143646302229,4.522143646302229,4.353616545907365,4.494056224822998,2664300
2000-02-24,4.468039317041169,4.468039317041169,4.298366929720001,4.340785026550293,1862700
2000-02-25,4.383204525395997,4.468040746192364,4.284229150216567,4.3125081062316895,2794200
2000-02-28,4.312505750800483,4.42562021858141,4.312505750800483,4.3266448974609375,1911900
2000-02-29,4.411481071920956,4.411481071920956,4.298365956891383,4.3266448974609375,1655700
2000-03-01,4.439761888342377,4.439761888342377,4.326646725520312,4.383203983306885,1464900
2000-03-02,4.383204525395997,4.453901591809303,4.2559501942014455,4.3125081062316895,1888800
2000-03-03,4.284226970755213,4.637710828500312,4.270087823564984,4.510456562042236,1832700
2000-03-06,4.453901591809303,4.4821805478244245,4.284229150216567,4.3125081062316895,1489800
2000-03-07,4.369063676488816,4.369063676488816,4.199391300702842,4.255948543548584,2111400
2000-03-08,4.255949952224182,4.361995222190307,4.1428354290929565,4.2418107986450195,3286500
2000-03-09,4.185254347584515,4.326647852504915,4.1569753877008,4.270090579986572,1266300
2000-03-10,4.326647871791726,4.383205144562183,4.2700905990212705,4.284229755401611,1664700
2000-03-13,4.241808723000919,4.3266448974609375,4.185251489110455,4.3266448974609375,1245600
2000-03-14,4.298366637495077,4.354924527589567,4.227670245750087,4.255948543548584,2435700
2000-03-15,4.2983666545525585,4.736687391904905,4.2559485604377345,4.665990352630615,2189100
2000-03-16,4.665990657493716,5.20328676713653,4.665990657493716,5.1750078201293945,2895900
2000-03-17,5.146731955626819,5.160871761223461,4.863944905182507,4.920502185821533,2358000
2000-03-20,4.948780536651611,5.061895083915684,4.906362419615309,4.948780536651611,1178400
2000-03-21,4.948778437382396,5.076032734510096,4.934638639535657,5.033614635467529,1374300
2000-03-22,5.061892466599187,5.061892466599187,4.807383895978298,4.835662841796875,1635300
2000-03-23,5.005333981962285,5.047752066555186,4.906358666995052,4.962915897369385,2862900
2000-03-24,5.090174314354648,5.175010552927225,4.9629199564957815,5.047756195068359,4088100
2000-03-27,5.047752066555186,5.090170151148087,4.934636958557916,4.962915897369385,3084300
2000-03-28,4.9629199564957815,5.0760351570089295,4.8922228752689225,5.047756195068359,1815300
2000-03-29,5.0336152596526125,5.076033363955165,4.977057355749937,5.01947546005249,2111100
2000-03-30,4.948776751587952,5.033612920773754,4.892218873965015,4.962915897369385,2888100
2000-03-31,4.991196656861205,5.090172007932502,4.962917707734189,5.005335807800293,2045100
2000-04-03,4.96291758798031,5.09017188510801,4.948778437382396,5.033614635467529,1715700
2000-04-04,4.991197109222412,5.118451420954012,4.7932457418902885,4.991197109222412,2515500
2000-04-05,4.977057001833377,5.3729597120039925,4.9629178504875915,5.330541610717773,3889800
2000-04-06,5.429516767715304,5.641607266454184,5.3588197190527325,5.415377616882324,3249000
2000-04-07,5.4295155967053255,5.4295155967053255,5.288122177124023,5.288122177124023,1293000
2000-04-10,5.344681709587047,5.599190362424525,5.330542555734623,5.570911407470703,1134900
2000-04-11,5.570911097382034,5.797141429922206,5.556771944316625,5.698165416717529,3015600
2000-04-12,5.698165438656014,6.249600824566239,5.698165438656014,6.079928398132324,4233000
2000-04-13,6.0657905135835914,6.0657905135835914,5.924397011067932,5.938536167144775,3364500
2000-04-14,5.896116175474944,5.910255327052599,5.684025665565773,5.726443767547607,1697100
2000-04-17,5.754721288100081,5.924393653869629,5.655745309902038,5.924393653869629,2181000
2000-04-18,5.924394112073673,5.938533261231782,5.669885543735168,5.712303638458252,1600800
2000-04-19,5.853698302886898,5.853698302886898,5.6274686325346215,5.655746936798096,1241100
2000-04-20,5.570909321229472,5.881975767483802,5.570909321229472,5.853696823120117,1533900
2000-04-24,5.9526749756431805,6.094069117151871,5.768863368380729,5.910256862640381,1176600
2000-04-25,6.108209133148193,6.193045371108585,5.881979381003526,6.108209133148193,2279400
2000-04-26,5.88197675037848,5.966812950397166,5.768861601270619,5.867836952209473,1768800
2000-04-27,5.839557922627505,5.938533261231782,5.684024692893276,5.712303638458252,2283300
2000-04-28,5.698165958945672,5.726444915016407,5.599190583571598,5.627469539642334,2763300
2000-05-01,5.6557470631716065,5.825419481539244,5.64160791072394,5.754723072052002,1708500
2000-05-02,5.7264433592028485,5.938533853988139,5.627468010719321,5.88197660446167,1625700
2000-05-03,5.839559150755161,5.839559150755161,5.641607784666359,5.655746936798096,1450500
2000-05-04,5.684026450821848,5.783001820036754,5.585051081606942,5.5991902351379395,1081800
2000-05-05,5.627469004141546,5.712305217031877,5.627469004141546,5.698165416717529,981600
2000-05-08,5.669888973236084,5.698167288656782,5.627470852855887,5.669888973236084,552300
2000-05-09,5.669884600417394,5.684023747223125,5.500212249754017,5.5284905433654785,1296300
2000-05-10,5.58505030375243,5.655746708810181,5.486074301073387,5.500214099884033,2225100
2000-05-11,5.556771577378143,5.684025888310467,5.556771577378143,5.655746936798096,1070400
2000-05-12,5.5991892571098525,5.641607357542503,5.52849220730582,5.585050106048584,1600200
2000-05-15,5.542631812805205,5.9102549056004925,5.542631812805205,5.88197660446167,1610400
2000-05-16,5.910257695490904,6.108209133148193,5.839561262023331,6.108209133148193,2108700
2000-05-17,6.0516487106352645,6.079927010420581,5.896115472820848,6.009230613708496,2021700
2000-05-18,6.023371935171529,6.023371935171529,5.8819784435228115,5.952674865722656,1679700
2000-05-19,5.88197851406766,5.88197851406766,5.6557481480176115,5.740584373474121,1628700
2000-05-22,5.839557384509201,5.966811656951904,5.811278441550145,5.966811656951904,1217100
2000-05-23,5.910257207742013,5.995093438701224,5.839560780108721,5.938536167144775,1083000
2000-05-24,5.969233144540143,6.026082767147027,5.628134107709278,5.684983730316162,2019300
2000-05-25,5.642347614414064,5.699197900348338,5.343885890341369,5.45758581161499,2397300
2000-05-26,5.514434506135053,5.514434506135053,5.230185727339157,5.301247596740723,1682400
2000-05-30,5.358097839182297,5.414947464463963,5.315460457572345,5.3438849449157715,2506800
2000-05-31,5.372309746280793,5.429159368000851,5.2728227456219985,5.28703498840332,1257300
2000-06-01,5.343885890341369,5.471798057801095,5.301248501188127,5.45758581161499,995700
2000-06-02,5.5712850631206035,5.7418345992304705,5.557072168048215,5.670772075653076,1379100
2000-06-05,5.613921088857447,5.770257692069218,5.613921088857447,5.741833209991455,1306500
2000-06-06,5.770258489523878,5.784471383121685,5.628134107709278,5.684983730316162,1441800
2000-06-07,5.670772592226664,5.756047368049622,5.6281352043151855,5.6281352043151855,3267300
2000-06-08,5.613921702700234,5.684983566259447,5.514434052765716,5.528646945953369,940500
2000-06-09,5.542859700836035,5.599709327056592,5.457584936207788,5.4860100746154785,1176000
2000-06-12,5.50022182010469,5.514434062723243,5.358097442134865,5.372309684753418,1800000
2000-06-13,5.315460457572345,5.358097839182297,5.173335418475962,5.3438849449157715,1814100
2000-06-14,5.400735378265381,5.571284909678027,5.400735378265381,5.400735378265381,2312100
2000-06-15,5.258610248565674,5.329672769017514,5.2301857608607945,5.258610248565674,3171600
2000-06-16,5.230186273066951,5.230186273066951,5.116486359328033,5.215973377227783,2565600
2000-06-19,5.21597392666208,5.258611317481103,5.173336535843058,5.244399070739746,3410100
2000-06-20,5.230184892601886,5.244397134094963,5.116485008873134,5.130697250366211,1393500
2000-06-21,5.1733362989245775,5.1733362989245775,5.045424132325385,5.102274417877197,1471800
2000-06-22,5.102274823072832,5.159124462544417,5.045424533006271,5.073849678039551,1123500
2000-06-23,5.088061646056082,5.130699035968829,4.960149476317843,4.974362373352051,1714200
2000-06-26,5.059634134822819,5.088058610744568,4.931722041391297,4.988571643829346,1647600
2000-06-27,5.002785369254937,5.1733348778726596,5.002785369254937,5.059635639190674,1461300
2000-06-28,5.102271716833432,5.17333356026205,4.9743596179484255,5.006337642669678,1804800
2000-06-29,4.988575988802417,5.116488193643504,4.945938587188721,4.945938587188721,1600500
2000-06-30,4.974359473192885,5.031209076400351,4.814469354239484,4.81802225112915,2292000
2000-07-03,4.818024941902906,5.102274417877197,4.818024941902906,5.102274417877197,1028700
2000-07-05,5.0596385416902825,5.1591255952572,4.917513435914551,4.945938587188721,1296600
2000-07-06,5.00278388179022,5.073846372783693,4.974359405868471,4.988571643829346,1317900
2000-07-07,5.0027846827469835,5.11648455642123,4.974360202274413,5.088059425354004,1637100
2000-07-10,5.0738481674236535,5.159122926540017,4.974361165319489,5.0454230308532715,1065300
2000-07-11,5.002785637787354,5.244397671496282,4.945936015394867,5.201760292053223,1816200
2000-07-12,5.272822408100319,5.287034649971893,5.187547655681418,5.230185031890869,1765500
2000-07-13,5.230184865407398,5.301246723098006,5.1449101157029,5.17333459854126,887700
2000-07-14,5.20175975902102,5.20175975902102,4.97436064215823,5.130697250366211,1166100
2000-07-17,5.173335284164734,5.201760421364994,5.002785762152768,5.031210899353027,645000
2000-07-18,5.031209076400351,5.045421314553579,4.81802225112915,4.81802225112915,1654800
2000-07-19,4.889086938075889,5.01699909066571,4.846449553879282,4.960148811340332,1751100
2000-07-20,4.9033011855750255,5.002788239141943,4.9033011855750255,4.945938587188721,1154700
2000-07-21,4.960147540414351,4.960147540414351,4.803810938814422,4.860660552978516,1457700
2000-07-24,4.8606617984132,5.01699909066571,4.8606617984132,4.960148811340332,1140900
2000-07-25,4.931721936442883,5.102271390722239,4.931721936442883,5.00278377532959,1756500
2000-07-26,4.974363587760948,5.031213237991869,4.761176586151123,4.761176586151123,4392900
2000-07-27,4.761174391642016,4.8748736396978725,4.761174391642016,4.825130462646484,1273200
2000-07-28,4.860663636704008,4.91751328693493,4.690114035416149,4.761176586151123,1364100
2000-07-31,4.775385882403399,4.81802325635343,4.718536267334924,4.732748508453369,2097600
2000-08-01,4.7753857474119705,4.832235360873412,4.746960615383912,4.789597988128662,1396800
2000-08-02,4.789598436405524,4.889086082517821,4.71853657557644,4.832235813140869,2295000
2000-08-03,4.874873189876214,4.931723459253166,4.775386194358655,4.832235813140869,2858100
2000-08-04,4.846448764100212,4.889086141348616,4.7469611167907715,4.7469611167907715,1731900
2000-08-07,4.73274752102067,4.860659616183391,4.73274752102067,4.81802225112915,3021900
2000-08-08,4.8748718753753995,5.201758559066859,4.832234510137146,5.109377384185791,2243100
2000-08-09,5.230186584476389,5.230186584476389,5.088061521191783,5.102274417877197,1611900
2000-08-10,5.116486663967688,5.159124052834086,5.045424132325385,5.102274417877197,1299000
2000-08-11,5.159122521343541,5.315459784309771,5.144910279471968,5.230185031890869,1505700
2000-08-14,5.287034816735449,5.372309571844085,5.2301851968612745,5.33677864074707,1898700
2000-08-15,5.386521977411405,5.4433722496032715,5.329672355814309,5.4433722496032715,2034000
2000-08-16,5.431366116567932,5.445658966626897,5.3599005577036385,5.367047309875488,1652700
2000-08-17,5.431365395802598,5.474244594573975,5.345606998259845,5.474244594573975,1692600
2000-08-18,5.531418194262125,5.531418194262125,5.3741942032036585,5.431366920471191,2304900
2000-08-21,5.402778848748891,5.402778848748891,5.331313301966862,5.345606803894043,758400
2000-08-22,5.288435935974121,5.3313151480341405,5.14550544720234,5.288435935974121,1954200
2000-08-23,5.259849135906276,5.274141985522814,5.145504376119819,5.18838357925415,981600
2000-08-24,5.216969932771944,5.245555632005021,5.159797225736357,5.18838357925415,1314900
2000-08-25,5.188383481541618,5.245555533215771,5.15979712856219,5.231262683868408,722400
2000-08-28,5.231262782388482,5.259849135906276,5.159797225736357,5.18838357925415,1083300
2000-08-29,5.174090632194256,5.302728239174627,5.174090632194256,5.231262683868408,700800
2000-08-30,5.231262782388482,5.231262782388482,5.174090729637611,5.18838357925415,1268400
2000-08-31,5.188385289458297,5.28843657832257,5.1740924351305235,5.263423919677734,1539600
2000-09-01,5.259850366034913,5.302729579197466,5.259850366034913,5.274143218994141,932400
2000-09-05,5.274140912527156,5.417071342468262,5.2455545648251025,5.417071342468262,1107900
2000-09-06,5.459951843714556,5.5742966076065255,5.431366143455118,5.560003757476807,2120100
2000-09-07,5.5457102530623485,5.5742966076065255,5.502831048388452,5.560003757476807,1701300
2000-09-08,5.560006478355578,5.602885704013114,5.545712966946359,5.574299335479736,1136400
2000-09-11,5.545712966946359,5.631471418261432,5.5171272526980415,5.574299335479736,1079700
2000-09-12,5.545711740454166,5.560005248702226,5.431367600179179,5.459953308105469,1148700
2000-09-13,5.045452974314281,5.145504227305885,4.831056964843202,5.088332176208496,7123800
2000-09-14,5.116918321501898,5.174091031877174,5.002574209320856,5.059746265411377,2791500
2000-09-15,4.973989260518749,4.973989260518749,4.888230824992564,4.9168171882629395,3107100
2000-09-18,4.945402614163348,4.973988975797381,4.802472114562988,4.802472114562988,1245900
2000-09-19,4.845350224846827,4.859643075261782,4.68812625314331,4.702419757843018,1649400
2000-09-20,4.673833237279717,4.759591645303198,4.64524688317698,4.688126087188721,2043900
2000-09-21,4.688128389896734,4.859645290189116,4.673835532967386,4.788180351257324,1277400
2000-09-22,4.802473208186672,4.845352433259768,4.759593983113577,4.788180351257324,1558200
2000-09-25,4.788180232609115,4.788180232609115,4.659542560577393,4.659542560577393,1742100
2000-09-26,4.688127023699465,4.731006236276853,4.545196533203125,4.545196533203125,2817900
2000-09-27,4.573780668711793,4.673831897974192,4.573780668711793,4.645245552062988,1184100
2000-09-28,4.673835532967386,4.788180351257324,4.645249164823639,4.788180351257324,1191600
2000-09-29,4.816762870622226,4.945400460528617,4.802470023171943,4.888228416442871,1545600
2000-10-02,4.945400210465076,4.945400210465076,4.731004238128662,4.731004238128662,941400
2000-10-03,4.788179534973661,5.016868478281842,4.7310068084329115,4.9168171882629395,1257300
2000-10-04,4.9311092930660045,5.345608553186789,4.9311092930660045,4.945402145385742,1776900
2000-10-05,5.00257315889898,5.031158853799544,4.831056372357125,4.888228416442871,1107600
2000-10-06,4.88822925733842,4.88822925733842,4.688126087188721,4.688126087188721,3459000
2000-10-09,4.802472114562988,4.831058476197021,4.773885752928956,4.802472114562988,2113800
2000-10-10,4.8167659457594745,4.8167659457594745,4.659542560577393,4.659542560577393,1237500
2000-10-11,4.702418598359223,4.731004292140708,4.559487512313437,4.5737810134887695,1442400
2000-10-12,4.473730669286381,4.5166098790695886,4.359386546054372,4.430851459503174,2300100
2000-10-13,4.430851748235137,4.602368598544689,4.373679682893573,4.545196533203125,3525000
2000-10-16,4.5737810134887695,4.673832250293148,4.559487512313437,4.5737810134887695,2140800
2000-10-17,4.616660354537789,4.630953201880822,4.445143569282943,4.459436416625977,1511700
2000-10-18,4.402266365548006,4.459438435082297,4.3165079341041155,4.416559219360352,1581000
2000-10-19,4.4165594691321965,4.5594899781935965,4.4165594691321965,4.502317905426025,2870100
2000-10-20,4.488022327423096,4.545194365498033,4.473728827190951,4.488022327423096,1957800
2000-10-23,4.473729122399801,4.645245902227073,4.473729122399801,4.5737810134887695,1169100
2000-10-24,4.616663791795737,4.645249507764809,4.573784563557031,4.630956649780273,928500
2000-10-25,4.630955559866769,4.630955559866769,4.473731541899768,4.502317905426025,656400
2000-10-26,4.402265024063951,4.6023675336000105,4.402265024063951,4.588074684143066,865500
2000-10-27,4.54519432280059,4.659539052160861,4.402263901813658,4.645245552062988,1110900
2000-10-30,4.633159077500106,4.892155559944126,4.633159077500106,4.877767086029053,1485600
2000-10-31,4.935323205801592,5.079210625240878,4.834602539123951,4.992878437042236,1784400
2000-11-01,4.964100068753904,4.97848854505129,4.762658107279381,4.791435718536377,1559700
2000-11-02,4.834602305438402,5.107987335298976,4.748270121412716,5.064821243286133,1854600
2000-11-03,5.0216533435732496,5.194317649468743,5.00726487096931,5.107985496520996,1555200
2000-11-06,5.151153002965397,5.165542138225844,5.09359843791032,5.1367645263671875,1927500
2000-11-07,5.179931148300122,5.237485719282689,5.136765055397621,5.208708763122559,1086000
2000-11-08,5.223096048928858,5.395760381124854,5.151152357626475,5.3094282150268555,1315200
2000-11-09,5.352595116481308,5.510870998081884,5.208708370538584,5.22309684753418,1249200
2000-11-10,5.266263334105124,5.338207041830062,5.194319626380188,5.208708763122559,1169400
2000-11-13,5.19432118613801,5.309431021330786,5.19432118613801,5.266264915466309,748800
2000-11-14,5.266262950686423,5.295040563413659,5.165542294134485,5.194319248199463,1602900
2000-11-15,5.223098938616118,5.223098938616118,5.036046028137207,5.036046028137207,1785300
2000-11-16,5.07921173445369,5.107988697696083,5.00726800902277,5.050434112548828,816000
2000-11-17,5.007268403962559,5.0936006178239825,4.992879921206495,5.036046028137207,2156100
2000-11-20,5.079212239584903,5.079212239584903,5.007268506999128,5.0216569900512695,1847700
2000-11-21,5.050433009620556,5.064821488099555,4.992878437042236,4.992878437042236,2060700
2000-11-22,4.9784893162337225,5.050433026189389,4.9641008377075195,4.9641008377075195,1592400
2000-11-24,4.949713423875515,5.050434112548828,4.949713423875515,5.050434112548828,797700
2000-11-27,5.050434535947339,5.0648230187747805,5.00726842880249,5.00726842880249,2782200
2000-11-28,5.050434112548828,5.122377837979748,5.00726800902277,5.050434112548828,866700
2000-11-29,5.050434112548828,5.07921173445369,5.050434112548828,5.050434112548828,986400
2000-11-30,5.064823097870227,5.064823097870227,5.007268506999128,5.0216569900512695,656100
2000-12-01,5.050430947443183,5.122374627786991,5.0216533435732496,5.107985496520996,1809000
2000-12-04,4.834601539083366,5.16554174494373,4.834601539083366,5.151152610778809,2537400
2000-12-05,5.179931011417216,5.208708625479186,5.079210350193756,5.122376441955566,2396400
2000-12-06,5.093598050105689,5.16554174494373,5.007265879764914,5.151152610778809,2920200
2000-12-07,5.208708763122559,5.237485719282689,5.1655426702200575,5.208708763122559,2171100
2000-12-08,5.165542946429747,5.410150380181926,5.165542946429747,5.352595806121826,1846800
2000-12-11,5.309429026832266,5.323817503827861,5.122376191240499,5.22309684753418,1158000
2000-12-12,5.223096048928858,5.3525942980758545,5.13676388283086,5.3094282150268555,1020000
2000-12-13,5.3094302034400815,5.381373921685816,5.3094302034400815,5.323818683624268,1695900
2000-12-14,5.295041084289551,5.424539366307537,5.295041084289551,5.295041084289551,2143200
2000-12-15,5.295039740231242,5.410148855920467,5.295039740231242,5.3094282150268555,2406300
2000-12-18,5.366985595218205,5.669148335460082,5.352597112856093,5.582816123962402,3117000
2000-12-19,5.625979413874307,5.755477666306162,5.55403637940917,5.654757022857666,1556400
2000-12-20,5.6115897372365,5.625978209316429,5.525257587432861,5.525257587432861,1097100
2000-12-21,5.510871905263037,5.640370195527737,5.438928191117415,5.4820942878723145,2513700
2000-12-22,5.4820942878723145,5.568426481382115,5.424539711753236,5.4820942878723145,2792400
2000-12-26,5.539648710677614,5.726702230546917,5.5252602317116475,5.697924613952637,1022400
2000-12-27,5.6979243230074825,5.928143268019337,5.59720365806398,5.856200218200684,1104600
2000-12-28,5.97131114669814,6.100809465484335,5.755480615387816,6.014477252960205,1650000
2000-12-29,6.02886549907541,6.115197698782159,5.971310260162636,6.057642459869385,1725600
2001-01-02,6.02886496775121,6.04325344688014,5.669147061566775,5.741090774536133,1515600
2001-01-03,5.798645860749139,6.072031598928784,5.697925180645403,6.057642459869385,1783200
2001-01-04,6.057643004975517,6.273473523664223,6.057643004975517,6.201530456542969,2304900
2001-01-05,6.215919332301363,6.215919332301363,5.971311176059407,6.086421012878418,1912500
2001-01-08,6.02886549907541,6.158363798635532,6.000087879619023,6.057642459869385,1523400
2001-01-09,6.014475607535372,6.028864744794523,5.870588845580164,5.913754940032959,1855800
2001-01-10,5.856199577607609,5.985697843510512,5.726701311704705,5.971308708190918,1046100
2001-01-11,6.02886337403438,6.02886337403438,5.841809901493696,5.928142070770264,1159800
2001-01-12,5.899368104377224,6.100809495482352,5.813035891428594,6.086421012878418,2223000
2001-01-16,6.086419320400835,6.201529125210753,5.985698652856113,6.187139987945557,1904700
2001-01-17,6.201528716383245,6.273471763317156,6.143973488441373,6.2303056716918945,2823300
2001-01-18,6.18714039876027,6.18714039876027,5.841811620063653,5.899366855621338,3782700
2001-01-19,5.755477989503492,5.827421686670782,5.5252590806952595,5.597202777862549,3424200
2001-01-22,5.654758370710553,5.726702080986171,5.438927898546028,5.640369892120361,2475000
2001-01-23,5.7554792536650625,5.769868391456347,5.669147061566775,5.741090774536133,1476900
2001-01-24,5.467704211121267,5.654757022857666,5.438926602137908,5.654757022857666,2987700
2001-01-25,5.5972025276515405,5.95691968008318,5.582813393663993,5.928142070770264,2354100
2001-01-26,5.928143215302559,5.928143215302559,5.68353579423464,5.784256458282471,1392300
2001-01-29,5.783105266355415,5.974187158630756,5.730155402098852,5.905121803283691,1785600
2001-01-30,5.962676950346263,5.98569917678833,5.760084255770586,5.98569917678833,1734900
2001-01-31,5.985698620844286,6.215917570570569,5.985698620844286,6.181384563446045,1835100
2001-02-01,6.181385856934845,6.213616845972199,6.06627602865318,6.123831272125244,1221600
2001-02-02,6.112317535947703,6.146849874964217,6.031740102256066,6.077784538269043,1291800
2001-02-05,6.054763567332068,6.19289491280829,6.02023056629746,6.158361911773682,1620900
2001-02-06,6.158363829205703,6.158363829205703,5.969583935613028,5.992606163024902,2102100
2001-02-07,6.0087209976845575,6.077787021257766,5.813035028664494,5.992606163024902,1588800
2001-02-08,6.0478592075541675,6.100809083425342,5.8959143386016395,5.93735408782959,1592700
2001-02-09,5.958073066672297,6.144550273813326,5.916633321384064,6.1123199462890625,1820400
2001-02-12,6.158361416652336,6.158361416652336,6.020230082281628,6.103108882904053,1328100
2001-02-13,6.103109373583193,6.25735620736386,6.054763567332068,6.158361911773682,3827700
2001-02-14,6.204404762038446,6.213614176660665,6.0892956418690645,6.096202373504639,2448000
2001-02-15,6.100810762790811,6.24354691105716,5.985701560722923,6.02023458480835,2752800
2001-02-16,6.070881753900188,6.070881753900188,5.930448306344837,6.011024475097656,1551600
2001-02-20,6.0110222873452885,6.054764711674448,5.895913140357401,5.930446147918701,1593600
2001-02-21,5.951165798218955,5.951165798218955,5.746270432613613,5.753177165985107,1550400
2001-02-22,5.800646582851779,5.835380461935675,5.592239995817017,5.670970916748047,2019900
2001-02-23,5.673287443857393,5.673287443857393,5.446355840102085,5.594555854797363,1884000
2001-02-26,5.615394442732998,5.835378931777881,5.606131944904856,5.807591438293457,1297500
2001-02-27,5.844645243160612,5.946533448256992,5.789070219929788,5.909483432769775,1551600
2001-02-28,5.928005793341143,6.032209423892002,5.812224864959717,5.812224864959717,2441400
2001-03-01,5.8238036073451,5.853907235772288,5.76359767550353,5.8376970291137695,2544000
2001-03-02,5.846960252454245,6.002107328385819,5.835381627939739,5.928006649017334,1662000
2001-03-05,5.928005524744841,6.071574611439805,5.9117966460101545,5.995159149169922,1716300
2001-03-06,6.0437886125681155,6.103995211067641,5.988213596648452,6.064629077911377,923700
2001-03-07,6.03220790149912,6.182723335410808,5.9557917925462585,6.175776958465576,1801800
2001-03-08,6.136414461021264,6.245249047401346,6.085471020858025,6.147993087768555,1328700
2001-03-09,6.194304586501604,6.194304586501604,6.113257525158699,6.138729572296143,1530900
2001-03-12,6.182725660918464,6.189672702982832,5.997475622577967,6.004422664642334,1225500
2001-03-13,5.94884699063379,6.020632208623727,5.816856503942784,6.004422664642334,1602300
2001-03-14,5.94652956822168,6.004420014021038,5.765910529319872,5.807591438293457,1442700
2001-03-15,5.80064611793833,5.828433616482085,5.67328658398623,5.76591157913208,1951200
2001-03-16,5.6385537920557995,5.812225877386034,5.6385537920557995,5.687182426452637,1734000
2001-03-19,5.696442501519581,5.816854995209186,5.67328658398623,5.76591157913208,1279500
2001-03-20,5.742756726405673,5.874747203335284,5.626975129752328,5.696443557739258,1403100
2001-03-21,5.742756787365048,5.7890686315103705,5.608449524315656,5.7057061195373535,2163600
2001-03-22,5.719599410013228,5.719599410013228,5.557505971677289,5.613080978393555,3498900
2001-03-23,5.603818660854144,5.777490728158521,5.557506153740068,5.735809803009033,2030400
2001-03-26,5.719598357170286,5.789067434031172,5.661707901457026,5.756649017333984,1652400
2001-03-27,5.76591253451785,5.7890684558880325,5.670971401882367,5.752018451690674,1253100
2001-03-28,5.742756732070584,5.8168560794934425,5.696443563358483,5.784437656402588,1537800
2001-03-29,5.823802180604026,5.9743182983466445,5.789067640932172,5.858536720275879,1620600
2001-03-30,5.870116472717384,5.962741498469482,5.823803959841334,5.900219440460205,1171800
2001-04-02,5.985895734089544,6.1387272977807745,5.932636199583041,5.937267780303955,2203500
2001-04-03,5.592239657033321,5.59455511633072,4.568732446884842,4.703038692474365,17636100
2001-04-04,4.804927826981487,5.198584171100858,4.804927826981487,5.094380855560303,9704100
2001-04-05,5.094382109686562,5.2379512606092655,4.932288281027545,4.957760334014893,9531900
2001-04-06,4.9207079717937585,4.9207079717937585,4.735458288933927,4.751667499542236,3567300
2001-04-09,4.809558182572932,4.909130566577468,4.774823637716772,4.821136474609375,3462000
2001-04-10,4.862819795021277,4.862819795021277,4.7586164474487305,4.7586164474487305,4964400
2001-04-11,4.816505074755218,4.876711665614198,4.781770859840003,4.841977119445801,3057900
2001-04-12,4.846608817798849,4.969336799699852,4.786402225494385,4.786402225494385,4729500
2001-04-16,4.828082975418158,4.916077063569645,4.804927054855963,4.839661598205566,3252900
2001-04-17,4.835030461684778,4.839662043727371,4.747036365432873,4.791033744812012,2101200
2001-04-18,4.804925790693871,5.126797771870232,4.758612967994785,5.07122278213501,3189000
2001-04-19,5.048068074388394,5.050383534039604,4.9785993160545745,5.001755237579346,1381800
2001-04-20,5.024912241137536,5.112906346094218,4.892921414955733,4.932287216186523,2072100
2001-04-23,4.816505134643609,4.976283452749193,4.816505134643609,4.8512396812438965,2586000
2001-04-24,4.862817913397476,4.948495886440674,4.807242904530585,4.841977119445801,1451700
2001-04-25,4.79334876332171,4.8906050209461815,4.654410921176452,4.839661598205566,3487200
2001-04-26,4.862818826921745,5.0249126332342895,4.862818826921745,4.955443859100342,2872800
2001-04-27,4.920708152832591,5.0341742875310835,4.918392693197568,4.960073947906494,2574600
2001-04-30,4.960073603823297,4.960073603823297,4.839661429825963,4.858185768127441,1869300
2001-05-01,4.862817946598938,4.990177177161865,4.839662023999482,4.985546588897705,2207400
2001-05-02,4.943866679792998,4.962391357913453,4.883660399328302,4.92071008682251,1612500
2001-05-03,4.923024474393982,4.923024474393982,4.802611293406433,4.888289928436279,2441100
2001-05-04,4.839663713010866,5.001757215295746,4.804929154483178,4.9508137702941895,987000
2001-05-07,4.990177006981815,5.048068136518929,4.936918121816809,5.00407075881958,1092300
2001-05-08,4.967019783622629,5.043435564333062,4.923023079958447,4.936916828155518,1296600
2001-05-09,4.950812167262395,5.001755595768893,4.883658863770751,4.976283550262451,1288200
2001-05-10,5.001756375189641,5.034175467705394,4.9484968160603255,4.955443859100342,1317600
2001-05-11,5.001758249271191,5.029545769336325,4.9322894491083575,4.994811534881592,877800
2001-05-14,4.990177239984553,4.9994404041485945,4.932286770250747,4.980915069580078,1099500
2001-05-15,4.9785982852676165,5.059644656330518,4.939232498068969,5.0249104499816895,1008300
2001-05-16,4.990175425224876,5.117535273581028,4.98091325818874,5.07122278213501,1826700
2001-05-17,5.036491050738962,5.175428602395978,5.024912755807585,5.1638503074646,3373800
2001-05-18,5.1175375541854216,5.2194247495191,5.07122504210047,5.2078471183776855,2128500
2001-05-21,5.207848134929666,5.207848134929666,5.0411230588797435,5.080488204956055,2283300
2001-05-22,5.048066281675323,5.071222526229816,4.97165084027202,5.034172534942627,2203200
2001-05-23,5.033009175018962,5.035339848497236,4.918780830301934,5.000372409820557,1977000
2001-05-24,4.977058410644531,5.023681529862605,4.918778594559534,4.977058410644531,1301700
2001-05-25,4.937432474823413,4.953750530295685,4.9164520701479875,4.946756839752197,1368900
2001-05-29,4.9304368244703305,4.963073253712259,4.91878045666788,4.9537482261657715,1717200
2001-05-30,4.932767723666804,4.979391529624911,4.909456320903821,4.951417446136475,2106000
2001-05-31,4.930438347863272,5.007366930964027,4.918781976459269,4.974730491638184,2171100
2001-06-01,4.965403939667978,5.05398886107839,4.930436505906754,5.012027740478516,2224800
2001-06-04,4.97705816630539,5.105272821661665,4.925772037381103,5.0539870262146,1349700
2001-06-05,5.058651312016528,5.151898588228155,5.000372139546305,5.126255512237549,2572800
2001-06-06,5.116931916612816,5.17521109779794,5.105275880289337,5.165886402130127,2008200
2001-06-07,5.165885495129239,5.22183399279038,5.149567113836956,5.184534549713135,1717800
2001-06-08,5.191528464122456,5.224164894657618,5.158892367064671,5.182203769683838,975600
2001-06-11,5.184534023404931,5.210177096124687,5.142572904526783,5.156559944152832,649500
2001-06-12,5.1635535808961714,5.1635535808961714,5.063312964471088,5.1285858154296875,1369800
2001-06-13,5.151898949750442,5.268457302870094,5.151898949750442,5.198522090911865,1080300
2001-06-14,5.186867976243239,5.186867976243239,5.065646245925679,5.121594429016113,1270800
2001-06-15,5.140242125704835,5.247476100921631,5.079631284496259,5.247476100921631,3561600
2001-06-18,5.24514457603123,5.2568006084896,5.105274187394655,5.193859100341797,1029600
2001-06-19,5.210177205593596,5.242813965550758,5.1472356926925995,5.1775407791137695,634200
2001-06-20,5.1868681621194215,5.408329561383259,5.1868681621194215,5.343056678771973,1201800
2001-06-21,5.128586671198318,5.128586671198318,5.01202832280036,5.033009052276611,4050600
2001-06-22,5.0353410379082835,5.0353410379082835,4.981723863534296,4.998042583465576,3990000
2001-06-25,5.012027740478516,5.035339140667769,4.977059973239949,5.012027740478516,3004500
2001-06-26,4.907125495123601,4.930437232224321,4.895469459834546,4.921112537384033,4805400
2001-06-27,4.907124772240158,5.012027740478516,4.902462425506838,5.012027740478516,1252200
2001-06-28,4.988715896944907,5.128586305213932,4.9723978493855325,5.1029438972473145,2392500
2001-06-29,5.1029428493826865,5.175209045410156,5.0586500623101,5.175209045410156,1250400
2001-07-02,5.1728802158219755,5.282444892354512,5.070308227515992,5.24048376083374,1305900
2001-07-03,5.240484299809361,5.240484299809361,5.151900013187739,5.233490943908691,975300
2001-07-05,5.233489672836662,5.240483027038836,5.154229768840183,5.189197540283203,1896900
2001-07-06,5.210178013963017,5.210178013963017,5.1169314001734545,5.137911796569824,1312500
2001-07-09,5.128588387359928,5.273121534727354,5.128588387359928,5.219504356384277,842400
2001-07-10,5.2101772918198925,5.315080259694103,5.198521258288384,5.26845645904541,883800
2001-07-11,5.2451461918542055,5.317412414840158,5.2101784171842125,5.30575704574585,1510200
2001-07-12,5.3290683308432865,5.4059972332978745,5.280113847580973,5.378023147583008,1381800
2001-07-13,5.3500494956970215,5.371029894945743,5.252140187755642,5.3500494956970215,1550100
2001-07-16,5.3500504134300435,5.3593747775465035,5.280115181475417,5.322076320648193,1049700
2001-07-17,5.298763420406143,5.361705282169343,5.294101072626551,5.347718238830566,1115100
2001-07-18,5.315081347960326,5.324406043303832,5.291769943078967,5.303425312042236,987000
2001-07-19,5.312751623054242,5.3593747775465035,5.2917712202066,5.322076320648193,1015500
2001-07-20,5.3267364501953125,5.359372544699645,5.312749409631733,5.3267364501953125,1074000
2001-07-23,5.326734454820481,5.326734454820481,5.210175493642522,5.249805927276611,1472700
2001-07-24,5.252138548480164,5.252138548480164,5.116930498761686,5.156559944152832,993900
2001-07-25,4.895469659875484,5.263795788072345,4.895469659875484,5.221834659576416,2282700
2001-07-26,5.175210295192301,5.221834099778065,5.040002228977958,5.205515384674072,1143900
2001-07-27,5.198521281110634,5.207846641540527,5.154229153842072,5.207846641540527,1103400
2001-07-30,5.198521045316556,5.252138530583034,5.198521045316556,5.245144844055176,816000
2001-07-31,5.252136413003977,5.378019718455287,5.252136413003977,5.336058616638184,1267500
2001-08-01,5.350045608245646,5.447954845044193,5.31507785693614,5.396669387817383,1271700
2001-08-02,5.396672810477302,5.41765320778737,5.364036044035147,5.385016441345215,809100
2001-08-03,5.408328951010948,5.408328951010948,5.340725068389058,5.366367816925049,1317600
2001-08-06,5.366366526736717,5.3733598806642915,5.186866329708085,5.205515384674072,1111500
2001-08-07,5.221833178069112,5.268455973993348,5.126254578951485,5.193859100341797,1771500
2001-08-08,5.2101771809312565,5.2101771809312565,5.1518980149461,5.163553714752197,969300
2001-08-09,5.140243839063428,5.203185707887548,5.133250483348224,5.144906520843506,804600
2001-08-10,5.151898312053029,5.245145249788644,5.1309179178011926,5.203184127807617,681900
2001-08-13,5.245146603659967,5.284776729165564,5.19852278928032,5.263796329498291,781800
2001-08-14,5.2684560580326565,5.350047619588127,5.2521383459807325,5.310417175292969,687600
2001-08-15,5.3360598845554446,5.3360598845554446,5.242812969471867,5.252137660980225,519300
2001-08-16,5.205515393512745,5.275450600294082,5.186866338515093,5.254469871520996,746400
2001-08-17,5.221834663216003,5.27078914642334,5.186866889372987,5.27078914642334,544500
2001-08-20,5.273116797173931,5.357039000808139,5.273116797173931,5.336058616638184,1487100
2001-08-21,5.315080048195222,5.415320331886171,5.315080048195222,5.3383917808532715,1930200
2001-08-22,5.337219536925537,5.3583339605668225,5.290299303994368,5.334873676300049,1539900
2001-08-23,5.313758956391238,5.360679519345366,5.259799805590483,5.269184589385986,2118900
2001-08-24,5.30202929454979,5.334874030305122,5.255109394107545,5.3067216873168945,1651200
2001-08-27,5.334874468653151,5.384141240731829,5.280915639024239,5.330182075500488,751200
2001-08-28,5.3137579341115835,5.372408458719677,5.28325974185992,5.316103458404541,612600
2001-08-29,5.302030007999008,5.377103268338654,5.302030007999008,5.323144435882568,734100
2001-08-30,5.346603495805751,5.395870256048065,5.255108563359095,5.294990539550781,1176000
2001-08-31,5.283260652588711,5.395870001426042,5.280914121084436,5.313758850097656,1145700
2001-09-04,5.313760386729637,5.473290679317786,5.313760386729637,5.416985988616943,1262400
2001-09-05,5.419330721510505,5.470943347105504,5.313759609685563,5.447483062744141,1039800
2001-09-06,5.4193311568933655,5.602321725215628,5.4193311568933655,5.59293794631958,2473500
2001-09-07,5.419330444093752,5.466251346016967,5.337219285231082,5.353641986846924,1539000
2001-09-10,5.341914010073458,5.4334089865502655,5.33956814853425,5.37710428237915,1588200
2001-09-17,5.128422951513967,5.137807064812189,4.950124127643014,5.032235622406006,1984800
2001-09-18,5.034582888753401,5.236341716605361,5.0158149925186954,5.219919681549072,1404000
2001-09-19,5.2199201519338345,5.304377202811781,5.2199201519338345,5.2527642250061035,3279600
2001-09-20,5.252760550190321,5.252760550190321,5.013465404510498,5.013465404510498,3441300
2001-09-21,4.692061720288607,4.985315116353358,4.680331409932775,4.797633171081543,3093300
2001-09-24,4.868013174631741,4.95247018624732,4.78590202331543,4.78590202331543,2990100
2001-09-25,4.809364025684114,5.0908878537462146,4.809364025684114,5.015815258026123,2099100
2001-09-26,5.032235685939579,5.039273603200919,4.898511901950423,4.971238613128662,1295700
2001-09-27,5.008775224632934,5.0908860463137025,4.8562832192224255,5.043965816497803,1378500
2001-09-28,5.079157750514676,5.3020299917411675,5.060389183785481,5.212881565093994,1175700
2001-10-01,5.25510988116932,5.276223972566217,4.990008123389361,5.231648921966553,1921200
2001-10-02,5.196457575148911,5.29029904319217,5.161266982682394,5.2386860847473145,1692600
2001-10-03,5.241032875971796,5.454521295044542,5.140152814596848,5.442790985107422,1524900
2001-10-04,5.431062702812889,5.431062702812889,5.257455884637102,5.27153205871582,1575300
2001-10-05,5.325491027575395,5.442792138182993,5.278570113488925,5.337220668792725,1736100
2001-10-08,5.339565514624401,5.348949291754899,5.250416108060062,5.280914306640625,482400
2001-10-09,5.2316479151020125,5.36537169875527,5.2316479151020125,5.3325276374816895,1243800
2001-10-10,5.302029647502559,5.5389790534973145,5.259801130209092,5.5389790534973145,1033200
2001-10-11,5.5483615378272075,5.754812677347807,5.5483615378272075,5.642203330993652,2427600
2001-10-12,5.653934699976513,5.747776527462566,5.524903277891143,5.712585926055908,1854900
2001-10-15,5.677394964717998,5.682086686632167,5.515519148196706,5.628128528594971,1218900
2001-10-16,5.684432411512743,5.747775346792259,5.5483624272532195,5.700854778289795,1203000
2001-10-17,5.703200638913729,5.771235295441112,5.632819450557655,5.700854778289795,1819500
2001-10-18,5.618743037372497,5.747775098585843,5.583552444714098,5.677393913269043,1413300
2001-10-19,5.679740019060119,5.700854778289795,5.595282995755683,5.700854778289795,1651500
2001-10-22,5.710239314692886,5.825195232949531,5.710239314692886,5.806427001953125,1294200
2001-10-23,5.806426010488039,5.862730693863057,5.724314846098279,5.829885959625244,1333200
2001-10-24,5.8298859470658675,5.911997111278734,5.782966048892536,5.865076541900635,1603200
2001-10-25,5.841615341606987,6.076218138248259,5.712583635653131,6.0058369636535645,2401800
2001-10-26,6.038681582982478,6.057449806378727,5.928418102728359,6.024605751037598,1274400
2001-10-29,5.980032772686441,5.980032772686441,5.736045127153264,5.759505748748779,2115600
2001-10-30,5.818156407231577,5.8416163553646445,5.665664059547666,5.672702312469482,1347000
2001-10-31,5.6727018855820095,5.813463577401913,5.653932988801331,5.714930057525635,2015700
2001-11-01,5.760952128957441,6.053601588757853,5.718470418148663,6.030001163482666,2352000
2001-11-02,6.03000250652608,6.0536029370577165,5.9285183594783195,5.961559772491455,1791900
2001-11-05,5.959198277001071,6.018200012836615,5.907276263304615,5.954477787017822,1691400
2001-11-06,5.95683681038299,6.1432836454106425,5.841193263253488,6.13856315612793,1801800
2001-11-07,6.089008357457914,6.251853598477444,6.006404769312837,6.240052700042725,1859100
2001-11-08,6.240048934436814,6.244769426006983,6.074843883514404,6.074843883514404,1484400
2001-11-09,6.077203391178647,6.138565726202351,5.952119488337761,5.9969611167907715,2324400
2001-11-12,6.006397563952565,6.006397563952565,5.829391727239895,5.982797145843506,1842600
2001-11-13,5.970996939012346,6.044159450580298,5.959196729953422,6.0205583572387695,2293500
2001-11-14,6.079561384480949,6.280167660214884,6.079561384480949,6.254206657409668,2608800
2001-11-15,6.256567436705995,6.2778079509321065,6.2164456401165085,6.275447368621826,2511900
2001-11-16,6.32500886847115,6.348609962767548,6.202284933711521,6.287247657775879,1556700
2001-11-19,6.287248985935119,6.615299741955776,6.254207581985023,6.612939834594727,4050600
2001-11-20,6.6318212793210005,6.6318212793210005,6.443015162176699,6.492576599121094,2516700
2001-11-21,6.454814776752325,6.572818251406046,6.395812364201591,6.520896911621094,1347000
2001-11-23,6.5256168337138565,6.608218988691966,6.49021552430963,6.601138591766357,394800
2001-11-26,6.6058594372877275,6.629459861345923,6.523256602636338,6.612939834594727,3378900
2001-11-27,6.584617411613984,6.608217830263745,6.405251664025757,6.466613292694092,2028000
2001-11-28,6.443015589949624,6.478416232846593,6.360412064184753,6.405254364013672,1768200
2001-11-29,6.407614257367879,6.511457628457392,6.400533858714872,6.4430155754089355,1698000
2001-11-30,6.490217124483518,6.643621936092294,6.490217124483518,6.605860710144043,4394700
2001-12-03,6.6058597161050185,6.662501546504025,6.478415260095314,6.608219623565674,2796000
2001-12-04,6.608221550797792,6.608221550797792,6.542139396059981,6.570460319519043,1641600
2001-12-05,6.537415976869408,6.643619898697358,6.395811422989249,6.596418380737305,3662100
2001-12-06,6.6318191287254535,6.6318191287254535,6.549216310455644,6.584617614746094,3038700
2001-12-07,6.5846167097484285,6.591697104678124,6.332087800637081,6.369849681854248,2809200
2001-12-10,6.369851328184012,6.369851328184012,6.202285764473344,6.21880578994751,5223300
2001-12-11,6.266009162423316,6.388732461460521,6.258928764333039,6.296689987182617,3128100
2001-12-12,6.3486116118110365,6.372212037013906,6.221167154999116,6.270728588104248,2577000
2001-12-13,6.230610900877254,6.289612671691066,6.218810006535086,6.263652324676514,1549500
2001-12-14,6.2660069111112415,6.402890957147966,6.2070051904134695,6.343889236450195,1617000
2001-12-17,6.336808846448986,6.445372660842623,6.329728450896426,6.440652847290039,2026200
2001-12-18,6.443014850363407,6.5374172291429655,6.443014850363407,6.478415489196777,1494600
2001-12-19,6.466616921351028,6.5374188922536,6.419415382341287,6.518538951873779,1827300
2001-12-20,6.525614849261395,6.556295659643848,6.461892646756597,6.476052761077881,1507500
2001-12-21,6.476058764691505,6.487858983435871,6.384016248216365,6.419416904449463,2050500
2001-12-24,6.443012913638094,6.487853844392935,6.443012913638094,6.4642534255981445,365700
2001-12-26,6.487855859320588,6.582259589489734,6.466615340763886,6.532698154449463,834300
2001-12-27,6.561017275396893,6.572816810006013,6.443013151397268,6.445373058319092,1113300
2001-12-28,6.445374415702653,6.598779201507568,6.407613196106127,6.598779201507568,1343100
2001-12-31,6.605860310692793,6.63182132076837,6.471336120192717,6.4902167320251465,1265100
2002-01-02,6.490219668040921,6.492579576781554,6.3250139021601655,6.393455982208252,1338000
2002-01-03,6.398173004641995,6.61530002117152,6.348611571848834,6.608219623565674,1581000
2002-01-04,6.608219907697604,6.664861740532025,6.586979389190674,6.586979389190674,1592400
2002-01-07,6.584618022324878,6.62001932880662,6.384011744301273,6.400531768798828,2825400
2002-01-08,6.407611570845994,6.513814805217309,6.36512987196325,6.466613292694092,1036800
2002-01-09,6.4666135710629575,6.59169809105178,6.4312122663406965,6.445373058319092,1239600
2002-01-10,6.443018117107026,6.490219668040921,6.3698555443534275,6.393455982208252,1192200
2002-01-11,6.384010660292352,6.384010660292352,6.242405458410036,6.277806758880615,1217700
2002-01-14,6.275449194256482,6.275449194256482,6.1598056106896735,6.173966407775879,1608300
2002-01-15,6.188123978579085,6.223525281476414,6.055959744637838,6.129122257232666,1787400
2002-01-16,6.1173266954063665,6.17868904539428,5.994602670654745,6.06304407119751,1668300
2002-01-17,6.089004507986957,6.129125646671831,5.888397464114458,6.10552453994751,1650900
2002-01-18,6.089003020565595,6.204646592160386,5.9898794768958465,6.034720420837402,2000100
2002-01-22,6.065403042439276,6.086644239801775,5.980440278661352,6.02528190612793,1394700
2002-01-23,6.048881930169265,6.178686987923947,6.04180153152374,6.148005485534668,883500
2002-01-24,6.178685268447533,6.204645597549948,6.072481343992269,6.169244289398193,1663800
2002-01-25,6.1881256174684856,6.395812325809359,6.15980470269473,6.33681058883667,964500
2002-01-28,6.3958105616016026,6.3958105616016026,6.2896073293008765,6.343889236450195,699000
2002-01-29,6.343888505027958,6.419410914885285,6.183402708857531,6.249485492706299,1344600
2002-01-30,6.254208785045883,6.428854792611651,6.247128386376897,6.405254364013672,1652700
2002-01-31,6.428855365442937,6.549219452644599,6.3226520768410195,6.542139053344727,1997700
2002-02-01,6.561017566471373,6.561017566471373,6.254206695416173,6.289608001708984,1570500
2002-02-04,6.242407046027431,6.346250391987369,6.207006411777132,6.225886344909668,2705400
2002-02-05,6.2471279429101525,6.2494885257815636,5.822314181287075,5.827033996582031,9672000
2002-02-06,5.827032758681805,6.015839510072381,5.546183551577764,5.8860344886779785,7668600
2002-02-07,5.675988725439709,5.9473969608021475,5.557984249441859,5.893115043640137,5464500
2002-02-08,5.841195738992509,5.888397275706805,5.770393096309044,5.848276138305664,1406700
2002-02-11,5.959197703774829,6.169244295287864,5.947396817563784,6.114963054656982,1920600
2002-02-12,6.11260422270042,6.195207073713126,6.077202904377262,6.107884407043457,1512300
2002-02-13,6.159803273023086,6.391091027606172,6.1362028538011435,6.301407814025879,2354400
2002-02-14,6.372214921334602,6.395815357219977,6.310852572629085,6.360414028167725,2228700
2002-02-15,6.360412252655774,6.466616210165649,6.313211394061165,6.42649507522583,2118900
2002-02-19,6.348610288438964,6.369850801738724,6.150363922119141,6.150363922119141,2024700
2002-02-20,6.150366348394971,6.310850890168715,6.0418018064134165,6.237689018249512,2606400
2002-02-21,6.253111047343543,6.276842337277106,6.091741263169091,6.134456634521484,2967000
2002-02-22,6.134458712374033,6.203278322279222,6.068011349632562,6.122593402862549,1695600
2002-02-25,6.122591720453025,6.238873215400307,6.00393662109663,6.193784236907959,2689500
2002-02-26,6.229381236545892,6.276843143561092,6.170054022514061,6.208023548126221,3037800
2002-02-27,6.262606611686612,6.35278392003089,6.1937863186133235,6.2459940910339355,1210200
2002-02-28,6.276840758999646,6.573477395415709,6.248363625608942,6.269721984863281,4360200
2002-03-01,6.170054161938854,6.2697245083973625,6.1036068116673885,6.231754302978516,3258300
2002-03-04,6.336170088386096,6.670777027838212,6.238873352875981,6.6684041023254395,4344600
2002-03-05,6.644675785332392,6.666033482406986,6.573482556485148,6.618572235107422,3282900
2002-03-06,6.6399258054224255,6.760953811873632,6.6256875758715035,6.758580207824707,5274300
2002-03-07,6.822656734397487,6.9935196327267795,6.763329508881462,6.960296630859375,5428800
2002-03-08,6.917582205105486,6.974536512447202,6.670779527675816,6.753838062286377,2782200
2002-03-11,6.7989276769727445,6.7989276769727445,6.6446759046827255,6.713496208190918,2626200
2002-03-12,6.71112018415229,6.806043994543603,6.620942224806219,6.794178009033203,1688100
2002-03-13,6.7633265352607275,6.879608009094564,6.680268048687198,6.751460552215576,1936800
2002-03-14,6.715869583895709,6.7918086723353435,6.6968848117858,6.775197505950928,1478400
2002-03-15,6.782312846823589,6.915206184199878,6.763328084341262,6.87960958480835,2115600
2002-03-18,6.83451918747686,6.9270693669883325,6.83451918747686,6.872488021850586,1982400
2002-03-19,6.8938470248640655,7.036232713093656,6.858250433069538,6.912831783294678,3839100
2002-03-20,6.917581353104648,7.024370496480503,6.9080882907680055,6.965042591094971,2379600
2002-03-21,6.965041015978821,7.00063761537035,6.75858155424635,6.87960958480835,2162700
2002-03-22,6.6446720657646985,6.696880494887199,6.599583770279938,6.623314380645752,5148300
2002-03-25,6.575854788072927,6.632809087671308,6.466692041034959,6.514153957366943,1909800
2002-03-26,6.523643330260495,6.782311164117653,6.507032176421219,6.737222194671631,1364100
2002-03-27,6.71586678087457,6.834521896512565,6.673150721981299,6.787059307098389,1824900
2002-03-28,6.739596128072986,6.810788633724649,6.668402943472796,6.758580207824707,3152400
2002-04-01,6.7396017624288875,6.893852886086321,6.62094658188149,6.881987571716309,2836200
2002-04-02,6.858251739189397,6.898594188800336,6.668404118727743,6.846386432647705,2229900
2002-04-03,6.79892362789162,6.829773692397365,6.673149086766908,6.715865135192871,1143600
2002-04-04,6.680269576940041,6.682643181461187,6.5616151509318685,6.656538963317871,1517100
2002-04-05,6.609074438935294,6.846384579217194,6.578224378699062,6.822653293609619,1919700
2002-04-08,6.763328265169641,6.879609768745699,6.713493432058284,6.877236843109131,1007100
2002-04-09,6.858253447719115,7.021996891421935,6.808417925721408,6.965042591094971,1956000
2002-04-10,6.976907804974308,7.1548901434739145,6.953177188613688,7.024369716644287,4714200
2002-04-11,7.033863804577418,7.356604882192809,7.0196248881493455,7.304397106170654,4852500
2002-04-12,7.268799052895057,7.356603423629885,7.202352373618934,7.349483966827393,2305800
2002-04-15,7.354232634734835,7.4040674889361755,7.214219778693957,7.230831623077393,2170800
2002-04-16,7.214217839321403,7.2901569030038615,7.190487221395027,7.273545742034912,1713600
2002-04-17,7.226082430929574,7.249813725448858,7.166755213054442,7.237948417663574,2093400
2002-04-18,7.214214819819596,7.29252677672755,7.214214819819596,7.275915622711182,1547100
2002-04-19,7.23795061706021,7.285411862623395,7.1715032437943345,7.240323543548584,1560600
2002-04-22,7.25693338807947,7.273545907323502,7.10030940514957,7.190487384796143,1467300
2002-04-23,7.1904861248048215,7.209470887830151,7.143023538292816,7.1715006828308105,1432500
2002-04-24,7.249814879236936,7.399320089550485,7.233203038324581,7.2450690269470215,2315100
2002-04-25,7.2616753578186035,7.342360224659249,7.190482868191468,7.2616753578186035,1012200
2002-04-26,7.261678522813777,7.261678522813777,7.178620016257509,7.218963146209717,1570800
2002-04-29,7.261678002551769,7.261678002551769,7.086068620669991,7.138277053833008,1206300
2002-04-30,7.166752871054651,7.321003858702305,7.119290976474719,7.292526721954346,1192500
2002-05-01,7.297273305695442,7.344735200631853,7.166752924883184,7.275915622711182,1605300
2002-05-02,7.2901547094986325,7.4942412212128655,7.22608097405825,7.325751304626465,3046500
2002-05-03,7.380331938707553,7.41592853035665,7.2972734511758315,7.3518548011779785,1155000
2002-05-06,7.368469704578304,7.446781695676531,7.199979055306997,7.226083278656006,1041900
2002-05-07,7.321003540664333,7.593910271328985,7.30201946260556,7.570178985595703,1984800
2002-05-08,7.570182996253513,7.617644913916779,7.404065944957671,7.506109237670898,1445100
2002-05-09,7.475259596298848,7.56306397935256,7.472886670014687,7.477632522583008,1156500
2002-05-10,7.498987917170662,7.527465060693513,7.4515266902479,7.480003833770752,903000
2002-05-13,7.482376852404438,7.510853996281532,7.4633914108710435,7.475257396697998,1302600
2002-05-14,7.52271997888941,7.660359859466553,7.52271997888941,7.660359859466553,1501200
2002-05-15,7.688835259557842,7.743416614231973,7.591537855458738,7.6413726806640625,1700400
2002-05-16,7.6888367585779696,7.719686829819759,7.629509541817135,7.686463832855225,1243200
2002-05-17,7.665104739747896,7.805116837031356,7.665104739747896,7.802743911743164,1403700
2002-05-20,7.8193541670225795,7.888174424041608,7.760026967960005,7.8312201499938965,1957500
2002-05-21,7.783758995344077,7.828847969657831,7.712565806538302,7.717312335968018,1782600
2002-05-22,7.717311414262762,7.781682054421007,7.712542890279523,7.769761085510254,1106400
2002-05-23,7.772146701812744,7.779299147672731,7.645789325967176,7.772146701812744,1701600
2002-05-24,7.760226538569737,7.784067115694395,7.605260058880297,7.617180347442627,1234800
2002-05-28,7.593340780175491,7.624333807397304,7.462215542266825,7.486056804656982,1467000
2002-05-29,7.41453364120301,7.521818297971694,7.41453364120301,7.483672142028809,1487100
2002-05-30,7.402611761469236,7.545657257680848,7.402611761469236,7.455061435699463,1201800
2002-05-31,7.438374448755522,7.614797611744536,7.428838762096821,7.533738136291504,1946700
2002-06-03,7.559965487803441,7.605263422890522,7.354933159785138,7.381158351898193,1288800
2002-06-04,7.331092556184741,7.378774413516188,7.15228542066804,7.1570539474487305,1518600
2002-06-05,7.19996393574321,7.390691276532494,7.128441523994616,7.37161922454834,1897200
2002-06-06,7.414533762352962,7.486056868034071,7.242879127232165,7.2595672607421875,1959600
2002-06-07,7.259568517192171,7.4860581636837535,7.219039114075521,7.414535045623779,1737300
2002-06-10,7.366851915536381,7.579036628746726,7.343011335051332,7.507513523101807,1249200
2002-06-11,7.450295556794243,7.509897692064707,7.307250022888183,7.307250022888184,1676100
2002-06-12,7.307252988035473,7.307252988035473,7.1761270094611325,7.247650146484375,2929800
2002-06-13,7.250035006599397,7.362086879336299,7.235730105852859,7.3191728591918945,1524000
2002-06-14,7.319170361521457,7.319170361521457,7.195198235198129,7.276257038116455,2078700
2002-06-17,7.278643869645213,7.283411714995997,7.152286418516843,7.247650146484375,1719000
2002-06-18,7.271488045019634,7.30724959693527,7.164204071367594,7.197580337524414,1580700
2002-06-19,7.199963493280159,7.343009672176207,7.152281661013054,7.24287748336792,1662300
2002-06-20,7.199967019716204,7.28817828209122,7.199967019716204,7.223808288574219,1196400
2002-06-21,7.104602487857618,7.259568330202664,7.009238787630669,7.064073085784912,1735500
2002-06-24,7.08076238920691,7.152285517217122,6.997318967226698,7.097451210021973,1436100
2002-06-25,7.176122157507826,7.247645246172543,6.940096919846874,6.961553573608398,2457900
2002-06-26,6.961558026396562,7.092684000184933,6.878115279041938,7.023544788360596,2505600
2002-06-27,7.033077733902299,7.164203643798828,6.95201894863241,7.164203643798828,1855200
2002-06-28,7.140364391558893,7.247649081326558,7.033080383886313,7.135597229003906,1737300
2002-07-01,7.10460268132617,7.15228453273809,6.973477419419638,6.99493408203125,2206500
2002-07-02,6.997316323783277,7.059303056781143,6.751754677455881,6.794668674468994,1561500
2002-07-03,6.818510424099946,6.84235168922171,6.580101183357103,6.792285919189453,1855500
2002-07-05,6.818512592887849,7.080763182167409,6.770831411668122,7.052154064178467,577200
2002-07-08,7.073607324951381,7.092680059251293,6.944866027379584,6.949634552001953,836400
2002-07-09,7.009238240021314,7.0688403774828865,6.84235143661499,6.84235143661499,1757700
2002-07-10,6.901953284559957,6.901953284559957,6.737451091944629,6.789900779724121,2101800
2002-07-11,6.789903114896721,7.033080945956976,6.618248416064238,6.715996742248535,3842100
2002-07-12,6.746987095697174,6.868575962830641,6.651623412081683,6.777980804443359,2311500
2002-07-15,6.758907641125956,6.763676166534425,6.389373182623054,6.763676166534424,2620200
2002-07-16,6.704073042434536,6.754138805401289,6.479968728810349,6.544338703155518,3458700
2002-07-17,6.6039412247155775,6.799437809232131,6.258248024516635,6.4370551109313965,4807500
2002-07-18,6.413214206695557,6.649239494302038,6.377452654795663,6.413214206695557,2851800
2002-07-19,6.353611451507586,6.470432476653111,6.284472950732188,6.301161766052246,2524500
2002-07-22,6.317850379707842,6.484737181409294,6.134275443512188,6.150964260101318,2537400
2002-07-23,6.103282130854495,6.255864729801836,6.079441547393799,6.079441547393799,3387300
2002-07-24,5.96023912031044,6.4799725189147495,5.793352918778718,6.475203990936279,4235700
2002-07-25,6.508575589344354,6.637316175736619,6.310695163068939,6.568177700042725,1896600
2002-07-26,6.570566538360703,6.644472903146336,6.451361558027791,6.530036449432373,1841700
2002-07-29,6.530035172248255,6.84235143661499,6.496657538729016,6.84235143661499,2439900
2002-07-30,6.794668141719198,6.8423499779424874,6.608708639400976,6.69215202331543,1743300
2002-07-31,6.699306004931608,6.878113102279979,6.601557706696266,6.849503993988037,2279700
2002-08-01,6.866192300820114,6.985397250893102,6.685001295101291,6.763676166534424,2847000
2002-08-02,6.770830097472939,6.794670683455426,6.365533314820223,6.446592807769775,1909200
2002-08-05,6.49665683944549,6.627782755517773,6.339306422253611,6.35837984085083,1766400
2002-08-06,6.520498334192684,6.799437627081345,6.508578043976342,6.675464153289795,2212500
2002-08-07,6.715993680551248,6.797052465888039,6.534802692163025,6.754138469696045,1787700
2002-08-08,6.756523440815471,6.8900325974178696,6.6444709424290265,6.861423492431641,1753200
2002-08-09,6.863809957974163,6.9734778824559855,6.768445566723155,6.909107208251953,1627500
2002-08-12,6.909105264379767,6.909105264379767,6.766059740891597,6.823277950286865,1254300
2002-08-13,6.808974339202435,7.0640723824338325,6.777981310238318,6.863808631896973,1767600
2002-08-14,6.7827500495487865,7.023543936235351,6.615863892991693,6.997318744659424,1713900
2002-08-15,6.973479996014418,7.1403661965705485,6.9615590171855635,7.078380107879639,1509600
2002-08-16,7.09268067598406,7.180891909267725,7.021157575092822,7.106985569000244,1433400
2002-08-19,7.08076029786718,7.261951304656873,7.0569197169686175,7.168971538543701,1812900
2002-08-20,7.152284710442251,7.164205685162671,7.021159445277807,7.056921005249023,1996800
2002-08-21,7.044939202881568,7.090467163057313,6.915542143515958,7.030561447143555,2820900
2002-08-22,7.032956668592643,7.116825072164722,6.973050959856463,7.001805782318115,2072400
2002-08-23,6.994615254489421,6.994615254489421,6.769369541151951,6.800520420074463,3917700
2002-08-26,6.865219705615345,6.870012518222734,6.661539909533928,6.735822677612305,3469800
2002-08-27,6.750199238973533,6.762180240024839,6.508179041437864,6.5345377922058105,6746700
2002-08-28,6.534541857545316,6.534541857545316,6.350031172948754,6.385974884033203,2819400
2002-08-29,6.385972334205104,6.4458787239491695,6.278141244007181,6.388369083404541,4032300
2002-08-30,6.445878994968047,6.565690408355699,6.397953606930161,6.469841003417969,2771400
2002-09-03,6.46984396313346,6.46984396313346,6.134370206815487,6.323673725128174,3391800
2002-09-04,6.357216097257343,6.5345377922058105,6.278139844953502,6.5345377922058105,2568600
2002-09-05,6.421915566839495,6.515368211794145,6.359613803536394,6.412330627441406,2461500
2002-09-06,6.409937107793647,6.412333172201821,6.2302192513655,6.282936096191406,3306900
2002-09-09,6.23261420998482,6.309293741995649,6.194274443979404,6.2973127365112305,2970000
2002-09-10,6.290124501821698,6.383577862402777,6.26855855263196,6.373992919921875,1590000
2002-09-11,6.409936633087862,6.443483589025531,6.33804922161274,6.397954940795898,2651700
2002-09-12,6.350029361007133,6.37638812065237,6.213444120543102,6.242198944091797,2002500
2002-09-13,6.218235472167794,6.244594914091824,6.064877117953229,6.182292461395264,2753700
2002-09-16,6.1942729438237185,6.206253946406527,6.079253673663336,6.179895877838135,1800600
2002-09-17,6.230216868745173,6.242197871773367,6.129574660829069,6.146348476409912,2671800
2002-09-18,6.14635000308547,6.182293706666965,5.94267015873887,6.002575874328613,3151800
2002-09-19,5.99059321266459,5.99059321266459,5.78930946500001,5.79889440536499,2434500
2002-09-20,5.738989807783764,5.796499121730253,5.607197015833997,5.777329921722412,5406900
2002-09-23,5.655120752972625,5.750970164301779,5.5784412239093015,5.645535469055176,2615100
2002-09-24,5.559271008494599,5.5832337041529545,5.439459586910026,5.520931243896484,3550500
2002-09-25,5.535311156044144,5.691067034259185,5.535311156044144,5.635953426361084,2793600
2002-09-26,5.635952239317693,5.750971560843485,5.556876284376402,5.602404594421387,4095600
2002-09-27,5.870781189529714,5.9642345197487066,5.640742301940918,5.640742301940918,4738500
2002-09-30,5.631157472748858,5.738988220691814,5.513742127452558,5.674289703369141,4387800
2002-10-01,5.674289378429961,5.870781325572545,5.631157150279653,5.810874938964844,3739200
2002-10-02,5.76295339451581,5.798896419189921,5.614386081695557,5.614386081695557,2286600
2002-10-03,5.616780746800161,5.750970267861917,5.602403334841887,5.667101860046387,2109300
2002-10-04,5.703044939987089,5.703044939987089,5.492176241565538,5.580836772918701,2029500
2002-10-07,5.5760450354069695,5.655120626594103,5.3436093611668225,5.384345531463623,1908600
2002-10-08,5.360384919342597,5.635952213985161,5.322044802888381,5.525725364685059,3100800
2002-10-09,5.3915321757775745,5.487381545271118,5.2525505900119365,5.286097526550293,1628700
2002-10-10,5.254950166604484,5.396328595317394,5.211817921491808,5.341214656829834,3751500
2002-10-11,5.367573437188478,5.683876891467633,5.346007144557916,5.571253299713135,3238500
2002-10-14,5.571252780233435,5.590423006775665,5.513743128960425,5.568856716156006,1753200
2002-10-15,5.643139225224927,5.834838384555177,5.604799804700305,5.82285737991333,2709600
2002-10-16,5.822859929326344,5.834840939213816,5.765350259183263,5.784520149230957,2871300
2002-10-17,6.1942735446175785,6.213443424836964,6.06966863762258,6.175103664398193,4429500
2002-10-18,6.151145106607366,6.170314312008274,6.014559119267043,6.1583333015441895,3775200
2002-10-21,6.158331590692845,6.218237311940185,6.081652048114109,6.2014641761779785,2934900
2002-10-22,6.158329944170029,6.187084764949019,6.08404648576539,6.122386932373047,1866300
2002-10-23,6.122387024817457,6.167914977561548,5.942669220842892,6.014555931091309,2808900
2002-10-24,5.990594120592166,6.050500521129396,5.851612807020614,5.885160446166992,2404500
2002-10-25,5.880366837396881,6.019348132176954,5.825253258004876,5.995386123657227,2610900
2002-10-28,5.995386934285556,6.002575812041083,5.849216742958478,5.885160446166992,2648100
2002-10-29,5.918706854522203,6.8412594116633,5.894744842194406,6.632786750793457,10113300
2002-10-30,6.632785781479988,6.632785781479988,6.43389740615145,6.553709506988525,5825400
2002-10-31,6.529614619211198,6.6018984556912965,6.48383559141354,6.589851379394531,3380100
2002-11-01,6.52720446660068,6.625992409167167,6.5031103172378915,6.609126091003418,2586300
2002-11-04,6.625995483210214,6.686231573912586,6.556120901071482,6.57780647277832,1971300
2002-11-05,6.613946682201458,6.681411286285583,6.594671081034566,6.647679328918457,2193900
2002-11-06,6.652496652261943,6.99463954362236,6.640450265451387,6.987411022186279,5430900
2002-11-07,6.975364433815608,7.134388485497012,6.722372345006412,6.809112548828125,4352400
2002-11-08,6.792246521991949,6.866939650878081,6.772970920301972,6.794655799865723,3132600
2002-11-11,6.777787395011181,6.830794933317092,6.654905312127573,6.6886372566223145,2961600
2002-11-12,6.770560627260072,6.854890854996947,6.746465784085402,6.787426948547363,1535700
2002-11-13,6.787425229730937,6.799472303592632,6.674180253772391,6.756102561950684,2466900
2002-11-14,6.722369773873518,6.816338464410574,6.710322010938286,6.7392354011535645,2844300
2002-11-15,6.722371500896529,6.828387292255396,6.691048825787034,6.825977325439453,1756200
2002-11-18,6.825980008630307,6.8621219422287645,6.7223741433614626,6.768153190612793,1455600
2002-11-19,6.7585126835510705,6.7585126835510705,6.606717190133194,6.703094482421875,1851600
2002-11-20,6.679003157050745,6.806704553754344,6.577806578196941,6.804294586181641,1190100
2002-11-21,6.8018830026637565,6.972954106796688,6.650087496479613,6.936812877655029,2132700
2002-11-22,6.915127419017638,6.963316414628752,6.799473829550965,6.81874942779541,1563900
2002-11-25,6.722372145327894,6.975364226622319,6.722372145327894,6.941632270812988,1590900
2002-11-26,6.881399666130686,6.90067527613805,6.71273773389116,6.727194786071777,1343700
2002-11-27,6.739239660127076,6.917539357142193,6.734421103387496,6.895854473114014,822600
2002-11-29,6.939220495620822,6.9777709929497,6.915125659271981,6.94644832611084,924900
2002-12-02,6.987410201805754,6.987410201805754,6.806701323218965,6.845252513885498,1325400
2002-12-03,6.79465429208171,6.830796209567731,6.650087311487368,6.686229228973389,2194500
2002-12-04,6.577806601013157,6.760924844224258,6.517570509136479,6.715145111083984,2475300
2002-12-05,6.722371146459409,6.753693819917415,6.6549065555153835,6.686229228973389,1178400
2002-12-06,6.625997135020036,6.772973481139883,6.589855195848714,6.753697872161865,1492800
2002-12-09,6.69827666630731,6.777788329402523,6.645267741994325,6.6910481452941895,1184700
2002-12-10,6.674181187818885,6.960906549171444,6.674181187818885,6.924764633178711,2810400
2002-12-11,6.864528317896639,6.939221424421092,6.748874742381235,6.903079509735107,1836600
2002-12-12,6.903084009107246,6.975367196243105,6.833209411344083,6.915131092071533,1738800
2002-12-13,6.917538692034208,6.939224263327396,6.842846244302011,6.850074768066406,960600
2002-12-16,6.874168804794069,7.042829990386963,6.87175952669916,7.042829990386963,1851900
2002-12-17,6.951270868746204,7.0115069541867525,6.881396982061172,6.893444061279297,1600500
2002-12-18,6.86934678935133,6.886213107914659,6.724779821700679,6.7368268966674805,1048800
2002-12-19,6.712733777420525,6.758513496543095,6.674181890778007,6.710323810577393,1742100
2002-12-20,6.710324577463222,6.84525447275797,6.698278188619756,6.809112548828125,1198800
2002-12-23,6.806702416360344,6.891032642474384,6.748875621073689,6.825977325439453,831600
2002-12-24,6.765740621859027,6.806701781713581,6.74405574798584,6.74405574798584,465000
2002-12-26,6.71032182275904,6.960905220280549,6.71032182275904,6.953676700592041,1293900
2002-12-27,6.927176453211902,6.929586420685844,6.7271925819224085,6.729601860046387,1482900
2002-12-30,6.770560432184297,6.830796504360746,6.703095148978968,6.81874942779541,945000
2002-12-31,6.775380197748229,6.854891882376892,6.67177366633367,6.806703567504883,1244100
2003-01-02,6.866938547651264,7.047647456799982,6.842844394084652,6.99222993850708,1378800
2003-01-03,6.963316414628752,6.975363491194088,6.794654585314969,6.81874942779541,1806600
2003-01-06,6.854890460179781,7.023552973988539,6.854890460179781,6.997048854827881,2615100
2003-01-07,6.963317065890665,6.987411910624638,6.8428449102703,6.968136310577393,1581000
2003-01-08,6.8669396504447855,6.9054908538223065,6.794655799436989,6.806703567504883,962400
2003-01-09,6.804292988930836,6.980183355549835,6.804292988930836,6.958498477935791,1466400
2003-01-10,6.830800132621253,6.985005000484562,6.823571607102626,6.915131092071533,1386300
2003-01-13,6.919944212931992,6.987409478968911,6.891030822923138,6.94644832611084,1116000
2003-01-14,6.939223237736255,6.987412240126794,6.915128391866053,6.963317394256592,810600
2003-01-15,6.963316250138968,6.987411092050233,6.859709739685059,6.859709739685059,793500
2003-01-16,6.859707283486806,6.963313756843208,6.859707283486806,6.919943332672119,912900
2003-01-17,6.9199459739038645,6.927174495582975,6.741647034817628,6.81874942779541,1397700
2003-01-21,6.866938852444781,6.9030807737486635,6.650088013971299,6.652497291564941,1078800
2003-01-22,6.652496996906211,6.715143037014816,6.625993565850437,6.666954040527344,894900
2003-01-23,6.722370874112654,6.775378420174855,6.623582924363128,6.74405574798584,1173300
2003-01-24,6.662135930691922,6.72960053028211,6.529615319809625,6.556119441986084,2233800
2003-01-27,6.517568900607127,6.611536932577534,6.4260094569233575,6.457332134246826,1558800
2003-01-28,6.491066777673574,6.534437239842155,6.433239954348873,6.510343074798584,1245900
2003-01-29,6.457331757335128,6.5055207540007025,6.375410118328758,6.486245155334473,1625100
2003-01-30,6.476606912791696,6.498291787469811,6.332039932688034,6.348905563354492,2725500
2003-01-31,6.324810674708461,6.527204423281228,6.310353633707007,6.418779373168945,2038800
2003-02-03,6.435646598042977,6.56575724192754,6.435646598042977,6.556119441986084,1485300
2003-02-04,6.556118784394777,6.556118784394777,6.382638402848994,6.553709506988525,1521900
2003-02-05,6.568168100515819,6.662136835038175,6.505522047717608,6.548892498016357,2107200
2003-02-06,6.551301150042638,6.551301150042638,6.324813163157051,6.356135845184326,3149100
2003-02-07,6.385047425281991,6.42841786361141,6.293488683352799,6.295897960662842,2286300
2003-02-10,6.315173199248525,6.4452838174989875,6.295897603163249,6.4139604568481445,1550700
2003-02-11,6.411550263773134,6.507928230431746,6.360952003614761,6.377817630767822,1503900
2003-02-12,6.37782025601846,6.37782025601846,6.23325324652359,6.254938125610352,1392300
2003-02-13,6.257347912485177,6.319993270119653,6.168197742186325,6.264576435089111,1590900
2003-02-14,6.312763214197688,6.493472099304199,6.305535382699192,6.493472099304199,2042100
2003-02-18,6.5175673583352935,6.674180707892744,6.5175673583352935,6.609126091003418,1808700
2003-02-19,6.609125883553336,6.616353714525506,6.476605998168604,6.505519390106201,1078500
2003-02-20,6.528543566416292,6.540660897240009,6.455843048124678,6.463113307952881,805200
2003-02-21,6.509158638101896,6.623056867653886,6.431611718687119,6.5770134925842285,1041600
2003-02-24,6.543084470140946,6.564894557575633,6.43161015066241,6.460690498352051,1506000
2003-02-25,6.4413005003583725,6.4994611740112305,6.3201320835832915,6.4994611740112305,1352100
2003-02-26,6.499463458728151,6.499463458728151,6.368602243673331,6.390412330627441,1252800
2003-02-27,6.385563907564469,6.501885271133505,6.349213308116642,6.39768123626709,2025000
2003-02-28,6.419492259739896,6.5430838999837775,6.395258985441946,6.4703826904296875,2118600
2003-03-03,6.543085405252791,6.555202738519537,6.424340808548792,6.443727016448975,1143300
2003-03-04,6.443725352979118,6.443725352979118,6.291053371869472,6.298323631286621,1098000
2003-03-05,6.312861461743173,6.36859893798828,6.278934754461241,6.368598937988281,1711500
2003-03-06,6.3516368306824,6.3516368306824,6.160191090635079,6.194118499755859,2255400
2003-03-07,6.194116694236419,6.363751610403608,6.152919038979868,6.351634979248047,1678500
2003-03-10,6.30074680913264,6.334673527070812,6.186848633203737,6.2038116455078125,1668600
2003-03-11,5.9857059160730515,6.2135028537653385,5.934815516515553,6.014786243438721,4638600
2003-03-12,5.985710262191224,6.043870959152015,5.917856809067166,6.022060871124268,2349300
2003-03-13,6.082643164191035,6.317709052721497,6.082643164191035,6.308016300201416,1933500
2003-03-14,6.3686016244959776,6.385564638627658,6.278937403145309,6.358908176422119,1605300
2003-03-17,6.288629878044526,6.458265558453299,6.228046003611421,6.419491767883301,2955600
2003-03-18,6.4582661536121835,6.538236930699961,6.429185808004798,6.511580467224121,1267500
2003-03-19,6.535811934577299,6.56973934173584,6.4849215171694246,6.56973934173584,1375200
2003-03-20,6.567316286425351,6.593973439213326,6.463112250369671,6.533389568328857,2349600
2003-03-21,6.615787617842387,6.814503038414819,6.555203715797659,6.787846565246582,2168700
2003-03-24,6.640017973494453,6.678792457969194,6.450995394999177,6.477652549743652,1789200
2003-03-25,6.489770335977494,6.555201286469179,6.4340328339538315,6.482500076293945,2196600
2003-03-26,6.48492454142499,6.504311442176717,6.395260298780818,6.417070388793945,1802700
2003-03-27,6.41706644840299,6.560044233653964,6.39525637178231,6.51400089263916,1760400
2003-03-28,6.470382358656674,6.581857356035627,6.4364556377131334,6.501885890960693,791400
2003-03-31,6.441301958519745,6.492193079484005,6.337097914633101,6.404952049255371,1356300
2003-04-01,6.441302014992175,6.521273480067109,6.339521158831471,6.501885890960693,1446300
2003-04-02,6.664252424293463,6.773303546486232,6.630325007909417,6.695755958557129,1358400
2003-04-03,6.736954498168105,6.763610964937898,6.6472895681344575,6.654559135437012,1405200
2003-04-04,6.715141243950872,6.766032356313416,6.620629970511813,6.686060905456543,1403400
2003-04-07,6.809653588349792,6.918705394851663,6.676368509289774,6.688485145568848,2693100
2003-04-08,6.688484390446481,6.688484390446481,6.492192270232384,6.620630264282227,3036000
2003-04-09,6.640018073732926,6.67636867681232,6.480075836181641,6.480075836181641,1445100
2003-04-10,6.506734000544842,6.603668494904703,6.480076841263332,6.598822116851807,2048700
2003-04-11,6.659405143710414,6.724836092298022,6.514003420921343,6.545506954193115,2427300
2003-04-14,6.547931042399809,6.705449407048267,6.543083971489176,6.695755958557129,1056000
2003-04-15,6.637593906760079,6.73210518350435,6.581856416030895,6.707871913909912,926100
2003-04-16,6.768456815907063,6.782996641220404,6.618208025465362,6.676368713378906,1562100
2003-04-17,6.676368090228843,6.7539156668755345,6.664251454710304,6.700602054595947,1348500
2003-04-21,6.695753798054085,6.821768587777982,6.688483540699077,6.795112133026123,1791300
2003-04-22,6.664251396317813,6.916281018211265,6.6182073497547735,6.872660160064697,2070900
2003-04-23,6.819347402648913,6.894471106281895,6.763609902106615,6.814500331878662,1750800
2003-04-24,6.753917271391639,6.81207796769379,6.717566662870246,6.7660346031188965,1446900
2003-04-25,6.676367498873816,6.73452817620729,6.584280106427465,6.603666305541992,1569000
2003-04-28,6.640017980813511,6.807229781976669,6.635171603580123,6.751492977142334,1824900
2003-04-29,6.770881203297772,6.843582430170398,6.6933342910734055,6.736955165863037,1322100
2003-04-30,6.7442205333438485,6.804804389117052,6.676366420745503,6.7563371658325195,2437800
2003-05-01,6.7345283199498285,6.7345283199498285,6.555199907675661,6.678791522979736,1750800
2003-05-02,6.640018329198493,6.741799189740574,6.640018329198493,6.715142726898193,1131000
2003-05-05,6.715143762716319,6.715143762716319,6.603668743343543,6.615786075592041,2046300
2003-05-06,6.6327517003499254,6.753920217159639,6.6327517003499254,6.734533309936523,2034300
2003-05-07,6.73452940129245,6.768456815907063,6.664252076729441,6.676368713378906,1272300
2003-05-08,6.6400206176108805,6.727261682426559,6.564896194020348,6.606093883514404,1159800
2003-05-09,6.7006026501411196,6.736953253257581,6.625477561925037,6.698178768157959,1298100
2003-05-12,6.700604688849824,6.8702397327892175,6.6691004534541145,6.81934928894043,2202300
2003-05-13,6.809651458110431,6.843578167744678,6.7417966521822335,6.7563371658325195,1709100
2003-05-14,6.780571003080424,6.809651336531948,6.693330002725853,6.775723934173584,1683900
2003-05-15,6.809655934924009,6.836312405257647,6.761188679776065,6.821772575378418,1960500
2003-05-16,6.809652401374152,6.846002997205249,6.761185171376006,6.833885669708252,1436100
2003-05-19,6.761185326650955,6.775725149319342,6.586703294650535,6.603666305541992,1643100
2003-05-20,6.623053452598453,6.707871976966259,6.591549924497546,6.620630264282227,2045100
2003-05-21,6.6218503335021826,6.638910136170533,6.543859576179682,6.607226848602295,2093100
2003-05-22,6.592598868894958,6.604783934571448,6.504859423168343,6.553603172302246,2195100
2003-05-23,6.519490117422119,6.531675893880947,6.456122824720769,6.482932090759277,1652100
2003-05-27,6.470742601443906,6.6681547164917,6.434184595757733,6.668154716491699,2325300
2003-05-28,6.680339965455686,6.736394773698581,6.621847445935054,6.716897964477539,2435700
2003-05-29,6.726651599100875,6.785144167131511,6.641349763067927,6.6632843017578125,1930800
2003-05-30,6.653533814532631,6.755895422663615,6.5073017504263815,6.673031330108643,3825000
2003-06-02,6.702276069869594,6.792451884453238,6.665718062208171,6.687652587890625,2983800
2003-06-03,6.6900927441632145,6.738837242126466,6.64866068790941,6.738837242126465,2478000
2003-06-04,6.714465437822136,6.7363999752578225,6.668158649790727,6.721776485443115,2697300
2003-06-05,6.690091133273034,6.714463376386129,6.665719587446098,6.673031330108643,2366700
2003-06-06,6.726647626674941,6.780265433729122,6.60478783326562,6.665718078613281,3732600
2003-06-09,6.653534356323796,6.7095898924909205,6.621851065254375,6.641347885131836,3084900
2003-06-10,6.702277183532715,6.726648727832619,6.670593199742277,6.702277183532715,1892400
2003-06-11,6.70227793726456,6.731524212085123,6.665719919417307,6.714463710784912,1691700
2003-06-12,6.73883422142697,6.746145962572584,6.677903974928207,6.724210739135742,1326300
2003-06-13,6.7485861377907606,6.755897883116193,6.580420179024284,6.6632843017578125,1425900
2003-06-16,6.702278425622048,6.843635082244874,6.665720405111017,6.843635082244873,2160300
2003-06-17,6.848506604240388,6.921622611033071,6.807074572277024,6.902124404907227,2000100
2003-06-18,6.84850727606269,6.894814038421578,6.780265291142652,6.790014743804932,2120100
2003-06-19,6.79001611243291,6.838759899139404,6.675468039351116,6.838759899139404,2799000
2003-06-20,6.872883610741845,6.902129897274457,6.775396686252948,6.811954021453857,3489000
2003-06-23,6.824137905279168,6.824137905279168,6.641348490876277,6.677906513214111,1981200
2003-06-24,6.6705949968540015,6.751022090911951,6.643786430358887,6.643786430358887,2153100
2003-06-25,6.6267232478513565,6.699839273161278,6.602351704272112,6.636472702026367,1628700
2003-06-26,6.629160960038156,6.65109618600279,6.536547420950401,6.636472702026367,2154900
2003-06-27,6.58528940762661,6.641344215535094,6.497550628869096,6.5560431480407715,2843700
2003-06-30,6.5682287150281145,6.587726920180178,6.526797382419835,6.551168918609619,3471300
2003-07-01,6.543860916674366,6.60479048923752,6.451247352766444,6.599916458129883,1920300
2003-07-02,6.59991518451267,6.616975684669717,6.553608411494749,6.614538669586182,2010600
2003-07-03,6.614539321996442,6.677905904135284,6.5804183183169,6.641347885131836,1001100
2003-07-07,6.646221539152424,6.702277066261954,6.621849995278952,6.660844326019287,1664400
2003-07-08,6.660846832204799,6.760772152084653,6.660846832204799,6.75346040725708,1582200
2003-07-09,6.724212247844956,6.775393750061815,6.707151747106003,6.7315239906311035,1749000
2003-07-10,6.731523681106781,6.736397711215984,6.5536083336842275,6.607226848602295,2184900
2003-07-11,6.590166385230241,6.733960733542029,6.590166385230241,6.658407688140869,1775100
2003-07-14,6.66571942530284,6.821699546116729,6.65353365268579,6.736397743225098,2174100
2003-07-15,6.799763258047537,6.799763258047537,6.653531932588808,6.668154716491699,1410600
2003-07-16,6.668155768081511,6.692527310858456,6.6218496973481,6.653532981872559,960600
2003-07-17,6.592604060988546,6.641347151225134,6.563357788474911,6.607226848602295,1289700
2003-07-18,6.604789033468442,6.709589046618929,6.5731057463933045,6.6998395919799805,1206900
2003-07-21,6.638909296470105,6.680342033588544,6.5560452168053285,6.587728500366211,1536300
2003-07-22,6.587732677579483,6.855823993682861,6.5365511517358605,6.855823993682861,3366000
2003-07-23,6.994742291665742,7.116601449424053,6.958184962710061,7.104416370391846,4321200
2003-07-24,7.114163952352674,7.189717015532107,7.067857866017427,7.121475696563721,2761500
2003-07-25,7.121474173599345,7.275017282763797,7.092227900295932,7.270142555236816,2232300
2003-07-28,7.236020907215812,7.309136925532221,7.19702588339,7.2774529457092285,2147100
2003-07-29,7.23845907297345,7.262831315383371,7.158031997864372,7.170218467712402,3232200
2003-07-30,7.214086730229473,7.292076781660488,7.1848404609428425,7.201900959014893,1627800
2003-07-31,7.221401460137894,7.399316164265701,7.182405720999622,7.311577320098877,2529900
2003-08-01,7.311573937128566,7.311573937128566,7.184840109747916,7.260393142700195,1479900
2003-08-04,7.214089646613734,7.214089646613734,7.038611959954943,7.119039058685303,1860900
2003-08-05,7.104418342331579,7.179970734306456,7.070297322425176,7.128789901733398,1598100
2003-08-06,7.080043191981912,7.165345009597946,7.06785741726141,7.099540710449219,1523100
2003-08-07,7.1239086807100325,7.136095146594096,6.984989105747735,7.055667400360107,1795500
2003-08-08,7.092228575152891,7.18240441876417,7.058107571075733,7.179967403411865,1169700
2003-08-11,7.140969697902321,7.209210279298751,7.116596766729791,7.145843029022217,1000800
2003-08-12,7.128785937441088,7.2311482429504395,7.094664936509251,7.2311482429504395,1367700
2003-08-13,7.231147606867497,7.28720313358968,7.165343323206068,7.199464321136475,971700
2003-08-14,7.211650848388671,7.250646581286892,7.179967556275495,7.211650848388672,1662600
2003-08-15,7.236023473218975,7.282330254754717,7.116600647438771,7.209214210510254,680700
2003-08-18,7.209213028945383,7.299388864419277,7.209213028945383,7.287203788757324,973800
2003-08-19,7.275017318523051,7.3091383195211606,7.2628315455749375,7.287203788757324,1150200
2003-08-20,7.290876990793456,7.337424358131456,7.276177305693356,7.298226833343506,1222500
2003-08-21,7.3080260590768376,7.369273815537326,7.298227203073111,7.349674701690674,1439700
2003-08-22,7.361926134156468,7.386424680865548,7.32027748327945,7.33742618560791,1629300
2003-08-25,7.3251805458536765,7.374177658888129,7.3251805458536765,7.37172794342041,1259400
2003-08-26,7.349678151463516,7.420725498195351,7.325179598115934,7.415825366973877,1440600
2003-08-27,7.379076570655005,7.39867569299619,7.3349781949273885,7.354578018188477,873600
2003-08-28,7.371726724547085,7.376626855592334,7.298230366227595,7.354578018188477,956700
2003-08-29,7.325174585836033,7.381521500347845,7.312924616624403,7.369272232055664,726900
2003-09-02,7.369275113495099,7.472170829772949,7.352125710628837,7.472170829772949,1960200
2003-09-03,7.469719625415737,7.5334171003680765,7.447670796013625,7.52606725692749,1289400
2003-09-04,7.526070484861045,7.530970616229654,7.447673990322905,7.459923267364502,1674000
2003-09-05,7.4623690903460815,7.472169347971653,7.403571750110152,7.469718933105469,1145700
2003-09-08,7.472169654752624,7.521166739374629,7.428071297305362,7.430521011352539,2093100
2003-09-09,7.3815195596584315,7.447666712516453,7.3815195596584315,7.423168182373047,1635000
2003-09-10,7.3986723690302565,7.418271482566241,7.249228602628678,7.25657844543457,1744500
2003-09-11,7.281077510278594,7.322725450297156,7.259028683318128,7.288427352905273,1632300
2003-09-12,7.21493352034235,7.288430577284873,7.1806354077770855,7.266381740570068,1443300
2003-09-15,7.283529483796881,7.308028032260058,7.224732126381512,7.2810797691345215,1118400
2003-09-16,7.293326697171313,7.398672103881836,7.2884272694226935,7.398672103881836,897000
2003-09-17,7.371723529538258,7.393773058305442,7.330075587844021,7.349674701690674,1618500
2003-09-18,7.383976340950096,7.420724868774413,7.339877967376941,7.420724868774414,1493700
2003-09-19,7.442770677853689,7.521166430582011,7.4182714356289265,7.469718933105469,1285200
2003-09-22,7.4011192075139185,7.437867706346283,7.283524571985805,7.315372943878174,1116000
2003-09-23,7.339874923920945,7.347224766622193,7.2884274268513645,7.2933268547058105,1371900
2003-09-24,7.305579105639444,7.305579105639444,7.183084247350861,7.212482929229736,1437900
2003-09-25,7.217381949436944,7.268830160498344,7.156134880176903,7.1585845947265625,1243500
2003-09-26,7.116933032148688,7.227177841055947,7.080184528873134,7.197779178619385,1514700
2003-09-29,7.17818202251725,7.278626593868649,7.165932052010437,7.244328498840332,1038900
2003-09-30,7.207580991843073,7.2663783294272015,7.018939008070995,7.205130577087402,1809000
2003-10-01,7.234527204073241,7.310473918914795,7.2002291172889175,7.310473918914795,1992600
2003-10-02,7.337428304645328,7.374176836241603,7.300680473968994,7.364377975463867,963600
2003-10-03,7.423174098500773,7.5383191043332385,7.423174098500773,7.494220733642578,1000200
2003-10-06,7.472170869855254,7.508919390217307,7.410923102278589,7.504019260406494,776700
2003-10-07,7.494217616003883,7.834752361351268,7.474618504054675,7.736756801605225,3581400
2003-10-08,7.773505919031161,7.802904589251692,7.69755917906489,7.729408264160156,1638000
2003-10-09,7.7784065515823,7.832304472460232,7.702459799854166,7.758808135986328,1682700
2003-10-10,7.73675752591813,7.8200541099602345,7.722058541039875,7.766156196594238,948300
2003-10-13,7.773510348929113,7.8617064098510845,7.753911224279786,7.85680627822876,798000
2003-10-14,7.8568021565491675,7.900900514336141,7.8127044996818125,7.896000385284424,805200
2003-10-15,7.896000653237644,7.915600469190017,7.785755806408446,7.81025505065918,1579200
2003-10-16,7.822509774570095,7.937654830872755,7.8029106458768815,7.898456573486328,679200
2003-10-17,7.908253923831734,7.930302762208755,7.75146093818192,7.775959491729736,960300
2003-10-20,7.75390587437448,7.802903652191161,7.72695692134543,7.802903652191162,1015200
2003-10-21,7.771056707659001,7.788206810759829,7.719609202035298,7.758808135986328,973500
2003-10-22,7.697560022687017,7.707359580501186,7.575065900469723,7.636312961578369,1023900
2003-10-23,7.626514272134672,7.712259887082083,7.599565309847325,7.6608123779296875,892800
2003-10-24,7.611812982424993,7.717158393996689,7.570165040961624,7.7073588371276855,1588200
2003-10-27,7.722058011370263,7.92784869198747,7.717157882800555,7.905799865722656,1891200
2003-10-28,7.937646888401786,8.13608769262913,7.927847333860689,8.123838424682617,3542400
2003-10-29,8.101792393163484,8.180189564201013,7.9596991415348395,8.163040161132812,1967400
2003-10-30,8.160589335897718,8.20713740892423,8.126291235349514,8.19733715057373,2294400
2003-10-31,8.207141317723694,8.285537113588385,8.170392784625893,8.216940879821777,2359200
2003-11-03,8.236536081216823,8.251235767822935,8.19733715057373,8.19733715057373,2234100
2003-11-04,8.199787386394423,8.273284415979258,8.182637986035346,8.229186058044434,2240700
2003-11-05,8.207139173396678,8.226737591552281,8.109142877099947,8.187540054321289,3423600
2003-11-06,8.175287095657827,8.207136178221928,8.101790075487788,8.194886207580566,2129700
2003-11-07,8.214489170460975,8.238987719299177,8.150791681826012,8.182640075683594,1766400
2003-11-10,8.202237843505106,8.209587687313332,8.133640936774258,8.158140182495117,1129800
2003-11-11,8.121389239557475,8.145887777044083,8.109139269894696,8.14098834991455,1926900
2003-11-12,8.134839296424381,8.169297433554254,8.024077075081575,8.137300491333008,1760400
2003-11-13,8.139761894090697,8.139761894090697,8.043768944057375,8.10776424407959,1184400
2003-11-14,8.12253082325082,8.174219430416988,8.02407599807504,8.036382675170898,1085100
2003-11-17,8.036379974975667,8.036379974975667,7.915773030709958,7.992074966430664,1555200
2003-11-18,7.974847115174365,7.974847115174365,7.777936796922463,7.841932773590088,2191500
2003-11-19,7.87639211317499,7.925618811263978,7.832087099008867,7.871469020843506,1013700
2003-11-20,7.827166963438256,7.8739324809221625,7.753325486645542,7.7779388427734375,885600
2003-11-21,7.819778294398154,7.891158536432864,7.800086634640485,7.873928070068359,1252500
2003-11-24,7.876396020126237,7.962543488718251,7.861627440010392,7.952698707580566,1732800
2003-11-25,7.967467565586344,7.999465220841926,7.937931105918558,7.9797749519348145,1488600
2003-11-26,8.004381881247948,8.041302602202139,7.979768536747941,7.9994587898254395,1158000
2003-11-28,8.02407425569935,8.02407425569935,7.979769946092871,7.982231140136719,432300
2003-12-01,7.999465313294082,8.129918539821382,7.974851948722169,8.095458984375,2138400
2003-12-02,8.058532996169902,8.083147048950195,8.024074167322647,8.083147048950195,1660800
2003-12-03,8.107763491847214,8.321903649728858,8.085611328833604,8.280059814453125,2775300
2003-12-04,8.257907515448846,8.363746643066406,8.243138937546602,8.363746643066406,2067000
2003-12-05,8.319438225506353,8.344051570963586,8.243134882817149,8.331744194030762,2064300
2003-12-08,8.363743588484157,8.403125509567781,8.329284055433837,8.393280029296875,2430300
2003-12-09,8.380975072687187,8.440047966419593,8.380975072687187,8.43020248413086,1929000
2003-12-10,8.380975877758585,8.405589233742543,8.270213663217243,8.312057495117188,1566000
2003-12-11,8.331747079764718,8.385897585252607,8.260368212375543,8.346515655517578,1000200
2003-12-12,8.366208812783855,8.393284072622981,8.275138252457308,8.37851619720459,968700
2003-12-15,8.405588309505355,8.435124755961127,8.316978970138033,8.344054222106934,1427700
2003-12-16,8.341590943475518,8.39081763773143,8.230828768786948,8.380972862243652,2269800
2003-12-17,8.38835572930456,8.4006631060244,8.28251735978414,8.38343334197998,1446600
2003-12-18,8.368662925010122,8.43019768241878,8.36374053877169,8.41542911529541,1884000
2003-12-19,8.40558258948937,8.410505679317376,8.307127834968787,8.368661880493164,1607400
2003-12-22,8.356359347689668,8.442507476579829,8.348975765599544,8.425277709960938,1086600
2003-12-23,8.425281286322328,8.435126770826002,8.34651741029292,8.422820091247559,1007100
2003-12-24,8.38589980277039,8.425281742919347,8.373593122525003,8.403129577636719,297300
2003-12-26,8.380979305963205,8.42528364653864,8.368671918732431,8.395747184753418,411900
2003-12-29,8.37112792027852,8.425277709960938,8.341591479305118,8.425277709960938,1455600
2003-12-30,8.368666246103382,8.420354843139648,8.368666246103382,8.420354843139648,1447500
2003-12-31,8.430199111792813,8.558190330345948,8.40066267674209,8.550806045532227,1547700
2004-01-02,8.415436623699778,8.614808232523995,8.415436623699778,8.531121253967285,1788300
2004-01-05,8.5040386432374,8.67633412360188,8.5040386432374,8.666488647460938,2725500
2004-01-06,8.68864693687318,8.838790365976001,8.651726202177661,8.804330825805664,3265500
2004-01-07,8.796945288897597,8.796945288897597,8.700951674001699,8.762486457824707,2453400
2004-01-08,8.750182469391588,8.828946340832472,8.745259375324252,8.824023246765137,2167200
2004-01-09,8.821562133350916,8.821562133350916,8.66403368480892,8.683725357055664,1605600
2004-01-12,8.664030070814992,8.68618292877533,8.627110049289637,8.65418529510498,1207500
2004-01-13,8.629573598216727,8.713259841394756,8.580345485023948,8.644341468811035,1416300
2004-01-14,8.644342348626301,8.644342348626301,8.545886816424414,8.590191841125488,1878300
2004-01-15,8.577884571291676,8.577884571291676,8.489275232213332,8.508965492248535,2315100
2004-01-16,8.533580211647378,8.56557785232741,8.447431363269546,8.467123031616211,2183700
2004-01-20,8.504046347543792,8.531120903306784,8.393284112459295,8.427742958068848,2489700
2004-01-21,8.42527964179829,8.462200377531694,8.385897711470518,8.440048217773438,3144600
2004-01-22,8.417897225023884,8.486815618417348,8.368669801171409,8.408052444458008,3490200
2004-01-23,8.410510936421645,8.420355713823364,8.324362092112686,8.35636043548584,2369100
2004-01-26,8.356361426859353,8.41051193421941,8.336670461311055,8.388359069824219,1575600
2004-01-27,8.368668736428717,8.412973764361341,8.297289156975383,8.324363708496094,2027400
2004-01-28,8.319440911802497,8.319440911802497,8.196372032165527,8.196372032165527,2552400
2004-01-29,8.196373327855591,8.346516779131692,8.176681656132718,8.294827461242676,2589300
2004-01-30,8.270214601228203,8.321903922225255,8.201296210770055,8.30467414855957,1392900
2004-02-02,8.270211565383482,8.294824915123984,8.12499054846067,8.1791410446167,2395500
2004-02-03,8.179143621597863,8.184066011415116,8.12745500749395,8.137300491333008,1201800
2004-02-04,8.129914100336396,8.228368913270543,8.110222433545196,8.166834831237793,2002200
2004-02-05,8.43020236698738,8.449892627086799,8.324362553598654,8.344054222106934,3465600
2004-02-06,8.380974552018222,8.614804917900033,8.380974552018222,8.575422286987305,1715100
2004-02-09,8.602497353006896,8.659109751690492,8.560654232828512,8.612342834472656,1545300
2004-02-10,8.590188240221018,8.755100184038678,8.577881567931271,8.715718269348145,1896600
2004-02-11,8.72556654672684,8.856019004930527,8.703414388659205,8.838789939880371,2730900
2004-02-12,8.794486955053,8.84863676555197,8.752643823639536,8.755105018615723,1259100
2004-02-13,8.725566107089396,8.774793513761825,8.639417969361551,8.696029663085938,1317900
2004-02-17,8.73295125514425,8.804330825805664,8.720644578313891,8.804330825805664,1157700
2004-02-18,8.79940683859855,8.897861643768852,8.792022552159699,8.843711853027344,2356500
2004-02-19,8.878333365398484,8.925321181781605,8.749732971191406,8.749732971191406,1959300
2004-02-20,8.7917782938828,8.7917782938828,8.631028107602944,8.680489540100098,1817100
2004-02-23,8.68049076186184,8.707694730452214,8.581567882944336,8.638448715209961,1273500
2004-02-24,8.6409170539812,8.682959078464524,8.556832297462684,8.601347923278809,2203800
2004-02-25,8.650813618677716,8.650813618677716,8.544472057941489,8.569202423095703,1421400
2004-02-26,8.618662413812011,8.670597445509536,8.519738847148577,8.64833927154541,1940100
2004-02-27,8.655760765075684,8.710167997024651,8.559310777129475,8.655760765075684,2697300
2004-03-01,8.692859130742145,8.76705095730639,8.6557628636838,8.663182258605957,2677200
2004-03-02,8.707692103948855,8.734895356781664,8.579091692593632,8.596404075622559,5952000
2004-03-03,8.596406549690789,8.616190417648486,8.561783188772297,8.581567764282227,1917600
2004-03-04,8.608771676145455,8.633502749147098,8.54199855734847,8.628556251525879,2356200
2004-03-05,8.593931675222594,8.987150232175813,8.593931675222594,8.826400756835938,3433500
2004-03-08,8.804147009255008,8.878339541558967,8.747266162162296,8.767050743103027,1662600
2004-03-09,8.781889661251208,8.821458823712414,8.598881931091912,8.603828430175781,2484300
2004-03-10,8.631033490355291,8.635979990465968,8.438133429538013,8.445552825927734,1975500
2004-03-11,8.448021658846091,8.581567180680032,8.423290587364438,8.48511791229248,4530900
2004-03-12,8.495006325902706,8.596402761371213,8.457910086281347,8.576618194580078,1783800
2004-03-15,8.579095748640217,8.655761877363178,8.40845393018982,8.448023796081543,1718700
2004-03-16,8.48264660016853,8.588988891902863,8.470281414865202,8.571677207946777,2356200
2004-03-17,8.593928550528746,8.631024787519895,8.54199424327226,8.556832313537598,3969900
2004-03-18,8.571673421509344,8.618661953968205,8.5271577835083,8.5271577835083,3549000
2004-03-19,8.517265582926465,8.655758287224122,8.512319793961586,8.514793395996094,1909200
2004-03-22,8.517269429450385,8.522215928201247,8.368885080210418,8.47275447845459,1635600
2004-03-23,8.485120203271096,8.616192158059713,8.48264660016853,8.571677207946777,2503800
2004-03-24,8.532106443485583,8.69038304975359,8.532106443485583,8.638448715209961,3325200
2004-03-25,8.655761523288815,8.942637909514144,8.631030446562189,8.908015251159668,3134400
2004-03-26,8.903065333630892,9.076179974024424,8.883280762868655,9.039084434509277,3286200
2004-03-29,9.039085206203035,9.212200568928008,9.039085206203035,9.184996604919434,3856800
2004-03-30,9.145429957852002,9.293814291764084,9.125645379997056,9.27650260925293,1967100
2004-03-31,9.261662402706452,9.531228472884768,9.236932037953936,9.504024505615234,4682400
2004-04-01,9.335852680644805,9.47681756567694,9.298756434830443,9.44466781616211,3264300
2004-04-02,9.484233945778278,9.593049754306316,9.360580775717569,9.385311126708984,2788500
2004-04-05,9.385318087755968,9.45456411246393,9.36800711224323,9.452091217041016,1926900
2004-04-06,9.45208720683539,9.508968022743808,9.422410351694307,9.44466781616211,2096400
2004-04-07,9.447138188191149,9.447138188191149,9.199831128045364,9.30370044708252,3668100
2004-04-08,9.365529435834855,9.38778690006512,9.175103127599854,9.224564552307129,1824300
2004-04-12,9.24929728440899,9.340800759710936,9.24929728440899,9.264135360717773,2663400
2004-04-13,9.410046910845974,9.620258537597419,9.249297426020185,9.318543434143066,4909200
2004-04-14,9.298760168085101,9.39026437217113,9.274029799314834,9.375426292419434,2709900
2004-04-15,9.385317404479316,9.600474856760234,9.365532827431698,9.560906410217285,3269700
2004-04-16,9.560904858792794,9.743911813011028,9.546066074638789,9.694450378417969,2738100
2004-04-19,9.657356893369675,9.659829788738834,9.575744978216488,9.595529556274414,1661700
2004-04-20,9.62025490266115,9.640038761383204,9.3902587890625,9.3902587890625,2664600
2004-04-21,9.392737701072155,9.479295410867923,9.360587937165963,9.417468070983887,1083000
2004-04-22,9.434781520636811,9.674669390438089,9.414996231914118,9.620262145996094,2790900
2004-04-23,9.647466272417901,9.647466272417901,9.476823713984361,9.563382148742676,1625700
2004-04-26,9.533701172411783,9.76369667312506,9.52628178011724,9.610365867614746,2178900
2004-04-27,9.605421199929602,9.729074450707405,9.605421199929602,9.659829139709473,1442400
2004-04-28,9.644992114868769,9.644992114868769,9.412523649627374,9.499080657958984,1736400
2004-04-29,9.47434855177538,9.476820739425014,9.224567740023343,9.286395072937012,2661300
2004-04-30,9.323486058772636,9.479289701046701,9.274024641189753,9.410043716430664,1404900
2004-05-03,9.385315839883146,9.45703545038883,9.269081292217411,9.318543434143066,1900800
2004-05-04,9.31854168147349,9.385314074654746,9.224564620063374,9.291337013244629,1783800
2004-05-05,9.274029478071622,9.444671280843036,9.229513825253866,9.424886703491211,1352100
2004-05-06,9.422415299471378,9.439726984282174,9.281450340417544,9.343276977539062,1710900
2004-05-07,9.311119842463519,9.340796689702332,9.039081722331812,9.053919792175293,1700100
2004-05-10,9.019299645966623,9.061341680933209,8.79177708769468,8.917903900146484,2831100
2004-05-11,8.868442426857985,9.0267197084649,8.828873283344283,9.004462242126465,1902900
2004-05-12,9.039089135848997,9.041562739144874,8.82887743150254,8.977262496948242,2526300
2004-05-13,8.977262169419387,9.066292780907132,8.977262169419387,9.063819885253906,2379900
2004-05-14,9.06381794963312,9.231986138977797,9.039086875725092,9.180051803588867,2235900
2004-05-17,9.081130192636195,9.095968980565978,8.957476220913286,8.982207298278809,2024100
2004-05-18,8.989626791664776,9.18747258256763,8.989626791664776,9.150376319885254,1495200
2004-05-19,9.180048129393706,9.363055738899481,9.157790667071318,9.236928939819336,3054600
2004-05-20,9.23693062173421,9.32348830020128,9.192415688983893,9.274026870727539,1671600
2004-05-21,9.286394222965951,9.424885539776552,9.269081835480337,9.345747947692871,1926900
2004-05-24,9.372945951213277,9.46197648837564,9.321010940538036,9.385311126708984,2061600
2004-05-25,9.382842224283788,9.610364804924055,9.316069823673013,9.590580940246582,1560900
2004-05-26,9.588099407303723,9.600519035554711,9.511096432945783,9.575679779052734,1349700
2004-05-27,9.62536044429937,9.702363430189925,9.598036689520821,9.69987964630127,1915800
2004-05-28,9.687454218174178,9.799232251809226,9.66509875358065,9.76197338104248,1603500
2004-06-01,9.764459708493572,9.809170649333437,9.694908803334542,9.749555587768555,1571400
2004-06-02,9.799237629677128,9.80917347613458,9.689943318645147,9.757010459899902,2404500
2004-06-03,9.761978624111364,9.761978624111364,9.63778018951416,9.63778018951416,2540100
2004-06-04,9.637778769990524,9.727201373889283,9.603003668252626,9.647714614868164,2851200
2004-06-07,9.699877080465411,9.754523864899424,9.687456742972035,9.749555587768555,1806000
2004-06-08,9.749553745762018,9.84146081464435,9.687454912697978,9.836492538452148,2771700
2004-06-09,9.811652722508112,9.846427811174143,9.687454352889619,9.814136505126953,3230700
2004-06-10,9.774395065608747,9.834010124206543,9.774395065608747,9.834010124206543,1401600
2004-06-14,9.73713719654178,9.754525102704882,9.610454996974106,9.627842903137207,1695900
2004-06-15,9.662615064800299,9.804200622823688,9.662615064800299,9.747069358825684,2146200
2004-06-16,9.747070340028406,9.786813708433508,9.702359405906408,9.766942024230957,1158000
2004-06-17,9.75700616160205,9.811653648377833,9.724714852507713,9.794265747070312,1826400
2004-06-18,9.761979364718876,9.95821181184154,9.749559022849414,9.925920486450195,3053400
2004-06-21,9.886177203351211,9.955727418088452,9.836497260251242,9.911016464233398,1681500
2004-06-22,9.92343581360485,10.05260181427002,9.888660707221193,10.05260181427002,1910100
2004-06-23,10.052600137967811,10.238897400913105,9.99298507067873,10.204121589660645,2084100
2004-06-24,10.166861608844284,10.288576224430138,10.166861608844284,10.273672103881836,2729100
2004-06-25,10.271189230676505,10.308448827258772,10.176799058091484,10.233929634094238,2603700
2004-06-28,10.084893598507758,10.258771981058201,10.060054337191845,10.22399616241455,3470100
2004-06-29,10.184251119541477,10.246349973400124,10.139539461509218,10.233929634094238,2964900
2004-06-30,10.233929910978171,10.340741136426603,10.196671024055542,10.320869445800781,1481700
2004-07-01,10.266222080575325,10.318385802176838,10.099796491658477,10.231446266174316,2982300
2004-07-02,10.231443249929306,10.231443249929306,10.037694676149295,10.159408569335938,1334400
2004-07-06,10.097310481450544,10.142021420772574,10.042663698871664,10.094826698303223,1191000
2004-07-07,10.084888072833872,10.144503120129382,10.077436014255078,10.107243537902832,1118100
2004-07-08,10.107245161623148,10.107245161623148,9.93585205078125,9.93585205078125,3107100
2004-07-09,10.005403697543622,10.107245198403866,9.975596168998841,10.097310066223145,1783800
2004-07-12,10.097312375192733,10.097312375192733,9.925918513866664,10.027761459350586,1340700
2004-07-13,10.02776069734278,10.112215019113869,9.935853603963169,10.0923433303833,1480800
2004-07-14,10.035211662469719,10.146989721706433,9.997952072501624,10.067502975463867,1456800
2004-07-15,10.067500503241403,10.107243155935725,9.958205543329289,9.970625877380371,2068200
2004-07-16,10.047629390802511,10.159408147496732,10.007886733045602,10.114696502685547,1618800
2004-07-19,10.171829783038119,10.310932310686148,10.156926372266888,10.24138069152832,3244800
2004-07-20,10.23392952051198,10.350676586818945,10.179282728709827,10.34322452545166,2259600
2004-07-21,10.358129736989664,10.358129736989664,10.171832434449074,10.22399616241455,2788800
2004-07-22,10.223993281681654,10.226477064979848,9.838978443757263,10.062535285949707,4852500
2004-07-23,10.06253508974208,10.089858837492258,9.938337399242796,9.997952461242676,1692300
2004-07-26,10.022792743730607,10.097311934212279,9.970629736794038,10.01037311553955,2544900
2004-07-27,9.997951379422629,10.015338570957196,9.886173327934605,9.945788383483887,2008800
2004-07-28,9.948274201920267,9.955725552387863,9.806687883020972,9.903562545776367,1893300
2004-07-29,9.903560794404928,10.067502557050451,9.89859251763747,10.022790908813477,2155800
2004-07-30,9.997950657822528,10.069985333745276,9.965658638730032,10.030241966247559,1720800
2004-08-02,10.01037311553955,10.022792743730607,9.836495478194099,10.01037311553955,1320600
2004-08-03,10.010369723405672,10.022789347388189,9.861331392945756,9.933366775512695,1308000
2004-08-04,9.933366680558999,9.995465510545404,9.83400826831378,9.948270797729492,1087800
2004-08-05,9.948273572091248,9.948273572091248,9.672553012883895,9.680005073547363,1058400
2004-08-06,9.617905639297048,9.617905639297048,9.473835554821763,9.496191024780273,1994100
2004-08-09,9.496190901562402,9.565742515050992,9.458931311669962,9.491223335266113,1773600
2004-08-10,9.46886425613577,9.637773527171275,9.46886425613577,9.61044979095459,2131800
2004-08-11,9.612934954452168,9.655162811279297,9.478801457630848,9.655162811279297,1473000
2004-08-12,9.655162790336341,9.655162790336341,9.476317654517581,9.486252784729004,1056900
2004-08-13,9.486255181391204,9.560774362143007,9.426640121056792,9.496191024780273,1380900
2004-08-16,9.473834630381793,9.79674986435082,9.471350847443784,9.73216724395752,1825800
2004-08-17,9.84891329580506,9.958206848709223,9.811653710102398,9.881204605102539,1850700
2004-08-18,9.861250845761525,9.980992704993202,9.861250845761525,9.96103572845459,953100
2004-08-19,9.941081249432118,9.941081249432118,9.88121030047637,9.903661727905273,889200
2004-08-20,9.921120971157688,9.990970383380743,9.903657725954773,9.94107723236084,1019700
2004-08-23,9.973507697700585,9.978496584494811,9.821335230993292,9.828819274902344,1011000
2004-08-24,9.873720202406588,10.063312138294753,9.861247987831804,10.005935668945312,2453400
2004-08-25,10.02589638324944,10.277853054676985,9.926111492216965,10.232950210571289,2841000
2004-08-26,10.232953099228055,10.297813653567548,10.17058770315711,10.210501670837402,1307400
2004-08-27,10.190537262420321,10.225461601836534,10.130666354520368,10.200515747070312,1030800
2004-08-30,10.17806774623334,10.265379694612895,10.14064823782528,10.165594100952148,1458900
2004-08-31,10.163097797433364,10.302797317504883,10.150624154434976,10.302797317504883,1395900
2004-09-01,10.290321303423314,10.302794943547543,10.003439713762932,10.013418197631836,3728400
2004-09-02,9.96602438415362,10.085766954320663,9.95355145253626,10.01591682434082,4723200
2004-09-03,10.015915670742476,10.018410827752774,9.921120402163865,9.998453140258789,3380100
2004-09-07,10.060817898625785,10.165592361496627,10.050840126056563,10.15062427520752,3127500
2004-09-08,10.128174824166958,10.178067978997227,10.05832540660947,10.110713005065918,1596600
2004-09-09,10.053337249851555,10.160606184467222,10.043358760904002,10.088261604309082,1833900
2004-09-10,10.078277975227616,10.130664833344515,10.055826566565718,10.108213424682617,2067000
2004-09-13,10.252901822347317,10.412557564434504,10.252901822347317,10.307783126831055,3879000
2004-09-14,10.332737816098257,10.502371449982586,10.32275861134485,10.449984550476074,4346100
2004-09-15,10.44997919332845,10.522323751536598,10.352688777179129,10.502366065979004,2828400
2004-09-16,10.502367042213763,10.657033945209312,10.502367042213763,10.58469009399414,1931100
2004-09-17,10.614625169224567,10.751829536826985,10.582195266576724,10.604646682739258,1754100
2004-09-20,10.554754633451552,10.622108884384119,10.514840686061433,10.58469009399414,1268400
2004-09-21,10.587185279155449,10.721895217895508,10.552260929600669,10.721895217895508,2628900
2004-09-22,10.701937492882035,10.714410423012028,10.534797659756492,10.58469009399414,3040800
2004-09-23,10.602154965867522,10.639574478239188,10.48490754108581,10.492391586303711,1603200
2004-09-24,10.517332460871037,10.56473043980034,10.472428924591304,10.54726791381836,1671300
2004-09-27,10.514840727301184,10.51733517059343,10.407571814840106,10.48989486694336,2589600
2004-09-28,10.489897385288817,10.809208328602514,10.489897385288817,10.794240951538086,3059700
2004-09-29,10.73935641284552,10.836646119028813,10.709420953931206,10.819184303283691,1686300
2004-09-30,10.816694172139277,11.003791055713275,10.786758699316156,10.966371536254883,3684600
2004-10-01,10.956389010685339,11.033721746674992,10.899011820493369,10.943915367126465,1843500
2004-10-04,10.943916514090509,11.036218060254962,10.844131637467644,10.933938026428223,4524900
2004-10-05,10.933939625833778,10.933939625833778,10.766800468329834,10.781767845153809,2313600
2004-10-06,10.781763871832803,10.923957824707031,10.689462346181747,10.923957824707031,1908000
2004-10-07,10.891532783399734,10.963876661452199,10.749338757784685,10.75183391571045,1173600
2004-10-08,10.756818246697858,10.796732905701772,10.609636108742952,10.669507026672363,1516800
2004-10-11,10.63458174806662,10.77677499678304,10.582194874389668,10.597162246704102,1583700
2004-10-12,10.597163987139986,10.597163987139986,10.472432533352071,10.507357597351074,1717500
2004-10-13,10.559744520109925,10.577207052176364,10.277851704681414,10.357680320739746,1918800
2004-10-14,10.367659742735713,10.442498051064632,10.29531587815027,10.380132675170898,1776900
2004-10-15,10.447483224678496,10.497375646992886,10.367655348975472,10.382622718811035,1501200
2004-10-18,10.352693113517345,10.549769185131654,10.342714623417754,10.52731704711914,1758300
2004-10-19,10.514842239944553,10.652045919085785,10.427530288696289,10.427530288696289,1788900
2004-10-20,10.427524562535776,10.484901017309939,10.332729332389997,10.355180740356445,1856400
2004-10-21,10.355183572943746,10.402580844123129,10.068301220598297,10.173075675964355,4532100
2004-10-22,10.163098702482458,10.55974374141745,10.15810910209524,10.425034523010254,3237600
2004-10-25,10.362670839916202,10.457466125488281,10.357681238718826,10.457466125488281,2295600
2004-10-26,10.437507227128805,10.557249069213867,10.410066209888225,10.557249069213867,1488600
2004-10-27,10.539783133602699,10.544772732269701,10.42004133020402,10.542278289794922,2637600
2004-10-28,10.542279235482956,10.659525893206943,10.40756933771666,10.614623069763184,1788600
2004-10-29,10.614623629956107,10.771784947738563,10.604645144917818,10.657032012939453,1334700
2004-11-01,10.657037022072531,10.657037022072531,10.487402696688283,10.602155685424805,2424600
2004-11-02,10.639574982334874,10.709424409003079,10.56473595404572,10.662026405334473,1478700
2004-11-03,10.721892322951064,10.84412858396521,10.71440828088228,10.839138984680176,1257600
2004-11-04,10.804219167657884,11.081122398376465,10.7543260120862,11.081122398376465,1779600
2004-11-05,11.08361398387919,11.223312785045609,11.061161855546384,11.208345413208008,1901700
2004-11-08,11.200859039846423,11.223310449790118,10.993804610481398,11.073633193969727,1786200
2004-11-09,11.118715146278449,11.23641332241405,11.103689511832265,11.16879940032959,1115100
2004-11-10,11.148763036595579,11.263956435176357,11.06862753278691,11.213872909545898,1443900
2004-11-11,11.263954910780477,11.351602501695108,11.216375424578361,11.319047927856445,1357200
2004-11-12,11.369132589512278,11.379149436950684,11.233904790863077,11.379149436950684,1156200
2004-11-15,11.379150873536878,11.379150873536878,11.24893184039781,11.294007301330566,1515000
2004-11-16,11.314040334870954,11.349098942823511,11.231400805807139,11.233904838562012,1278600
2004-11-17,11.218881294288796,11.379150873536878,11.116208774198375,11.294007301330566,1789200
2004-11-18,11.296514826187721,11.381657702850458,11.273977090184257,11.299018859863281,1535700
2004-11-19,11.286491811392837,11.29650937418375,11.10869332638938,11.153769493103027,1766100
2004-11-22,11.156274232621739,11.263954800142836,11.07613874044524,11.26145076751709,1574700
2004-11-23,11.24392545236219,11.34910202120992,11.181319601278728,11.278984069824219,1234500
2004-11-24,11.331572623869048,11.421724277795711,11.319051739939093,11.389169692993164,793200
2004-11-26,11.39167405448852,11.419220573096899,11.314043998718262,11.314043998718262,453900
2004-11-29,11.356612507899852,11.356612507899852,11.236410330186647,11.2889986038208,1376100
2004-11-30,11.243926139637143,11.278984759242098,11.16879940032959,11.16879940032959,2114400
2004-12-01,11.218879003238337,11.268963236525469,11.168794769951205,11.196340560913086,1844100
2004-12-02,11.203861303633518,11.246433469400573,11.1187184050232,11.158785820007324,1549200
2004-12-03,11.133743327411299,11.191340415566453,11.051104463122014,11.158785820007324,1482600
2004-12-06,11.108697935697977,11.146261304135214,11.003520647366049,11.071134567260742,1466400
2004-12-07,11.10619199363675,11.146260107740938,10.94341836982907,10.993502616882324,1859700
2004-12-08,10.985984254909955,11.018539536406632,10.915866344431393,10.96845531463623,1593600
2004-12-09,10.905854378372979,11.033569371740727,10.820710094179152,10.99600601196289,1959600
2004-12-10,11.193837040292287,11.193837040292287,10.933399015288579,11.058609962463379,1732800
2004-12-13,11.04358655996026,11.13874698497294,11.011031979387107,11.131234169006348,1903800
2004-12-14,11.096173777108346,11.153770829519722,11.053601637760856,11.081148147583008,1512600
2004-12-15,11.096175824838033,11.111200740674676,11.041082795026657,11.101183891296387,1301100
2004-12-16,11.101181682011617,11.101181682011617,10.943416156585645,10.990996360778809,1994700
2004-12-17,10.99099738115857,11.068627418251696,10.830727808122688,10.838240623474121,8153400
2004-12-20,10.863282168106807,11.001014008786917,10.84074443896613,10.900845527648926,1564800
2004-12-21,10.928393903400258,11.036074501647189,10.878308937825555,11.016040802001953,1332300
2004-12-22,10.980980983516792,11.118712832612564,10.955938503471408,11.108695983886719,1339500
2004-12-23,11.06862728574021,11.173804550016598,11.06862728574021,11.143754005432129,987000
2004-12-27,11.168798582966405,11.241420566910463,11.093672565618464,11.118714332580566,866700
2004-12-28,11.14375542335485,11.228899002075195,11.10869680844289,11.228899002075195,721800
2004-12-29,11.203856520171005,11.243924634510028,11.116209624660305,11.228899002075195,1005300
2004-12-30,11.261453174792647,11.266461957576235,11.198848046997961,11.23891544342041,511200
2004-12-31,11.213874860138223,11.2489334774701,11.143756192551189,11.176311492919922,778800
2005-01-03,11.161283839592368,11.211368081332486,11.028560778096434,11.04859447479248,1128000
2005-01-04,11.081148374623933,11.176308786336937,10.868290539371056,10.918374061584473,1292700
2005-01-05,10.918374767220541,10.963450943171864,10.733063430377857,10.763113975524902,1195200
2005-01-06,10.743079557797033,10.82321433947801,10.685482504348467,10.770626068115234,1160100
2005-01-07,10.805683138238605,10.820708049433645,10.655430443981396,10.698001861572266,953400
2005-01-10,10.692998428581589,10.865789650749434,10.66545262486937,10.803184509277344,1048500
2005-01-11,10.768122857457168,10.790660588909907,10.680475964816171,10.743081092834473,810300
2005-01-12,10.710525413486742,10.913366408675802,10.675466086857698,10.900845527648926,1323300
2005-01-13,10.885824401821765,10.953438333684051,10.76562217471627,10.798176765441895,1154700
2005-01-14,10.843250774643902,10.983486678018776,10.795670556883444,10.960948944091797,1005600
2005-01-18,10.955938090227134,11.05109850776411,10.88331611881934,11.04859447479248,957900
2005-01-19,10.993502746715563,11.023553295302413,10.860779669572375,10.873300552368164,1445700
2005-01-20,11.081147381752881,11.263954657421294,11.031063147565549,11.241416931152344,4295700
2005-01-21,11.268961930155982,11.339079848629451,11.116205215454102,11.116205215454102,2036700
2005-01-24,11.01854196471239,11.01854196471239,10.580304032064404,10.622876167297363,4876200
2005-01-25,10.685481955438028,10.780642362026555,10.665448261046912,10.768120765686035,2150700
2005-01-26,10.830728881180633,10.835736947603428,10.677971391900181,10.72555160522461,1816800
2005-01-27,10.680472662514788,10.7681195280562,10.650422124381958,10.720540046691895,1419900
2005-01-28,10.75810262570868,10.765615439317905,10.650422068642268,10.68798542022705,1253700
2005-01-31,10.750593594726485,10.903350360554505,10.708021449773149,10.818206787109375,1679400
2005-02-01,10.90585726379933,10.928394999044375,10.793167154650739,10.825721740722656,1716900
2005-02-02,10.825719025734564,10.88331608265971,10.763113902882798,10.838240623474121,3081300
2005-02-03,10.86578436737991,11.283988601134428,10.735565363875443,11.226390838623047,4989600
2005-02-04,11.206364452635258,11.44676890817781,11.198851634284106,11.396684646606445,1902300
2005-02-07,11.394174527141265,11.396678559767011,11.243921822675471,11.26145076751709,3041700
2005-02-08,11.263958436296464,11.321555504050126,11.168798717646693,11.278984069824219,1284000
2005-02-09,11.294007339233675,11.419218306672219,11.253939944287186,11.256443977355957,1607100
2005-02-10,11.256447997744832,11.399188680569566,11.256447997744832,11.396684646606445,1037100
2005-02-11,11.396679577754984,11.514377719215052,11.344091305609956,11.464293479919434,1607700
2005-02-14,11.406697042405694,11.446764436008742,11.26896519777984,11.399184226989746,1419900
2005-02-15,11.381656147126975,11.597019492407151,11.369135263998903,11.474311828613281,1881300
2005-02-16,11.456781424431819,11.474310372001254,11.339083275169006,11.419218063354492,1085400
2005-02-17,11.268964225689297,11.647100399314416,11.208863140469203,11.251435279846191,1952700
2005-02-18,11.283989985055442,11.324056659201716,11.228896964739079,11.286493301391602,1333200
2005-02-22,11.223888663750635,11.296511349685934,11.18382198788706,11.193838119506836,2124300
2005-02-23,11.213870627960512,11.253937297020572,10.975969630850331,10.978473663330078,2947500
2005-02-24,10.962118083344686,11.027533823756064,10.889155674112013,10.997342109680176,4435200
2005-02-25,11.007409559361816,11.241395958676831,10.959606536550233,11.236364364624023,3047400
2005-02-28,11.23636239459232,11.248941377518912,11.077855692479659,11.145787239074707,1873200
2005-03-01,11.14578678672461,11.289197263850369,11.14578678672461,11.259005546569824,1359900
2005-03-02,11.25900452349047,11.336999966001445,11.19862109441628,11.296744346618652,1989000
2005-03-03,11.299263655937477,11.372226808797013,11.286683231098522,11.326939582824707,1731000
2005-03-04,11.372224577013602,11.646466555374545,11.334485469385422,11.61375904083252,2692500
2005-03-07,11.591117858886719,11.699305057707335,11.553378741014205,11.591117858886719,2064000
2005-03-08,11.591115362844754,11.674143131871082,11.460284577508348,11.646467208862305,2853600
2005-03-09,11.646469444265254,11.66659726125723,11.498025894165039,11.498025894165039,1629000
2005-03-10,11.560926390912877,11.570990299869171,11.284168534701019,11.475382804870605,2910900
2005-03-11,11.477895969183297,11.555891420768287,11.326937378935254,11.357129096984863,2063400
2005-03-14,11.359644893532161,11.440156141664453,11.306808847074844,11.357129096984863,1217700
2005-03-15,11.374738092973567,11.404929804919213,11.294226861118508,11.309322357177734,2034000
2005-03-16,11.258999927762478,11.296739735485927,11.17597292663246,11.188551902770996,1303200
2005-03-17,11.155849965454257,11.324420566785285,11.103014640204249,11.264037132263184,1768800
2005-03-18,11.233849740883645,11.432612136014274,11.193594102367447,11.243913650512695,5588700
2005-03-21,11.271588413273022,11.37725909350795,11.203656850363412,11.231332778930664,1990200
2005-03-22,11.236365796015873,11.30178084600041,11.130694389343262,11.130694389343262,1892700
2005-03-23,11.133205775325209,11.145786196729988,10.99985849119096,11.067790031433105,2218500
2005-03-24,11.072824613330033,11.233847129970803,11.07030881646438,11.123144149780273,1577700
2005-03-28,11.148303035660025,11.243909784348276,10.934444489706259,11.145787239074707,1607100
2005-03-29,11.082888467789967,11.191075650599133,11.009925320241777,11.03256893157959,3275700
2005-03-30,11.057730377902732,11.168434097797604,10.999862720637928,11.082890510559082,1861800
2005-03-31,11.062758438733018,11.165913287357618,11.05017873715552,11.067790031433105,1298400
2005-04-01,11.100505163135045,11.145793124722287,10.941998377321289,10.984769821166992,1503000
2005-04-04,10.95709083457736,10.964638225722046,10.770908176286257,10.856451034545898,2182500
2005-04-05,10.858965854676018,10.944508699569337,10.69291103837227,10.87154483795166,3026400
2005-04-06,10.906770119975853,10.997345288383615,10.889158821544934,10.957090377807617,1342200
2005-04-07,10.944512460302812,10.954576370208837,10.856453068668188,10.904256820678711,1203600
2005-04-08,10.904254425537143,10.941994259352011,10.783487533191533,10.796067237854004,1396200
2005-04-11,10.768392941610646,10.811163653146659,10.65517343059774,10.705492973327637,1960200
2005-04-12,11.133211329468217,11.133211329468217,10.88161357326459,11.05018424987793,5659200
2005-04-13,11.050183775581786,11.050183775581786,10.93444845278189,10.947028160095215,2450400
2005-04-14,11.309321436125856,11.623818949816817,11.259002640141691,11.432604789733887,6797100
2005-04-15,11.472866666026627,11.535765915173988,11.191077223639624,11.1961088180542,3971100
2005-04-18,11.223782817291976,11.359645920714138,11.145788078481745,11.321906089782715,1885500
2005-04-19,11.321904992690147,11.422544052203747,11.253973447561632,11.394868850708008,2297400
2005-04-20,11.397386163304658,11.399901960170313,11.105532132065832,11.123144149780273,2021700
2005-04-21,11.186046663873075,11.38984138600565,10.95709324589408,11.057731628417969,4729800
2005-04-22,11.04514777953956,11.04514777953956,10.77090650840696,10.861481666564941,4219500
2005-04-25,10.911800440712225,11.17094619405981,10.911800440712225,11.133206367492676,2199000
2005-04-26,11.095468089318725,11.196107160990572,11.057728257484927,11.072824478149414,2645700
2005-04-27,11.087921800103816,11.22126913184099,10.944511279374066,11.113081932067871,2212800
2005-04-28,11.113084232513497,11.160887989261465,10.901741383714873,10.949545860290527,1861800
2005-04-29,10.982252301190965,11.276621485952694,10.944512459090646,11.213722229003906,3166200
2005-05-02,11.211204961759485,11.32190795620097,11.155853104624983,11.231332778930664,2557200
2005-05-03,11.1382407524077,11.173464069216482,10.90677015697519,11.05521297454834,4048200
2005-05-04,11.145790482286179,11.23384914701451,10.962122881567183,11.082890510559082,3799500
2005-05-05,11.070312699536643,11.143275873025523,10.98980141297576,11.087924003601074,2030700
2005-05-06,11.150817454179892,11.160882079581745,10.936959640677603,10.989795684814453,2879700
2005-05-09,11.025021856091033,11.037601561367605,10.884127141476434,10.994830131530762,3267300
2005-05-10,10.977220926151757,10.977220926151757,10.778458508555602,10.813682556152344,2440200
2005-05-11,10.813679690907955,10.851419526239686,10.692912793708409,10.816195487976074,2221800
2005-05-12,10.816193459807184,11.009924194275186,10.572143914102256,10.632527351379395,2050800
2005-05-13,10.667752444274816,10.705492278830823,10.411122433086929,10.582209587097168,3616800
2005-05-16,10.582208952366654,10.783487098155886,10.582208952366654,10.775938987731934,2759100
2005-05-17,10.743230642605466,10.944509506225586,10.692911826484714,10.944509506225586,3754200
2005-05-18,10.978632271775247,11.335064417741231,10.978632271775247,11.17327880859375,5197200
2005-05-19,11.185923507301949,11.193507357832642,11.097447179739307,11.122726440429688,3975300
2005-05-20,11.122727323646366,11.140422011975332,10.971053917167612,11.046890258789062,1644600
2005-05-23,11.072166822683602,11.213728634225227,11.062055264716344,11.185921669006348,1444500
2005-05-24,11.148005227371566,11.173283765391876,11.039306501354105,11.132838249206543,1495800
2005-05-25,11.107558446369776,11.142948542519827,10.973580465628674,11.072168350219727,1617900
2005-05-26,11.135366574546863,11.27440071105957,11.127782723426787,11.27440071105957,2838900
2005-05-27,11.236480863886875,11.3906826845962,11.22889773688997,11.37551498413086,2280000
2005-05-31,11.317375106736518,11.380572904239411,11.22384335003303,11.236482620239258,3280500
2005-06-01,11.24912017597358,11.428600533843849,11.246592466964756,11.415961265563965,2265000
2005-06-02,11.418488725003638,11.471574225845114,11.317372417671928,11.39826488494873,4399200
2005-06-03,11.398264865002393,11.486741181740493,11.350235505067618,11.388154029846191,2486100
2005-06-06,11.388158422189115,11.512024879455566,11.375518426897283,11.512024879455566,2785800
2005-06-07,11.549941711459917,11.62577878380493,11.45135452994169,11.476633071899414,2205300
2005-06-08,11.527191029764607,11.537302591327085,11.35529448320247,11.370461463928223,2657100
2005-06-09,11.34265782389147,11.441245752636107,11.302210845092041,11.372992515563965,1801200
2005-06-10,11.36540366457125,11.474103109412553,11.292095039404883,11.380571365356445,1670100
2005-06-13,11.421017725707578,11.52213259800568,11.3148459887791,11.489270210266113,1400100
2005-06-14,11.476631909662515,11.562580534733797,11.469048058548845,11.506966590881348,986400
2005-06-15,11.547410846800835,11.560049390298957,11.365402078949973,11.448822975158691,1704300
2005-06-16,11.446296331859752,11.628304404916124,11.446296331859752,11.552467346191406,2381700
2005-06-17,11.691501963807525,11.858343055762216,11.653583435194763,11.787561416625977,3242400
2005-06-20,11.724365691636581,11.762284224584876,11.646000916406335,11.704142570495605,2182800
2005-06-21,11.729419708251953,11.774921360956641,11.691501182174227,11.729419708251953,3317400
2005-06-22,11.817896915778071,11.946819488075375,11.80778535566134,11.893733978271484,3378600
2005-06-23,11.888679251742069,11.916485501254513,11.608083261363323,11.615666389465332,2042100
2005-06-24,11.590388940660349,11.714256121118645,11.418493104995742,11.499384880065918,4140600
2005-06-27,11.539829214814842,11.587858582279143,11.47157600416055,11.491798400878906,1830900
2005-06-28,11.527187801847589,11.719307417736117,11.514548534242802,11.716779708862305,1791000
2005-06-29,11.721831624868463,11.835586438781602,11.696552375534727,11.767333984375,2480400
2005-06-30,11.83054284228689,11.903851509094238,11.66370165505907,11.903851509094238,4112100
2005-07-01,11.931651329250512,11.961986008438766,11.85834342525698,11.913956642150879,3001800
2005-07-05,11.881093773576035,11.967041666183963,11.79008973968988,11.911428451538086,1554600
2005-07-06,11.88109547884703,11.88615089761508,11.646001148471656,11.696558952331543,2367900
2005-07-07,11.633358104639605,11.716778273139273,11.461460904040834,11.714250564575195,2554200
2005-07-08,11.714251054101222,11.956929167284894,11.709194913526137,11.921538352966309,2609700
2005-07-11,12.020129026942971,12.126300048190068,11.96957050234284,12.085854530334473,1655400
2005-07-12,12.058047941481869,12.095966476791867,11.974627742388595,11.984739303588867,2723700
2005-07-13,11.959460725527606,12.017602383059836,11.896263649028697,11.944293022155762,2387400
2005-07-14,12.007490511437938,12.138940811157227,11.934181871249626,12.138940811157227,2480400
2005-07-15,12.138937940527967,12.197078863073784,12.08079701798215,12.133882522583008,3312000
2005-07-18,12.133882522583008,12.214774995588414,12.075740876801433,12.133882522583008,2428800
2005-07-19,12.184445800432862,12.199612060191358,12.083329446446447,12.093441009521484,3458700
2005-07-20,12.103550137957773,12.29314136505127,12.020129940177762,12.29314136505127,4579500
2005-07-21,12.323478620914617,12.333589460237244,12.103551954455428,12.212250709533691,3244200
2005-07-22,12.212250966820397,12.247641798139213,12.111136062339826,12.240057945251465,1527600
2005-07-25,12.293141638706167,12.293141638706167,12.068159581342636,12.078271865844727,1693200
2005-07-26,12.14652388091186,12.14652388091186,12.010018170842574,12.068159103393555,2203800
2005-07-27,12.133882593397761,12.149050293792675,11.919012141532082,11.982209205627441,2887200
2005-07-28,12.045405859841159,12.133882180505443,12.030238159962375,12.042878150939941,1711500
2005-07-29,12.05804727075063,12.138939755853151,12.035296440124512,12.035296440124512,1447800
2005-08-01,12.159161625665565,12.257750235782012,12.138938506471368,12.22488784790039,2322900
2005-08-02,12.260276948436278,12.34622483133835,12.15663293467667,12.18191146850586,1581900
2005-08-03,12.207192313749708,12.207192313749708,12.075742032535205,12.103549003601074,1479000
2005-08-04,12.121244761766775,12.12882861331553,11.92659811682388,11.961987495422363,1280400
2005-08-05,11.992324287623363,12.004964283506409,11.881097820446302,11.908904075622559,1240200
2005-08-08,11.939237968171152,11.939237968171152,11.782509117380288,11.8153715133667,1068300
2005-08-09,11.893733068656609,11.96451398406052,11.855814540309854,11.934179306030273,1707900
2005-08-10,12.05046256509489,12.111131920979162,11.855814505872686,11.898788452148438,1537500
2005-08-11,11.896265045889193,11.941766714875728,11.787564846511163,11.906375885009766,1310400
2005-08-12,11.931653028267256,11.982211557349467,11.843177410463145,11.944293022155762,1103100
2005-08-15,11.987272464326244,11.987272464326244,11.881100668229232,11.903851509094238,801900
2005-08-16,11.941766217989366,11.941766217989366,11.59038853667436,11.595444679260254,1326900
2005-08-17,11.644957122250137,11.865871017340911,11.586554464654638,11.799850463867188,1822200
2005-08-18,11.817624897622267,11.924272530246936,11.736369281724418,11.820164680480957,1784400
2005-08-19,11.845560450184468,11.850639291028447,11.713520032516682,11.743990898132324,1967100
2005-08-22,11.776998431884483,11.926813672391042,11.76938053540523,11.860793113708496,2667600
2005-08-23,11.845559948120666,11.87856986951783,11.713519536049297,11.761764526367188,1631100
2005-08-24,11.69828131793747,11.83540054224023,11.586554838554044,11.606868743896484,2013000
2005-08-25,11.606867050900362,11.639876960646312,11.474825958951659,11.551003456115723,1115700
2005-08-26,11.561162785593961,11.589093860494492,11.454514419623331,11.538309097290039,1078800
2005-08-29,11.538310280727128,11.655115611318891,11.48752551231389,11.611948013305664,1308300
2005-08-30,11.54846728653115,11.551006343342612,11.380877186769768,11.49006462097168,1674600
2005-08-31,11.477365758211969,11.810006091776772,11.4392777360573,11.771917343139648,2133000
2005-09-01,11.746529092108403,11.972521873679192,11.746529092108403,11.78969669342041,2426100
2005-09-02,11.586554182045775,11.82016480672975,11.58147534275666,11.68812370300293,1063500
2005-09-06,11.70590035570035,11.815087789185313,11.660194427463585,11.802391052246094,1298100
2005-09-07,11.792231989998538,11.873488331245973,11.764300190802468,11.797310829162598,1229100
2005-09-08,11.698282849850713,11.708439803852007,11.479907975581568,11.51037883758545,2211300
2005-09-09,11.553544215203367,11.680505752563477,11.525612415450437,11.680505752563477,2117400
2005-09-12,11.642419598385024,11.693205096439197,11.55100700955633,11.66781234741211,1628400
2005-09-13,11.647498521820706,11.667812430594127,11.505301160406766,11.61448860168457,2169900
2005-09-14,11.606873157302154,11.688128809568626,11.551009533127536,11.578941345214844,2265600
2005-09-15,11.675427639780679,11.705898495925007,11.599250862661117,11.680505752563477,1961100
2005-09-16,11.74398793829235,11.789694588437728,11.677967382856261,11.698281288146973,4020000
2005-09-19,11.680509122465761,11.693205861050874,11.302162731138939,11.335172653198242,3795000
2005-09-20,11.350403920589489,11.406267517500766,10.992371559143066,10.992371559143066,4452300
2005-09-21,10.992373435291926,11.02030523851489,10.456593966572383,10.634340286254883,9728700
2005-09-22,10.601328012010141,10.989831934578369,10.390571096078217,10.928890228271484,6549900
2005-09-23,10.933970167463471,11.256453598840316,10.933970167463471,11.172658920288086,4460100
2005-09-26,11.231061934271253,11.312318290557325,11.058394447421586,11.101560592651367,3384600
2005-09-27,11.058394299444453,11.175198902482562,11.048236619372313,11.104100227355957,2921400
2005-09-28,11.045696793054471,11.15742327475528,10.918734518789538,11.010147094726562,3321600
2005-09-29,11.020302721833678,11.020302721833678,10.786692122571761,10.982213973999023,4874100
2005-09-30,10.956822645630844,11.281845845702392,10.918733892886497,11.19043254852295,3486900
2005-10-03,11.253914324273028,11.284385183894463,11.068550109863281,11.068550109863281,2030400
2005-10-04,11.134572052771595,11.253915722925802,10.961903826790676,10.974599838256836,2731500
2005-10-05,10.949203403891335,11.015223948965017,10.918732550737893,10.928890228271484,2988600
2005-10-06,10.944127726507082,11.020305239580235,10.893342959952514,10.923813819885254,3557100
2005-10-07,10.982216928987995,11.14218913175137,10.982216928987995,11.027923583984375,2342700
2005-10-10,11.043157174564632,11.119334680544096,10.93143069854861,10.94666576385498,1780800
2005-10-11,11.032999874206164,11.147266137095288,10.916195281241862,10.944127082824707,2692800
2005-10-12,10.94666322136833,11.030457877297453,10.847632777188984,10.936506271362305,3196500
2005-10-13,10.906037945441197,10.997451243134524,10.837479061895008,10.977136611938477,1832100
2005-10-14,11.00760662326638,11.093940348424285,10.911115220049624,10.992371559143066,1985100
2005-10-17,10.928892555702115,11.198051452636719,10.923813715853722,11.198051452636719,3070200
2005-10-18,11.134574203926954,11.159966231764912,10.852718481325201,10.88064956665039,3070200
2005-10-19,10.791772792121773,10.964440988251765,10.718134340086763,10.944127082824707,3194700
2005-10-20,10.9695173881672,11.172657137194333,10.941585590946694,10.979674339294434,2306400
2005-10-21,11.096481590549962,11.218365751978654,10.921274334435564,11.078706741333008,3133500
2005-10-24,11.14218813762321,11.393572901467664,11.139648354557002,11.383415222167969,2502900
2005-10-25,10.791776016777936,10.903501803528618,10.276309604438259,10.347408294677734,11762400
2005-10-26,10.322009669136493,10.71813069006656,10.309312937706485,10.659728050231934,8312700
2005-10-27,10.639421650250512,10.652116936796503,10.540391150364005,10.575940132141113,5515200
2005-10-28,10.575934196263278,10.723210334777832,10.565777246244425,10.723210334777832,4185600
2005-10-31,10.74860550382756,10.941587610871405,10.73337043756539,10.804469108581543,5185200
2005-11-01,10.766380643610482,10.900960819383108,10.725752830505371,10.725752830505371,3526200
2005-11-02,10.695279602602788,10.794310056740516,10.621641162792331,10.738447189331055,3162000
2005-11-03,10.804474866421323,10.829867625700503,10.621648888466952,10.636884689331055,2027100
2005-11-04,10.639418591674168,10.700360308472318,10.608947733275093,10.669889450073242,1865400
2005-11-07,10.657190730372355,10.819701944915906,10.649572835570016,10.814623832702637,2943900
2005-11-08,10.575937164328835,10.779076221715503,10.575937164328835,10.720673561096191,3311400
2005-11-09,10.715594942616008,10.801929401175585,10.603868466321728,10.664810180664062,3967500
2005-11-10,10.662275919723994,10.756227589970791,10.611491134930741,10.702903747558594,3395400
2005-11-11,10.766379050553988,10.804467801324845,10.682583653561604,10.715594291687012,1815000
2005-11-14,10.776541503888092,10.776541503888092,10.647040847527451,10.702903747558594,1865100
2005-11-15,10.70290033827153,10.911117526357213,10.664811580188616,10.842557907104492,3505500
2005-11-16,10.88976261193231,10.920380470401257,10.810665565070035,10.877004623413086,1515000
2005-11-17,10.848935393411766,11.004576683044434,10.828523492802939,11.004576683044434,1753800
2005-11-18,11.093878470573136,11.160217514159077,11.02754015697436,11.15511417388916,2281200
2005-11-21,11.098978160467208,11.201037632427271,11.027536530095164,11.198486328125,1201800
2005-11-22,11.172975671903046,11.303101725950317,11.150011735315521,11.282689094543457,2550600
2005-11-23,11.226559037445888,11.336273212617343,11.226559037445888,11.26483154296875,1432200
2005-11-25,11.303100999717998,11.303100999717998,11.249519214443618,11.27758502960205,270900
2005-11-28,11.221455076977593,11.257176274824866,11.178079962437863,11.213800430297852,1479600
2005-11-29,11.31585733948225,11.364336513929203,11.234210470373695,11.29799747467041,1501200
2005-11-30,11.298001925485266,11.333723129155445,11.167875830666965,11.185735702514648,2509200
2005-12-01,11.21124568343434,11.341371717098543,11.21124568343434,11.323511123657227,1709700
2005-12-02,11.351579031923123,11.366888322425279,11.216349642440298,11.234210968017578,2579400
2005-12-05,11.09898405966058,11.239316090689925,11.073469543102869,11.193388938903809,2149500
2005-12-06,11.208700451627143,11.259730224831387,11.17553128154125,11.216354370117188,1742400
2005-12-07,11.221450468396403,11.244413669017499,11.098979091767918,11.127045631408691,1514100
2005-12-08,11.152566980540739,11.152566980540739,11.035198870906656,11.09388256072998,2146200
2005-12-09,11.150010111273179,11.18828260335734,11.055604533467307,11.14745807647705,1450500
2005-12-12,11.211246445662747,11.29544607904476,11.201040495857695,11.269930839538574,1316400
2005-12-13,11.252074322139265,11.364340540662283,11.2418690986234,11.28014087677002,2490000
2005-12-14,11.272482556860068,11.323511574460392,11.22145207928556,11.244415283203125,2678700
2005-12-15,11.25717654276317,11.292897011473361,11.18063153411843,11.226558685302734,1384200
2005-12-16,11.226554096381617,11.285237751703015,11.124493883243918,11.208693504333496,2345100
2005-12-19,11.213796471522052,11.25972360539969,11.152560779676554,11.175524711608887,2007600
2005-12-20,11.150010701113045,11.226555689330628,11.114290241935386,11.18317985534668,2093400
2005-12-21,11.195944863313066,11.277591782649106,11.193392826781029,11.22145938873291,1592400
2005-12-22,11.341379008540374,11.471505125863452,11.300555185849802,11.458747863769531,2538900
2005-12-23,11.428126815557972,11.507222402512841,11.417920862726312,11.504671096801758,1656600
2005-12-27,11.555701921886234,11.670518712033765,11.555701921886234,11.614385604858398,2428800
2005-12-28,11.61438210642103,11.907804082835217,11.593970206321531,11.711338996887207,2813400
2005-12-29,11.6985797382998,11.73940426404167,11.637344044667568,11.688374519348145,1149000
2005-12-30,11.673064168737108,11.683270116747105,11.542938149112882,11.588865280151367,1159200
2006-01-03,11.252067150533323,11.558246290471882,11.252067150533323,11.530179023742676,4926600
2006-01-04,11.519973806731198,11.57100354172314,11.425568979492834,11.530179023742676,3042000
2006-01-05,11.685823307420694,11.734301017774273,11.558248579680138,11.71644115447998,3061800
2006-01-06,11.711335879721103,11.792983458387237,11.698577898064318,11.772571563720703,2264400
2006-01-09,11.706239717418796,11.851674373577936,11.657761255369955,11.790438652038574,3152400
2006-01-10,11.76492159974499,11.767472905096252,11.6603100504838,11.74450969696045,3288600
2006-01-11,11.757266218559064,11.882288932800293,11.724097061104954,11.882288932800293,3427500
2006-01-12,11.869537392190338,12.066001844227877,11.759822463017935,11.795543670654297,3504300
2006-01-13,11.8261558431134,11.831259183170962,11.711339086670284,11.739405632019043,1488300
2006-01-17,11.800642376451066,12.313491233242848,11.800642376451066,12.280322074890137,8022000
2006-01-18,12.183362246510383,12.50229720795917,12.160399046083988,12.448716163635254,6340500
2006-01-19,12.438515381371033,12.583950739238379,12.339007900708836,12.499751091003418,4947300
2006-01-20,12.502300032511881,12.53547064837207,12.387483274453217,12.43851375579834,3507900
2006-01-23,12.438513709763267,12.461477645279725,12.369623363188174,12.425756454467773,2832900
2006-01-24,12.451271716973544,12.660494804382324,12.415550524004438,12.660494804382324,5448300
2006-01-25,12.634980069675274,12.637532105128132,12.484442097395974,12.596708297729492,5375700
2006-01-26,12.757451136902148,13.20396091931145,12.708971230041945,13.071284294128418,9974400
2006-01-27,12.885024294060221,13.494830771305168,12.88247371882554,13.40297794342041,7763400
2006-01-30,13.336636218313032,13.392770764886341,13.163135808791875,13.242231369018555,6655800
2006-01-31,13.242230803000766,13.571373204018926,13.242230803000766,13.497380256652832,6241800
2006-02-01,13.482076106749446,13.80866805749085,13.459112165376911,13.77804946899414,6501300
2006-02-02,13.739777438756107,13.747430625763819,13.538208961486816,13.538208961486816,5238300
2006-02-03,13.497383772789068,13.497383772789068,13.321331290094411,13.39787483215332,4072800
2006-02-06,13.357050627566297,13.431043583914542,13.306020146651552,13.413182258605957,4333500
2006-02-07,13.390213451891947,13.476963622457317,13.22946889999074,13.24988079071045,4172400
2006-02-08,13.249883526246878,13.527995412224483,13.196302484542136,13.484621047973633,3015000
2006-02-09,13.484623128947819,13.604542482700449,13.38001160377753,13.395320892333984,2359200
2006-02-10,13.369809712661763,13.62495777223352,13.196307805774405,13.54841423034668,3226800
2006-02-13,13.522895865347806,13.561167625392233,13.44635088528489,13.530549049377441,1437300
2006-02-14,13.556063601902101,13.727013425298443,13.451453540104056,13.545858383178711,3203400
2006-02-15,13.548412915138575,13.653022996218724,13.505037077633814,13.57903003692627,3237000
2006-02-16,13.576476480010063,13.69384379105599,13.456555674412337,13.683638572692871,3652200
2006-02-17,13.67088095744796,13.721909967859212,13.415731525469768,13.443798065185547,3613800
2006-02-21,13.441248804112925,13.586684141746957,13.328984082059328,13.413182258605957,3500700
2006-02-22,13.433594982192801,13.550963781512271,10.461109801040068,11.02243709564209,67457700
2006-02-23,10.782598320448784,10.782598320448784,9.542574120991342,10.72901725769043,66833100
2006-02-24,10.77239101995002,10.971407427312062,10.24423287886003,10.535102844238281,18206100
2006-02-27,10.58867914099557,11.042844846322556,10.575921890617378,10.866791725158691,11065200
2006-02-28,11.269930361880204,12.293077333962518,11.142356359717635,11.62203598022461,38820000
2006-03-01,11.775974056286586,11.819588549371636,11.521982520881748,11.673351287841797,13240200
2006-03-02,11.634862335121696,11.634862335121696,11.506583565232042,11.55789566040039,6032100
2006-03-03,11.527111116347575,11.665651451766221,11.380873157718874,11.398832321166992,5742300
2006-03-06,11.185891055963662,11.288514549426706,10.990907813014042,11.219244003295898,8180400
2006-03-07,11.21154912838798,11.362917909288822,11.0370904059645,11.175631523132324,6236700
2006-03-08,11.185893066905935,11.219246020234193,11.006303572595652,11.175631523132324,5518200
2006-03-09,11.19102508726277,11.442451271674495,11.101229968971722,11.34239387512207,4791900
2006-03-10,11.391139031467148,11.570728520649677,11.329565366487541,11.480934143066406,4512000
2006-03-13,11.46297370577909,11.575858745753079,11.39370315683653,11.51428508758545,3031500
2006-03-14,12.012006644050876,12.012006644050876,11.545072672053951,11.681048393249512,8619000
2006-03-15,11.691310051977936,11.929908545862203,11.691310051977936,11.91195011138916,6450000
2006-03-16,11.809328147413627,12.299352128039244,11.809328147413627,12.22238540649414,5883000
2006-03-17,12.31474452790099,12.425064192591806,12.224949417849581,12.384015083312988,4413900
2006-03-20,12.39940667356744,12.645701285685172,12.32500389162915,12.607216835021973,4729500
2006-03-21,12.748327055661981,12.761154719572843,12.512293929212433,12.55077838897705,6649800
2006-03-22,12.679054787359123,12.815029768127324,12.550776697506535,12.763717651367188,4346100
2006-03-23,12.738062248328859,12.899694020494758,12.627744060638003,12.874038696289062,3795300
2006-03-24,12.815030005783452,13.007447878146664,12.7534563453485,12.940743446350098,6962100
2006-03-27,12.940743983380875,13.03823598345669,12.853514994486055,13.004883766174316,2293800
2006-03-28,12.981790237501599,12.98692100794794,12.589257671740214,12.60465145111084,6238500
2006-03-29,12.604652464462397,13.05875871618258,12.584127912995356,12.97409439086914,5571900
2006-03-30,12.67392645155506,12.884302794224991,12.668794211270534,12.727803230285645,3642000
2006-03-31,12.738060836474984,12.850946599319,12.663659523705823,12.684184074401855,3344400
2006-04-03,12.635442193025613,12.866343069628131,12.59695773490388,12.761154174804688,3315900
2006-04-04,12.756021080682746,12.85607771751883,12.673922875679281,12.840683937072754,1963500
2006-04-05,12.89198844682205,13.405103393541992,12.874030025579493,13.323003768920898,4863300
2006-04-06,13.258871686691329,13.389715868297976,13.115199845637376,13.21782112121582,2972700
2006-04-07,13.166505913171012,13.225513419752692,12.968957383797283,12.994612693786621,3566400
2006-04-10,12.984356680570654,13.153683853775771,12.930478451429735,13.076716423034668,2167500
2006-04-11,13.030534897232943,13.135723754823676,12.812461761182979,12.853510856628418,2050200
2006-04-12,12.79706877448983,13.030535702772477,12.735495127515227,13.02027416229248,2724000
2006-04-13,13.020274220226463,13.020274220226463,12.78937194202064,12.909953117370605,1428300
2006-04-17,12.884301091965199,13.056194417983532,12.776547548740309,13.004883766174316,1787100
2006-04-18,12.974096620504065,13.520564181753778,12.974096620504065,13.48464584350586,3484500
2006-04-19,13.417941927027798,13.574442966577282,13.387155823990518,13.543655395507812,2664300
2006-04-20,13.594961544030289,13.594961544030289,13.002314273945183,13.430765151977539,2595300
2006-04-21,13.512863159179688,13.597527473160644,13.328142220701574,13.512863159179688,2416200
2006-04-24,13.453853124310745,13.679623142779825,13.253738422750754,13.553911209106445,2970300
2006-04-25,13.456422647849967,13.456422647849967,12.986922595861195,13.03823471069336,4010100
2006-04-26,13.081851627334803,13.323014047347312,13.066457844090438,13.130596160888672,1561500
2006-04-27,13.0023099921696,13.325571899578334,12.984351568214528,13.15111255645752,2131200
2006-04-28,13.086982523280577,13.238352786224139,13.045934876354789,13.069024085998535,1748700
2006-05-01,13.161380788930536,13.312749531630509,13.002315156326812,13.251175880432129,2790000
2006-05-02,13.238351382928935,13.366629486566682,13.112637931184105,13.148554801940918,3130200
2006-05-03,13.110069822248523,13.340970667371455,13.033102384530288,13.279397010803223,2148900
2006-05-04,13.240911789039883,13.315313094653169,13.138289045429916,13.21782112121582,2410200
2006-05-05,13.21782105876443,13.399977345331173,13.15881353197932,13.343534469604492,2665500
2006-05-08,13.361496090899552,13.428200515528331,13.323011639743173,13.405111312866211,2016300
2006-05-09,13.340972055331404,13.392284175159196,13.08441586028821,13.19986629486084,3821100
2006-05-10,13.151117734472802,13.161380743653046,13.015142772048113,13.076716423034668,2370900
2006-05-11,13.094673970800583,13.112633868646675,12.909953030300686,12.935609817504883,2013600
2006-05-12,12.879163994289888,12.89199165094139,12.661090895151936,12.766278266906738,2587200
2006-05-15,12.702140111762724,12.853510296152686,12.676484795235885,12.7893705368042,2875800
2006-05-16,12.789370496062654,12.845813366667008,12.607214226027033,12.709836959838867,3450900
2006-05-17,12.622170839663537,12.789777737181126,12.364311180045464,12.43651294708252,2966400
2006-05-18,12.557702287678973,12.660845532976637,12.377201239538717,12.4081449508667,3029400
2006-05-19,12.506133080162376,12.70210453477406,12.37978055894424,12.570596694946289,2282100
2006-05-22,12.763991123909667,12.763991123909667,12.03425234489011,12.261167526245117,3178800
2006-05-23,12.248273820711741,12.299845451809679,12.054880019659773,12.065195083618164,3468900
2006-05-24,12.119346471381917,12.24053926475335,11.907902391291218,12.062617301940918,3213600
2006-05-25,12.121921371011695,12.426194309694274,12.121921371011695,12.402986526489258,1842000
2006-05-26,12.459717628208155,12.598961398260688,12.459717628208155,12.52160358428955,1350000
2006-05-30,12.521604841418267,12.521604841418267,12.222489356994629,12.222489356994629,2320200
2006-05-31,12.274055187894591,12.521598920010458,12.274055187894591,12.47260570526123,2277600
2006-06-01,12.472606440927766,12.557700157165527,12.392670992687771,12.557700157165527,1419000
2006-06-02,12.583490122486428,12.712418834750881,12.537076022147648,12.681476593017578,2130300
2006-06-05,12.660847162176692,12.668583091004148,12.312738480067715,12.333366394042969,1920000
2006-06-06,12.286948180412736,12.325627073853761,11.905318251549657,12.13739013671875,4231800
2006-06-07,12.137396819277377,12.139975216862775,11.835702907356737,11.941425323486328,4499700
2006-06-08,12.119343762346666,12.219908616224444,11.776391900428985,12.170914649963379,4473600
2006-06-09,12.196698323608729,12.196698323608729,11.840853834479978,11.980096817016602,3334500
2006-06-12,12.01620048644419,12.029093946851656,11.706770715962746,11.786706924438477,3464700
2006-06-13,11.797020470161645,11.822805913794246,11.637148063780142,11.693877220153809,3914400
2006-06-14,11.732559744218594,11.843438956631,11.670673775114778,11.799602508544922,2391900
2006-06-15,11.812497445761041,12.227649760262823,11.812497445761041,12.196706771850586,2933100
2006-06-16,12.124499318299337,12.207013910444639,11.90789851391792,11.962048530578613,2987700
2006-06-19,11.992994094572719,12.016201144194458,11.869222179605039,11.90274429321289,2416800
2006-06-20,11.889851484326863,11.931108791579291,11.706771998959496,11.789286613464355,2444100
2006-06-21,11.789283965427575,12.057457140071795,11.771234450862943,11.964628219604492,2424900
2006-06-22,12.005884280620116,12.03166972033501,11.856326221962465,11.956891059875488,2017800
2006-06-23,11.925950606189536,12.129658721425852,11.887271700716562,11.967207908630371,1185000
2006-06-26,11.974943291789108,12.181230545043945,11.972365632518622,12.181230545043945,1953000
2006-06-27,12.054879895491586,12.232801836512133,11.830543118091578,11.884693145751953,1801200
2006-06-28,11.889850434227016,12.083244229327141,11.799599898148454,12.008464813232422,1668000
2006-06-29,12.070349415911759,12.225064277648926,11.998149147101081,12.225064277648926,2361000
2006-06-30,12.227642401735062,12.312735384225466,12.134813492362278,12.24311351776123,3152100
2006-07-03,12.222484818535492,12.299841873809982,12.152862952371438,12.274056434631348,896400
2006-07-05,12.248270420289245,12.26374227419266,12.016197775908221,12.194120407104492,1890000
2006-07-06,12.240536626863435,12.292108990371482,12.129658184763445,12.219908714294434,1261500
2006-07-07,12.155442523058216,12.34110035893939,12.116763622814974,12.20185661315918,2100300
2006-07-10,12.266326223709749,12.410726816066699,12.194125927531275,12.286954879760742,1432200
2006-07-11,12.235380010500029,12.274058914822326,11.974942743286048,12.127079963684082,1794900
2006-07-12,12.093559238127193,12.12708135250621,11.938844340858424,11.974944114685059,2999400
2006-07-13,11.918216284548123,11.933688143918975,11.508221601825712,11.802180290222168,4855200
2006-07-14,11.781549513949615,11.840857809408913,11.552055949582615,11.737713813781738,4036500
2006-07-17,11.732554997960593,11.786705014585984,11.644882874994039,11.773812294006348,2248200
2006-07-18,11.7738162768031,11.7738162768031,11.366399233923987,11.430864334106445,4984500
2006-07-19,11.423129254352137,11.93884563446045,11.420550119147418,11.93884563446045,3942300
2006-07-20,12.170915384492329,12.59380421340617,11.93884342525642,12.06777286529541,7585800
2006-07-21,12.544812025753064,12.593805261308825,12.09871684908356,12.343682289123535,5862600
2006-07-24,12.405569091616899,12.702106184570932,12.343683128099824,12.549969673156738,3358800
2006-07-25,12.531919131062468,12.954807251656927,12.441667115052887,12.887763023376465,3982500
2006-07-26,12.89808044587016,12.944496035124953,12.611858356189318,12.743366241455078,4037700
2006-07-27,12.743361033685236,12.854240214684637,12.549967250591163,12.640217781066895,2953500
2006-07-28,12.655685713715824,12.954801791301662,12.655685713715824,12.921278953552246,2736300
2006-07-31,12.941907952701607,13.073415747055938,12.825872010736502,13.047630310058594,3154800
2006-08-01,12.983165984795733,12.985745118833828,12.678893089294434,12.678893089294434,3492900
2006-08-02,12.635059205651677,13.021846762467085,12.635059205651677,12.931597709655762,3722400
2006-08-03,12.970277838240335,13.264237252179127,12.923863737531242,13.207508087158203,4544400
2006-08-04,13.38285241552092,13.40863786600181,13.215244036439497,13.287445068359375,4024500
2006-08-07,13.230713969940945,13.3209645089574,13.032163374295784,13.07857894897461,2490600
2006-08-08,13.070841396663285,13.310649267479643,13.024425827748564,13.137884140014648,3462600
2006-08-09,13.168826932722482,13.168826932722482,12.694367964682128,12.722732543945312,5052600
2006-08-10,12.696946706793357,12.841347257819589,12.601539384299992,12.789774894714355,2415300
2006-08-11,12.76399040222168,12.965120125010964,12.647954420933358,12.76399040222168,2618100
2006-08-14,12.815562526992434,13.05794807309194,12.815562526992434,12.861976623535156,2013600
2006-08-15,12.9960652747654,13.148203274913257,12.9857516843528,13.091472625732422,2904900
2006-08-16,12.860843174747647,13.506087927981964,12.860843174747647,13.472400665283203,3019500
2006-08-17,13.397249936141163,13.555321598892673,13.384293412627981,13.459442138671875,3264600
2006-08-18,13.423159969813298,13.459439117173373,13.119973235885602,13.13811206817627,3447000
2006-08-21,13.099243164062502,13.205488714244794,13.042233284316938,13.0992431640625,1995300
2006-08-22,13.062963554803854,13.257314332343201,13.062963554803854,13.16402530670166,3419100
2006-08-23,13.202899563116935,13.215856087067039,12.985226105529465,13.031869888305664,2270700
2006-08-24,13.031870718729513,13.052602937705734,12.71054504906552,12.834929466247559,3853500
2006-08-25,12.837525050721409,12.858257278045715,12.687227523468781,12.803837776184082,2751600
2006-08-28,12.780509859226536,13.145888853327712,12.7597791256408,13.039643287658691,2440500
2006-08-29,13.125155619232219,13.358375956945514,13.08887647167407,13.2754545211792,3209700
2006-08-30,13.221038236545116,13.40761633090016,13.107019937527145,13.392067909240723,2419200
2006-08-31,13.392069486690367,13.47499095215677,13.259910852576411,13.38170337677002,2644800
2006-09-01,13.446486001654213,13.446486001654213,13.291004749468863,13.322101593017578,1432800
2006-09-05,13.309141253212172,13.493125915527344,13.257313689750381,13.493125915527344,1702800
2006-09-06,13.474989519838006,13.474989519838006,13.112202401215121,13.151073455810547,3804600
2006-09-07,13.20808063887927,13.630469507757871,13.086286656154876,13.4905366897583,6512100
2006-09-08,13.552734664930966,13.778182408414674,13.493134338385179,13.669344902038574,2934300
2006-09-11,13.604552862257705,13.617509381565569,13.345419510543284,13.511263847351074,5407500
2006-09-12,13.459439935024717,13.798905836939841,13.44907382824392,13.734123229980469,5616900
2006-09-13,13.669342710512593,13.962164947106727,13.669342710512593,13.850738525390625,4363800
2006-09-14,13.863686939567536,14.343087075720735,13.842957693812904,14.247207641601562,7813200
2006-09-15,14.122829047442108,14.254986198470347,14.00362545614126,14.200568199157715,6220500
2006-09-18,14.161695004488235,14.226477614363668,14.047675238661244,14.1435546875,3843300
2006-09-19,14.148738494352765,14.317176245727627,14.083954401644226,14.286079406738281,3586200
2006-09-20,14.252387298092117,14.381955452853067,14.15132556084598,14.161691665649414,3974400
2006-09-21,14.138371545490966,14.29644318020032,14.024353269134549,14.045083999633789,3655200
2006-09-22,13.993261461579614,13.993261461579614,13.801501023453284,13.863693237304688,4226700
2006-09-25,13.915514361096728,14.267936742586961,13.881827112919257,14.239433288574219,2589600
2006-09-26,14.226477872551675,14.511527292292353,14.148738739290314,14.38973331451416,4410000
2006-09-27,14.394912066440488,14.86394606144717,14.387137858481422,14.729195594787598,4584300
2006-09-28,14.667016756565731,14.755122055620813,14.454525499789488,14.646286010742188,4610400
2006-09-29,14.38714379841923,14.50375548317148,14.265351283260026,14.45451831817627,6345300
2006-10-02,14.45451831817627,14.558173478573641,14.293856229952429,14.45451831817627,3597300
2006-10-03,14.454515077884363,14.508934543866392,14.363819427731595,14.485611915588379,2326800
2006-10-04,14.485612441750767,14.977967688643835,14.420828349366797,14.941688537597656,6010200
2006-10-05,14.70586871015735,14.99350687840995,14.633310452730152,14.952045440673828,6118500
2006-10-06,14.856181672475797,15.045348754319093,14.76030218224134,14.993522644042969,2777700
2006-10-09,14.89504448078253,15.060890330685199,14.858765330421607,14.98574161529541,1987500
2006-10-10,15.00388109422645,15.353713125643829,14.967601942305588,15.283746719360352,3522600
2006-10-11,15.180096508445716,15.369265038156154,15.123086611439934,15.332985877990723,2936700
2006-10-12,15.288936451997566,15.351128672537822,15.107540621947447,15.203421592712402,5797800
2006-10-13,15.079027372819164,15.439223935206595,15.063478957072439,15.364073753356934,2832900
2006-10-16,15.366677216493835,15.620628439461727,15.252658875014648,15.532523155212402,2822700
2006-10-17,15.514380291156183,15.545477137996993,15.23451460070596,15.345942497253418,3316200
2006-10-18,15.410723349771537,15.548064267811023,15.255242113981843,15.377036094665527,3385800
2006-10-19,14.952063913284515,15.161961774406874,14.721433824902375,14.825087547302246,6984900
2006-10-20,14.850985962784744,15.221548581693225,14.617765688056382,15.174904823303223,5819100
2006-10-23,15.110132724704505,15.268204435366334,15.076445456804068,15.169733047485352,2423400
2006-10-24,14.952062309696746,15.146413203700119,14.91578314005273,15.097177505493164,2649900
2006-10-25,15.058298460936859,15.231917020845485,14.957235229181354,15.115306854248047,2234100
2006-10-26,15.159365970899227,15.288934189939253,15.115312598492103,15.252655029296875,2535600
2006-10-27,15.156767752246852,15.268194109430464,15.003876976626277,15.019425392150879,2489700
2006-10-30,14.96501316216288,15.320027544696247,14.957238951417876,15.263017654418945,2132400
2006-10-31,15.22932774298406,15.42108663202054,15.22932774298406,15.348529815673828,2486400
2006-11-01,15.413319325518126,15.462553531006566,15.071261405944824,15.071261405944824,2519400
2006-11-02,15.107529371775858,15.231913720230684,14.95464157423123,15.151582717895508,3126600
2006-11-03,15.18527834435627,15.24747055292127,14.926144883391718,14.965014457702637,2457600
2006-11-06,15.029799561454022,15.371857506390292,14.993521879223072,15.3407621383667,2548800
2006-11-07,15.41849656153358,15.63357958700512,15.405541521386153,15.584343910217285,3894000
2006-11-08,15.555839913578362,15.84607019657841,15.522152655363243,15.750190734863281,3840300
2006-11-09,15.884927609498718,15.887519505369557,15.555828007244118,15.630976676940918,3999300
2006-11-10,15.677631961100822,15.773511410924602,15.545473359706747,15.75537109375,2255400
2006-11-13,15.729454157368608,15.794238234658042,15.545469513067713,15.654305458068848,3765300
2006-11-14,15.706148264920296,15.988606015883486,15.610268736684036,15.869403839111328,3348300
2006-11-15,15.871997394216232,16.233672130125075,15.822561372089215,16.184234619140625,3444300
2006-11-16,16.18423062790543,16.36896950119791,16.0098988654866,16.306522369384766,2768100
2006-11-17,16.244064331054688,16.275288620425318,16.067130165285263,16.244064331054688,3190500
2006-11-20,16.179024577447095,16.236266656138852,16.05413033308117,16.077547073364258,2515200
2006-11-21,16.074941795910142,16.290906398067605,16.01509720573187,16.27269172668457,1937100
2006-11-22,16.210244018535967,16.353352907606865,16.15560298411127,16.236263275146484,1829400
2006-11-24,16.13218964814572,16.29871381885761,16.106168897195477,16.257083892822266,684300
2006-11-27,16.257085326382374,16.257085326382374,15.926635011000837,15.999490737915039,2644200
2006-11-28,15.89020367125511,15.955253306850715,15.744493738160534,15.87979507446289,3535500
2006-11-29,15.905812093207622,16.205037964629103,15.871985278205427,16.152997970581055,1968000
2006-11-30,16.13999810435491,16.34815522870991,16.13999810435491,16.275300979614258,1966800
2006-12-01,16.16862246012292,16.32994462930521,16.03332105225595,16.184234619140625,2504700
2006-12-04,16.223265576702833,16.316937053781636,16.12959558848165,16.25448989868164,2171100
2006-12-05,16.293509430131703,16.452230494032815,16.223256234990362,16.32473373413086,2763300
2006-12-06,16.34034706310746,16.449630656076735,16.246677113541796,16.39759063720703,1969800
2006-12-07,16.314329413681314,16.39238870528745,16.197241220700693,16.210250854492188,1418700
2006-12-08,16.14520367207516,16.31693443771,16.1087772874169,16.246681213378906,2232000
2006-12-11,16.246679235587415,16.426214569752286,16.199842765830077,16.340349197387695,1512900
2006-12-12,16.31432992898286,16.39238922305456,16.236270634911165,16.340349197387695,3335100
2006-12-13,16.34034195058362,16.57191720771368,16.34034195058362,16.51467514038086,2439600
2006-12-14,16.514674974054902,16.839920148167746,16.504266378099604,16.811298370361328,1836600
2006-12-15,16.85033386547974,16.85033386547974,16.506875374780535,16.517282485961914,2373900
2006-12-18,16.57452652418193,16.73064361823657,16.36897043964332,16.436622619628906,1769400
2006-12-19,16.39238988738893,16.478255263233386,16.254485972625844,16.394990921020508,2040300
2006-12-20,16.431418901227538,16.532896434967665,16.38978896312918,16.400196075439453,1707300
2006-12-21,16.418403437353774,16.447025219331277,16.07494354248047,16.07494354248047,3192300
2006-12-22,16.1321901239199,16.32993860606139,15.983877645671125,16.288307189941406,1471500
2006-12-26,16.223265344025062,16.353364698594017,16.13219788022743,16.27790641784668,2027700
2006-12-27,16.342946670785405,16.78267901971941,16.342946670785405,16.74885368347168,3613800
2006-12-28,16.717636307756162,16.847732651914246,16.655187680388725,16.70722770690918,1705800
2006-12-29,16.756658906914527,16.759259939504812,16.52508363040621,16.543296813964844,973500
2007-01-03,16.418405701189855,16.699418516547624,16.348152497350412,16.488658905029297,2683800
2007-01-04,16.499072694062942,16.54330515897676,16.31173125451127,16.4054012298584,2011500
2007-01-05,16.340342637183728,16.345547679860772,16.05152530058512,16.12177848815918,3147000
2007-01-08,16.13999633539779,16.142598857488437,15.944848866596153,16.05413246154785,3131400
2007-01-09,16.132193051743208,16.34034868126431,16.11658089565055,16.210250854492188,2774100
2007-01-10,16.132194322734104,16.44443002490128,16.11918319906036,16.400196075439453,2033100
2007-01-11,16.465240008416156,16.678602133249004,16.45223186580758,16.626562118530273,2264100
2007-01-12,16.392386685523842,16.652582307008466,16.392386685523842,16.610952377319336,2351400
2007-01-16,16.61094859182508,16.6525785120271,16.473043246568743,16.48345184326172,2087100
2007-01-17,16.45743870569551,16.691616606574176,16.45483767196205,16.629169464111328,2362200
2007-01-18,16.592735399330344,16.6786007464913,16.548502953796902,16.56411361694336,1854900
2007-01-19,16.564112275448796,16.813902220700054,16.512073758128235,16.728036880493164,2656200
2007-01-22,16.720230498471935,16.75665835324222,16.600539826430502,16.733240127563477,2187000
2007-01-23,16.70462686504274,17.08191225648666,16.683811150111847,17.009057998657227,2266200
2007-01-24,16.889355294812553,17.04286978087022,16.772267167422772,17.019453048706055,1921500
2007-01-25,17.30307129690359,17.878104928905895,17.23802017527903,17.615306854248047,4230300
2007-01-26,17.519034300021886,17.53464645133189,17.24582760752358,17.35771369934082,3624300
2007-01-29,17.391531696559884,17.563260821941796,17.34469526239167,17.4461727142334,2735100
2007-01-30,16.871141559161842,17.620508295818496,16.871141559161842,17.591886520385742,3141300
2007-01-31,17.563278914550228,18.023827236307042,17.440985640051203,17.97959327697754,3928500
2007-02-01,17.956171765234355,18.120096446118886,17.911939302818947,18.06285285949707,2715000
2007-02-02,18.031624444285864,18.031624444285864,17.7662237966139,17.794845581054688,3217200
2007-02-05,17.820870106222625,17.898929406034284,17.708985457225953,17.875511169433594,1725000
2007-02-06,17.950965069826655,17.9795853669017,17.810458662108495,17.93795394897461,1707300
2007-02-07,17.953566686054312,18.174733414868477,17.893720590304692,18.166927337646484,1754400
2007-02-08,18.200760109352405,18.325654407956243,17.99000042213687,18.289226531982422,3212700
2007-02-09,18.213758090947998,18.25799202200209,18.109681055727364,18.153913497924805,2602800
2007-02-12,18.15391092080653,18.156513441860252,17.927540721395054,18.005599975585938,2583600
2007-02-13,17.95356520385338,18.083664495003276,17.90412771143352,17.940555572509766,2628900
2007-02-14,17.953557169133706,18.075850328976443,17.84427512366862,17.92753791809082,2503800
2007-02-15,17.95357018287734,18.0394355601863,17.932754469183404,18.013416290283203,2263800
2007-02-16,17.943156908410323,18.00300150640704,17.78183481046933,17.867698669433594,2262600
2007-02-20,17.84168492536319,18.502584184752866,17.787043864892855,18.460952758789062,2993700
2007-02-21,18.304840355360977,18.388103228665138,18.182547079659475,18.213769912719727,3568200
2007-02-22,18.213765391291616,18.247592227924592,17.872909391068003,17.948366165161133,3774300
2007-02-23,17.979589105790005,18.29702985013914,17.85469482603675,18.211164474487305,3574800
2007-02-26,18.23977806158735,18.273603394364414,17.016853594705555,17.633520126342773,11758500
2007-02-27,17.407153077941597,17.560670610497787,16.821710689819927,17.212005615234375,5640900
2007-02-28,17.2237751152907,17.500904120882158,16.962334463653313,17.398941040039062,4575900
2007-03-01,17.615930971063484,17.615930971063484,16.706114494152633,17.121807098388672,4459200
2007-03-02,17.12180696175601,17.260370663402096,16.928339278268147,16.959712982177734,3403200
2007-03-05,17.189787180378975,17.189787180378975,16.609385478723528,16.664289474487305,3561600
2007-03-06,16.810692502812206,17.04599081689895,16.742718132422574,16.928340911865234,2798400
2007-03-07,16.865604082177054,17.07737223017438,16.821159968041137,16.941423416137695,1959300
2007-03-08,17.11134544419032,17.317883453979416,17.06951335159618,17.174091339111328,2357700
2007-03-09,17.45122830179188,17.45122830179188,17.137498653989567,17.36756706237793,2126700
2007-03-12,17.412001605552803,17.913968723442032,17.38847133590924,17.788476943969727,5417700
2007-03-13,17.696982583571753,17.699597558151048,17.39370985955124,17.417240142822266,4316100
2007-03-14,17.385859703636157,17.506121549739746,16.784542993217347,17.16101837158203,4674300
2007-03-15,17.129651475632567,17.354491381328994,16.970172459911804,17.17148208618164,2915100
2007-03-16,17.202850066723826,17.330956841027614,17.069514841381995,17.1793212890625,2494500
2007-03-19,17.333576602697907,17.456453463926422,17.255143831540224,17.425081253051758,2295600
2007-03-20,17.372795054809007,17.618550313060904,17.320506033572446,17.568876266479492,2129700
2007-03-21,17.52966164427326,17.79894570619334,17.44077194856909,17.7806453704834,2380500
2007-03-22,17.762344359816794,17.882606268736858,17.61070724234118,17.75711441040039,2121300
2007-03-23,17.783255981108958,17.908747823973876,17.725740008448117,17.832931518554688,1982700
2007-03-26,17.80155016251893,17.80155016251893,17.44076164326784,17.72834587097168,2525100
2007-03-27,17.63945764411242,17.63945764411242,17.28651252032958,17.34402847290039,3562500
2007-03-28,17.29436251849935,17.34142308708017,17.022463493727624,17.140111923217773,3296400
2007-03-29,17.31266310761126,17.31789156064046,17.032920674807634,17.166255950927734,2323500
2007-03-30,17.142727134574294,17.28129087557521,17.072137776709493,17.26560401916504,3423300
2007-04-02,17.299594467763583,17.33358166279144,17.129656996643174,17.302207946777344,2985300
2007-04-03,17.359717381412647,17.55318355387785,17.281284623717415,17.508739471435547,3823500
2007-04-04,17.43030793144926,17.43030793144926,17.17932428607474,17.19239616394043,2907600
2007-04-05,17.19239725362002,17.291745326872725,17.077362327542016,17.208084106445312,2895600
2007-04-09,17.26298984146432,17.39893860223219,17.215930770120128,17.349266052246094,2010000
2007-04-10,17.12441617762264,17.150561423033455,16.89173441412162,16.967552185058594,5096400
2007-04-11,17.025078905301154,17.106125171079604,16.87344178484005,17.03553581237793,4521000
2007-04-12,16.98585592850201,17.124418115359664,16.842062298401952,17.064287185668945,2607900
2007-04-13,17.064288679711737,17.111349233308633,16.876050953265562,16.9727840423584,2099400
2007-04-16,17.108736039051607,17.195010737659032,16.87605270866545,17.111351013183594,1737300
2007-04-17,17.111352396583538,17.1740983169984,16.86298219328675,16.957101821899414,3667800
2007-04-18,16.83684085273182,17.064294285921243,16.81069559348377,17.00939178466797,2980500
2007-04-19,17.325733203531055,17.325733203531055,16.266894531170543,17.12965202331543,5036700
2007-04-20,17.229001194907408,17.262988382226442,17.03814845505968,17.145339965820312,3845100
2007-04-23,17.124423445816312,17.239458385704207,17.03030530952695,17.069520950317383,2505600
2007-04-24,17.127033343763248,17.132261795122755,16.823762221186993,16.899580001831055,4942500
2007-04-25,17.129647080161035,17.304812903885267,16.881276958769845,16.92310905456543,3465300
2007-04-26,16.787169500157237,17.043381712468346,16.653834191714417,16.996322631835938,5667900
2007-04-27,16.925727278440196,17.184554374376326,16.79500699135529,17.163639068603516,3517500
2007-04-30,17.13226540554067,17.239456908891793,16.632913039937122,16.672128677368164,3553200
2007-05-01,16.666901739942173,16.666901739942173,16.447290260815723,16.583240509033203,5614800
2007-05-02,16.533561337889527,16.876049582689497,16.533561337889527,16.836833953857422,2788800
2007-05-03,16.970171245416324,17.179324283193342,16.766246659588596,16.8969669342041,7105800
2007-05-04,16.9623237343685,16.978010582418953,16.58061841036832,16.967552185058594,5253900
2007-05-07,16.96756101982072,17.08259597078086,16.862984471666483,17.04599380493164,2062500
2007-05-08,16.96755531724993,16.993700567487128,16.797619418600586,16.946640014648438,1981800
2007-05-09,16.970169910165733,17.26036916625513,16.94141118273663,17.252527236938477,3208800
2007-05-10,17.187166620652338,17.307429983753035,17.01200077560969,17.176708221435547,5160000
2007-05-11,17.286518351508267,17.42508207268213,17.213314029389572,17.412010192871094,4579500
2007-05-14,17.3701718689563,17.56102302466088,17.325726300542314,17.54010772705078,4489500
2007-05-15,17.55058123557512,17.900913146188586,17.43293277221596,17.576725006103516,6552300
2007-05-16,17.680471284943913,17.71199268045561,17.512361183609176,17.656831741333008,3483000
2007-05-17,17.625313926271893,17.727756979472577,17.53600428952808,17.66208839416504,2343000
2007-05-18,17.69623083919847,17.832819536195377,17.62530920690286,17.738258361816406,2892300
2007-05-21,17.664714666826665,17.761903145459087,17.588538450903116,17.70411491394043,4119900
2007-05-22,17.70148563015551,17.866968452969253,17.667338452575986,17.73300552368164,3846300
2007-05-23,17.788169976868264,17.94577246834641,17.690981498235843,17.70411491394043,3044400
2007-05-24,17.70411052126275,17.98779703976849,17.457198459419363,17.51761245727539,4273500
2007-05-25,17.554388408699523,17.664711788080666,17.49922747052037,17.57277488708496,2250600
2007-05-29,17.62531179615916,17.806555326196843,17.59904346339691,17.667339324951172,2361900
2007-05-30,17.509734958106513,17.767154693603516,17.449320950420887,17.767154693603516,3476700
2007-05-31,17.677845069603517,17.859090098706307,17.667338939146433,17.767154693603516,3590700
2007-06-01,17.796050203962462,17.82231854043184,17.627941568092993,17.68047523498535,2986800
2007-06-04,17.677837574128024,17.993043899536133,17.662078385124357,17.993043899536133,2318100
2007-06-05,17.964158423646868,17.964158423646868,17.651577754301464,17.73300552368164,2355300
2007-06-06,17.701486526145025,17.735633705452962,17.386280059814453,17.386280059814453,2482500
2007-06-07,17.388909713603685,17.4466964463717,17.005407333374023,17.005407333374023,3734100
2007-06-08,17.005404629509936,17.352132486104164,16.97125745097814,17.323238372802734,2799900
2007-06-11,17.323239971681154,17.37052056916418,17.141994925787213,17.29434585571289,2090700
2007-06-12,17.228670189456043,17.31797978500688,17.023785680578346,17.026412963867188,2273400
2007-06-13,17.08158099224181,17.33374768704896,17.029047328798352,17.328493118286133,2504400
2007-06-14,17.32586990443592,17.491352772433324,17.23393447676292,17.375776290893555,2101800
2007-06-15,17.472965046672687,18.21107576387769,17.438817859258354,17.775039672851562,8735100
2007-06-18,17.922132921287385,18.061348931383723,17.612179500985228,17.70411491394043,2423100
2007-06-19,17.790796981802735,17.790796981802735,17.491349697558025,17.71987533569336,2718600
2007-06-20,17.767156959616084,17.966786990967993,17.690982243506596,17.78554344177246,3550800
2007-06-21,17.31010439235648,17.82756812469405,17.31010439235648,17.6988582611084,2509200
2007-06-22,17.67521825034817,17.87484824451413,17.43618651172501,17.48346710205078,3895500
2007-06-25,17.467704957608074,17.625307399754742,17.286459969756613,17.362634658813477,2370000
2007-06-26,17.583280339260785,17.717243245235874,17.32323487507651,17.352128982543945,3540600
2007-06-27,17.325870434622246,17.457206119735517,17.168266410067623,17.399417877197266,2901900
2007-06-28,17.5675253162764,18.01144169694517,17.338999666342247,17.436189651489258,2284200
2007-06-29,17.352135117611795,17.793424227367318,17.352135117611795,17.45983123779297,3409500
2007-07-02,17.606922149658203,17.730378943211573,17.507107905473518,17.606922149658203,2446500
2007-07-03,17.709360715049087,17.859084298104737,17.662080137302947,17.72249412536621,729300
2007-07-05,17.66208766036505,17.751395790375245,17.578032596114728,17.6883544921875,1414200
2007-07-06,17.656831382114323,17.99305007492075,17.633190335961515,17.9825439453125,1691400
2007-07-09,17.98780178584661,18.01406861766906,17.675221076276276,17.6883544921875,2437200
2007-07-10,17.55964912321083,17.588543246848847,17.205040790401984,17.212921142578125,3005100
2007-07-11,17.21554482542853,17.470337314724283,17.141995889189747,17.370521545410156,2402700
2007-07-12,17.528129491164986,17.60167694091797,17.370525451228776,17.60167694091797,2937900
2007-07-13,17.630558844592528,17.793415838837927,17.572770636469567,17.756641387939453,2004900
2007-07-16,17.66996202485774,17.7119910493438,17.52286720275879,17.52286720275879,1681800
2007-07-17,17.496605876076472,18.108632465930395,17.493980094323476,17.780292510986328,3501900
2007-07-18,17.599049655810408,17.756653695746618,17.236562468190055,17.60167694091797,5371200
2007-07-19,17.85646274286486,19.42724346963506,17.85646274286486,19.17245101928711,9257100
2007-07-20,19.37996634675345,19.37996634675345,18.704899949146434,18.849369049072266,5580900
2007-07-23,19.033234320584583,19.26175843043212,18.757428116542748,18.799455642700195,3012900
2007-07-24,18.594572349553424,19.172451625280267,18.594572349553424,18.741668701171875,4980600
2007-07-25,18.859869230058703,18.99645943855556,18.610331362661203,18.854616165161133,5506800
2007-07-26,18.59720703214432,18.649742215847816,17.759281899296987,18.234718322753906,9423000
2007-07-27,18.16378306782516,18.542032199759394,17.932631739045753,18.13226318359375,5823000
2007-07-30,18.04558343135307,18.636595998993602,17.864339938002082,18.58931541442871,4080000
2007-07-31,18.647108361132275,19.09365050168672,18.276739429518038,18.305633544921875,4045800
2007-08-01,18.218958343988827,18.502643514223358,17.916885183881035,18.468496322631836,4251900
2007-08-02,18.599824216097705,18.718026446008935,18.28461776866013,18.389686584472656,5353200
2007-08-03,18.460607665638562,18.518395888346365,18.08761300501029,18.140148162841797,3628200
2007-08-06,18.20319450287987,18.268861589617153,17.86172114277619,18.25572967529297,3441000
2007-08-07,18.111259871637067,18.35029168508542,17.80918675034596,18.011444091796875,4282800
2007-08-08,18.1060009866116,18.32927202559408,17.853835836275223,18.140148162841797,3760800
2007-08-09,18.465867287191312,18.56043000365527,17.344257126129595,17.349510192871094,6392100
2007-08-10,17.23655077357694,18.32401310164272,16.7584874139555,18.161157608032227,6202500
2007-08-13,18.019324411409286,18.476374268219864,18.019324411409286,18.174301147460938,3913500
2007-08-14,18.190057561912944,18.20056519643766,17.178769508262437,17.210290908813477,5196900
2007-08-15,17.07108020618837,17.454581179688894,17.036933013653073,17.147254943847656,4551300
2007-08-16,17.086823400616286,17.086823400616286,16.390742272987314,16.881938934326172,6857100
2007-08-17,17.338999243369543,18.13227078767644,17.173516399955968,17.491350173950195,5014500
2007-08-20,17.49134828891922,17.93263732682109,17.430934281887684,17.817062377929688,3587100
2007-08-21,17.664711361816405,18.1454005993659,17.664711361816405,18.082359313964844,4505100
2007-08-22,18.2736750920854,18.47158494152988,18.086321179511238,18.358118057250977,3067200
2007-08-23,18.347557792669186,18.47158058456466,18.189230856418202,18.297420501708984,2211900
2007-08-24,18.276313272228943,18.542831409337058,18.207704971770507,18.540193557739258,1669800
2007-08-27,18.52435656167272,18.722266357224637,18.30797576904297,18.30797576904297,1911600
2007-08-28,18.5111665728377,18.5111665728377,17.78285831545025,17.788135528564453,3672900
2007-08-29,17.880488798975126,18.086315155029297,17.767020442559772,18.086315155029297,3247500
2007-08-30,17.935906767818967,18.13909378526814,17.898963261937666,18.049373626708984,2601600
2007-08-31,18.139094356912118,18.421445607310233,18.110067423514323,18.21034049987793,2467500
2007-09-04,18.22881605157146,18.373949232857605,18.123264235200004,18.160207748413086,2264400
2007-09-05,18.10214430782936,18.244639562127876,17.840903511592572,18.197141647338867,4581000
2007-09-06,18.263112349025953,18.294778635285315,18.02298188130843,18.139089584350586,2604300
2007-09-07,17.846185537331518,17.93062696859854,17.48467009349513,17.555917739868164,3258600
2007-09-10,17.600783108227965,17.67467013776711,17.27093385691162,17.45301055908203,3244500
2007-09-11,17.503137611866826,17.8118763182043,17.450360977400425,17.63771629333496,2605500
2007-09-12,17.4978631034584,17.732716389993275,17.431894181910053,17.508419036865234,3561300
2007-09-13,17.722163128712822,18.049372926873342,17.627165761548845,17.827714920043945,2238600
2007-09-14,17.825076661808414,17.825076661808414,17.529531627796977,17.68522071838379,2167800
2007-09-17,17.62716274818753,17.68521660097833,17.194399722744745,17.471473693847656,2535300
2007-09-18,17.54800059596069,18.226169816696316,17.41869759351001,18.207698822021484,3116100
2007-09-19,18.339643649828446,18.524358166404056,18.028263954057564,18.13117790222168,2769000
2007-09-20,18.104794057160426,18.104794057160426,17.65619768472554,17.74327850341797,2106600
2007-09-21,17.81187951266968,17.88048779084221,17.381755828857422,17.381755828857422,4380300
2007-09-24,17.347454359618112,17.347454359618112,16.964828539504346,17.062463760375977,3987300
2007-09-25,16.880388746646553,17.117879929168545,16.561093971970813,17.078298568725586,5126400
2007-09-26,17.117876036948946,17.656190872192383,17.033434612591684,17.656190872192383,5092500
2007-09-27,17.767020525387018,17.9042386000401,17.616608666428576,17.780214309692383,2946600
2007-09-28,17.695771436457456,17.74591022861245,17.26828712214795,17.339534759521484,3065400
2007-10-01,17.339534354721746,17.566471044771845,17.23925979261612,17.471473693847656,2183400
2007-10-02,17.31050686284065,17.342173148758153,16.94107491343841,17.004405975341797,5232900
2007-10-03,16.959556244205775,17.173299274635745,16.888308567395786,17.012332916259766,3407700
2007-10-04,17.02552168440738,17.60869671738603,17.02552168440738,17.328983306884766,3364500
2007-10-05,17.371200851243977,17.553277489445698,17.233984287354144,17.45036506652832,2159100
2007-10-08,17.550642916746096,17.577030490125725,17.350095245155973,17.521615982055664,2003400
2007-10-09,17.600773503632485,17.600773503632485,17.284116704041537,17.455638885498047,1680300
2007-10-10,17.49785945411311,17.511054745602603,17.278840868332814,17.394947052001953,2169300
2007-10-11,17.468833093638256,17.838263487029,17.099401190316083,17.154815673828125,3093000
2007-10-12,17.204956528845443,17.29731452390376,16.999130182999238,17.170652389526367,1983000
2007-10-15,17.363286307289055,17.365925668415223,16.56636986950105,16.640256881713867,3882600
2007-10-16,16.62442449234605,16.806501160116625,16.550538986698488,16.685117721557617,2827500
2007-10-17,16.756363556459092,16.875109130810145,16.34207146181248,16.516231536865234,3270300
2007-10-18,16.492489592167914,16.745815516108713,16.360551680621075,16.534711837768555,3222600
2007-10-19,16.455544086826905,17.120521287367062,16.360548206711048,16.71414566040039,6483300
2007-10-22,16.547906374620958,17.27621485268055,16.46346489947971,17.2603816986084,5700600
2007-10-23,17.790780611609005,17.95174698785063,17.017613529201714,17.495235443115234,8335800
2007-10-24,17.56911263704555,17.835632242545582,16.999132939908307,17.64299964904785,6647400
2007-10-25,17.679938170736875,17.745910106282707,17.094125441872936,17.146902084350586,6737700
2007-10-26,17.202323850763484,17.292042519984328,16.856641452662693,16.91205596923828,4731300
2007-10-29,17.043998205039273,17.27885158829856,16.80914482177998,16.885669708251953,4856700
2007-10-30,16.81705571774103,16.9727448000235,16.737891496084668,16.75108528137207,3864300
2007-10-31,16.756373690358597,16.919977930448216,16.656099052286834,16.867202758789062,5062800
2007-11-01,16.68512227359541,16.86719899104018,16.40804815447849,16.539987564086914,4418400
2007-11-02,16.682481077732664,16.698312717993932,16.149443264030033,16.175830841064453,5743800
2007-11-05,16.405405628378162,16.809141865233784,15.444883408642767,15.872367858886719,8584200
2007-11-06,15.885564176747085,15.898756455085278,15.574184431848336,15.83278751373291,7100400
2007-11-07,15.827510934398763,16.009587635716215,15.716680390609246,15.721959114074707,8208600
2007-11-08,15.640153498189516,16.521512971962203,15.640153498189516,16.429153442382812,7540800
2007-11-09,16.37110553010515,16.61387550656963,16.028062442427792,16.318328857421875,5523000
2007-11-12,16.41331688539537,16.503035516764186,15.96472221861959,16.028053283691406,3770100
2007-11-13,15.991111348491804,16.6508096300108,15.991111348491804,16.621784210205078,4758300
2007-11-14,16.872403832106592,16.872403832106592,16.5488517229996,16.684106826782227,3462000
2007-11-15,16.726543480193964,16.803454482250906,16.357907265765324,16.434818267822266,2485500
2007-11-16,16.543546494190192,16.59658839094216,16.137781219483642,16.339338302612305,4256400
2007-11-19,16.11125826150869,16.209384160242482,15.72670950807491,15.856660842895508,5330400
2007-11-20,15.869920845539575,16.169603791071594,15.660407439208937,15.949482917785645,4469400
2007-11-21,15.724059390647199,16.071480547422652,15.655106291487755,15.91235637664795,3650700
2007-11-23,16.137792359730465,16.204094397059926,15.822197939888941,16.07679557800293,1569300
2007-11-26,15.999881827935091,16.148397077509852,15.72671890258789,15.72671890258789,4285200
2007-11-27,15.71080430957045,15.957445463386566,15.549027476859237,15.750584602355957,4107300
2007-11-28,15.771800063789806,16.546201550997555,15.769147437430302,16.487855911254883,5651400
2007-11-29,16.49580914001431,16.6178041315292,16.283644597171236,16.349945068359375,2929200
2007-11-30,16.575380517254324,16.750417517413645,16.511731112884075,16.662899017333984,3646800
2007-12-03,16.73449891000686,16.73449891000686,16.41625199991969,16.45868492126465,2086800
2007-12-04,16.29425384743933,16.413596226149387,15.790362623703011,15.851359367370605,4716600
2007-12-05,15.933583406590444,16.19613740035955,15.899106834128862,16.172269821166992,3178500
2007-12-06,16.23856955297635,16.700028111145617,16.023752245504063,16.660247802734375,2921400
2007-12-07,16.559461935248514,16.668196855063936,16.39238137467746,16.503768920898438,2778900
2007-12-10,16.387078786453973,16.93340301513672,16.387078786453973,16.93340301513672,2294400
2007-12-11,16.81936632827892,17.132309531893686,15.901754697615697,15.941534996032715,4490100
2007-12-12,16.36055669352185,16.554157439167724,15.994571659937018,16.166955947875977,2719200
2007-12-13,16.124525565438326,16.177565959277263,15.80362602314137,16.127178192138672,3086700
2007-12-14,15.909702730533413,16.0847380764499,15.846053375880118,15.856660842895508,3482400
2007-12-17,15.82749837869264,15.94684080699118,15.599420996045014,15.69754695892334,6657900
2007-12-18,15.724062661897836,15.87257939486277,15.525158165809435,15.663065910339355,6301200
2007-12-19,15.716111514135045,15.774458693604329,15.050446209036343,15.636550903320312,5426100
2007-12-20,15.655104505216304,15.816879765948759,15.366030529397287,15.60206413269043,3098400
2007-12-21,15.700194612800457,15.77975519478277,15.434988120296932,15.564939498901367,3937800
2007-12-24,15.620635985880874,15.806280420151397,15.554333968635353,15.671025276184082,835200
2007-12-26,15.694894261516422,15.745283551482263,15.448253065646583,15.567595481872559,1480200
2007-12-27,15.41111955292061,15.570242224083044,15.328904832343373,15.363381385803223,1637700
2007-12-28,15.461513042069715,15.671026584241762,15.267913745689505,15.289130210876465,2239500
2007-12-31,15.262596292942115,15.485369758118836,15.262596292942115,15.392547607421875,1183500
2008-01-02,15.273210388435395,15.432334562187524,14.888661566468237,14.997396469116211,3582600
2008-01-03,15.061045690041109,15.358076061831465,14.957614522842324,14.989439964294434,2970600
2008-01-04,14.878058206256748,14.878058206256748,14.329081324480207,14.342341423034668,4182000
2008-01-07,14.533290688965417,14.827670059035016,14.466988673584433,14.721586227416992,3555600
2008-01-08,14.811754184912841,14.87805618620407,14.291950197540364,14.318471908569336,3384600
2008-01-09,14.347642409706364,15.037178025058962,14.156694295573127,14.986788749694824,7516200
2008-01-10,14.843583559156084,15.175090618296428,14.610200938458213,15.042488098144531,6354900
2008-01-11,14.915184457739388,15.082263487673307,14.631412637934181,14.716279983520508,4747800
2008-01-14,14.886008046253199,14.886008046253199,14.602237783540923,14.708321571350098,3837600
2008-01-15,14.65793544326696,14.65793544326696,14.16995684488532,14.18056583404541,4567500
2008-01-16,14.124869776183838,14.464334629951281,13.925965287911726,14.148738861083984,4732200
2008-01-17,14.156696564404864,14.355601071527962,13.464508211907264,13.573243141174316,8638200
2008-01-18,13.780105904640358,14.183220227563371,13.565288643217622,14.122221946716309,7631400
2008-01-22,13.594455429142878,14.453724092998726,13.422072688727809,14.313163757324219,7324200
2008-01-23,13.432685173044602,15.90440526497613,13.432685173044602,15.713457107543945,12669900
2008-01-24,15.538422366842832,15.976011724058363,15.039834730395805,15.198957443237305,7832100
2008-01-25,15.25200044098083,15.647158417984402,14.684459639299089,14.880711555480957,7368900
2008-01-28,14.917831207914071,15.350116583013765,14.512066016956377,15.220165252685547,8292300
2008-01-29,14.660585640097185,15.130000326549276,14.360902611907449,14.748104095458984,10485600
2008-01-30,14.771984670222452,15.334220466824043,14.58633862768149,14.901934623718262,5564400
2008-01-31,14.753412995436761,15.35277926164898,14.586332387390886,15.143265724182129,6276000
2008-02-01,15.066351417509983,15.493333202512536,15.023918501640939,15.437640190124512,4764900
2008-02-04,15.55433744466934,15.55433744466934,14.893974304199219,14.893974304199219,3361200
2008-02-05,14.639375538691286,14.933754959749194,14.374170466274464,14.681808471679688,6526500
2008-02-06,14.708327061249532,14.803800381384617,14.334385591077437,14.36886215209961,6854400
2008-02-07,14.217695350784197,14.840929090958525,14.217695350784197,14.718934059143066,5862600
2008-02-08,14.570421713563345,14.809106570965726,14.310520390669168,14.573074340820312,4986600
2008-02-11,14.54389971252971,14.684458589340696,14.276040540989028,14.575723648071289,3373800
2008-02-12,14.737497416046534,14.769322865715164,14.464336054821963,14.570418357849121,4261500
2008-02-13,14.692409119050497,14.71892930772561,14.42985530561351,14.501461029052734,4727400
2008-02-14,14.39007243666534,14.586324246322976,14.196471735166066,14.249513626098633,6221100
2008-02-15,14.238909552955011,14.31051528814843,13.963094082384401,14.276037216186523,8151900
2008-02-19,14.398029969284865,14.493504773734292,14.050610335559247,14.063870429992676,5915400
2008-02-20,13.910054212326042,14.183217066718573,13.910054212326042,14.106306076049805,8973900
2008-02-21,14.8515370467828,14.989443276829816,14.31316767172723,14.493508338928223,11592600
2008-02-22,14.517377635830538,14.541245205019711,14.215041940919624,14.48024845123291,8265300
2008-02-25,14.506764930399967,14.761362386663249,14.363553481871735,14.655280113220215,8296200
2008-02-26,14.612857373913881,14.753416294360246,14.47494956369834,14.565120697021484,5932200
2008-02-27,14.527748821310551,14.946793769078726,14.46636083949152,14.66654109954834,4986000
2008-02-28,14.535753987494834,14.567782030023707,14.13272388883336,14.202120780944824,6827700
2008-02-29,14.108709985986394,14.191450535404615,13.751052903802268,13.820449829101562,7151400
2008-03-03,13.825784314607963,14.074008958670548,13.665641008741536,13.980589866638184,3986100
2008-03-04,13.865818900178699,13.881832158931404,13.524176750135398,13.64962387084961,7028100
2008-03-05,13.67097572679624,13.972580896754982,13.633608403731957,13.745710372924805,5001900
2008-03-06,13.678976785920021,13.69766120451422,13.494811402513111,13.500150680541992,4067400
2008-03-07,13.436096680644322,13.654959793468961,13.342679144465231,13.380044937133789,4985400
2008-03-10,13.353356853722508,13.716350026716807,13.345350987724384,13.470796585083008,6471600
2008-03-11,13.791084979520097,13.841797453053553,13.454782091866404,13.708344459533691,5250300
2008-03-12,13.657635203752658,14.009952961266306,13.612260472728671,13.620267868041992,3630300
2008-03-13,13.569550463873956,13.9859257057121,13.422750815099123,13.90051555633545,5051400
2008-03-14,13.937887074830403,14.300880318968836,13.727029750539518,13.953900337219238,6305400
2008-03-17,13.812440773798212,13.951231553217122,13.358698045321825,13.620267868041992,6684600
2008-03-18,13.985927115997935,14.45568298493785,13.817774912923134,14.396963119506836,6420000
2008-03-19,14.388958607497838,14.535758300470174,13.93254779344639,13.953900337219238,5074200
2008-03-20,14.01794849820946,14.493043421628721,13.980581190038201,14.364928245544434,5681100
2008-03-24,13.460118808898365,14.34891955654575,13.438766270488752,14.111371994018555,12672600
2008-03-25,14.199452208722573,14.199452208722573,13.75104736157053,13.945891380310059,8157600
2008-03-26,13.905860031101007,13.919205182485557,13.473471322673822,13.604254722595215,7888200
2008-03-27,13.727027136335664,13.791084755454944,13.44410636703904,13.526846885681152,5440200
2008-03-28,13.556203138039077,13.56687864136673,13.377375475644497,13.478798866271973,4731900
2008-03-31,13.564213146269003,13.740371203193122,13.47346524146009,13.622931480407715,3488100
2008-04-01,13.748380297940987,14.514403649093417,13.71368261025528,14.511734008789062,5345400
2008-04-02,14.546430008890134,14.93611340822385,14.546430008890134,14.751946449279785,5350500
2008-04-03,14.74127704707565,14.74127704707565,14.527751599154179,14.597146987915039,6942000
2008-04-04,14.69056126035245,14.773303307358487,14.546432760841462,14.615826606750488,4622100
2008-04-07,14.682553866948373,14.810670634159468,14.602482987415868,14.615826606750488,6430200
2008-04-08,14.618502688721154,14.685229978322912,14.493057033705036,14.546439170837402,7015800
2008-04-09,14.591805035975733,14.66120040477396,14.455682411176731,14.463689804077148,5667000
2008-04-10,14.303545227937507,14.890740813766751,14.19678253299165,14.711913108825684,4661700
2008-04-11,14.3355700537702,14.543757621800559,14.3355700537702,14.4049654006958,3065100
2008-04-14,14.412975138013767,14.501054919245068,14.220802319444038,14.287528038024902,3801300
2008-04-15,14.276850431639179,14.343577667648033,14.114037564121293,14.274182319641113,3858900
2008-04-16,14.442328528916903,14.869379043579102,14.343573288307907,14.869379043579102,3179100
2008-04-17,14.869384233496982,14.869384233496982,14.51973631167172,14.599808692932129,3226200
2008-04-18,14.701240522136677,15.128291386718239,14.701240522136677,14.98949909210205,2928300
2008-04-21,15.00551094038674,15.200353431885015,14.743942718909238,15.013518333435059,3247500
2008-04-22,15.280423683442473,15.560676319665191,14.765294654585968,14.925437927246094,5728500
2008-04-23,14.952127116022345,14.952127116022345,14.578458489189252,14.64785385131836,3477900
2008-04-24,14.70657516444363,14.83469039671087,14.404969982427566,14.685222625732422,4466400
2008-04-25,14.778642288933652,14.984160312540366,14.629174496560202,14.946794509887695,2017800
2008-04-28,14.872053427145536,14.904081462337624,14.67987910697862,14.789311408996582,3172500
2008-04-29,14.794653923277615,14.86137964754356,14.573121158756035,14.709243774414062,3478800
2008-04-30,14.810665919751013,14.949456621898621,14.623829345218383,14.765291213989258,3798600
2008-05-01,14.813338311520075,15.261741638183594,14.69856822152682,15.261741638183594,5199900
2008-05-02,15.50996674650859,15.592707266504668,15.141634285104757,15.29910945892334,4293900
2008-05-05,15.27508966632077,15.283095532945303,14.98149031494723,15.088253021240234,3106500
2008-05-06,15.04554557800293,15.120278689468867,14.933443619923285,15.04554557800293,5069100
2008-05-07,14.960134737377912,15.352487794279462,14.949459232542424,14.994833946228027,3399300
2008-05-08,15.000172919739187,15.082913434338426,14.808000071771312,15.010849952697754,3554400
2008-05-09,14.829346281159834,15.211023701393728,14.765288692510795,15.098921775817871,3802500
2008-05-12,15.080243199012969,15.307115249700189,14.880062966041523,15.296438217163086,3337500
2008-05-13,15.259072412296515,15.34715220347257,14.944122097822833,15.149640083312988,2806800
2008-05-14,15.318835350805813,15.694824024646467,15.243638538075727,15.606199264526367,4890600
2008-05-15,15.536376444749047,16.21315564588024,15.536376444749047,16.116472244262695,5205600
2008-05-16,16.1540603721403,16.1540603721403,15.869384308841605,16.006351470947266,4043400
2008-05-19,16.01709321003464,16.18091625658822,15.880126047928979,16.006351470947266,3262500
2008-05-20,15.861333179281658,15.864019383424743,15.63036879833821,15.718995094299316,3368700
2008-05-21,15.68676774807352,15.748538153290736,15.399405356442541,15.447746276855469,3022200
2008-05-22,15.493395764381939,15.724360058557151,15.477281619037278,15.603507041931152,2559300
2008-05-23,15.450426416530929,15.479968505390175,15.034154042708089,15.069067001342773,4715100
2008-05-27,15.138897668292131,15.171124430513855,14.932103002389074,15.026100158691406,7070400
2008-05-28,15.034153152932799,15.187234457944568,15.015354341466566,15.130836486816406,4488900
2008-05-29,15.039532496921332,15.289295714304101,15.023418344385625,15.152328491210938,4215000
2008-05-30,15.176502502202124,15.211415484811553,15.039536776861524,15.07982063293457,2388600
2008-06-02,15.058332103036054,15.114730103124575,14.859594463759539,14.956277847290039,5427600
2008-06-03,13.892762610222613,14.77096209460266,13.879334666829815,14.64473819732666,19894800
2008-06-04,14.440629617672007,14.601768010149454,13.924989220511542,13.959903717041016,16149000
2008-06-05,13.98139297888663,14.005564208773176,13.737000622489077,13.914253234863281,8023200
2008-06-06,13.766537873633627,13.849793278308185,13.403978773471867,13.479175567626953,7731900
2008-06-09,13.465752957017195,13.64300404040811,13.355643157314345,13.441581726074219,6732900
2008-06-10,13.347581565737196,13.771909540525382,13.347581565737196,13.637628555297852,6255600
2008-06-11,13.616145620717466,13.61883182479057,12.874911579732384,12.960851669311523,8916600
2008-06-12,13.108565394117537,13.492611224668703,13.095135907167437,13.28850269317627,9499500
2008-06-13,13.441576159225537,13.538259506225586,13.194499226633706,13.538259506225586,5010900
2008-06-16,13.428157870926501,13.597351909560953,13.371758321317754,13.401300430297852,3865500
2008-06-17,13.476497821394293,13.581236760988256,13.301931385340536,13.320730209350586,3541200
2008-06-18,13.28850269317627,13.336843621313278,13.121993344337241,13.28850269317627,5428800
2008-06-19,13.215984482989608,13.527518010365611,13.199870335410056,13.479175567626953,6127200
2008-06-20,13.476494308187528,13.487236051469994,13.320726736751093,13.403982162475586,7829700
2008-06-23,13.530203547792405,13.573173586283145,13.393236358011949,13.463062286376953,6692100
2008-06-24,13.371752167291248,13.575860631133885,13.181073185947639,13.390552520751953,10457100
2008-06-25,13.361012636402304,13.47381017861658,12.976968362144877,13.065594673156738,12770700
2008-06-26,12.84268687375879,12.858801028285292,12.531153980443142,12.55263900756836,10881600
2008-06-27,12.638577098224347,12.732573494901517,12.455953639554682,12.587549209594727,6240000
2008-06-30,12.523090824843845,12.582175004943077,12.324354804578732,12.335097312927246,5609700
2008-07-01,12.968906956777516,13.181072484131015,12.305556021338475,13.121988296508789,18628500
2008-07-02,13.076333098543087,13.143474365907357,12.480123377476549,12.541893005371094,9575700
2008-07-03,12.652004273694349,12.896396595398771,12.552636237261567,12.764801025390625,4146600
2008-07-07,12.759430459624653,13.116619541581683,12.668118728124615,12.786286354064941,6671700
2008-07-08,12.786283138592585,13.205240979749496,12.584860907483632,13.199870109558105,7330800
2008-07-09,13.2589577033078,13.2589577033078,12.797028939943926,12.853426933288574,5830800
2008-07-10,13.001136745479146,13.291185309452375,12.68960315960901,12.88833999633789,7505700
2008-07-11,12.764799380817452,12.893708730145656,12.297499819997464,12.673487663269043,8261700
2008-07-14,12.78360379588148,12.877600215946096,12.098768344752415,12.10145378112793,9470700
2008-07-15,12.03162127320331,12.778226012267238,11.953738277195368,12.474749565124512,8943600
2008-07-16,12.418354315099615,12.947423561260052,12.329728790915429,12.877596855163574,7006500
2008-07-17,13.296549577951403,14.534626374414898,13.296549577951403,14.464798927307129,14438700
2008-07-18,14.397665468854436,14.674284564169364,14.201614057377016,14.534632682800293,5601900
2008-07-21,14.08613303627856,14.08613303627856,13.438896087293712,13.549007415771484,12856200
2008-07-22,13.524832563509767,14.244581470546256,13.508718415028703,14.185497283935547,8741100
2008-07-23,14.04047580314057,14.80588110362607,14.027047855655573,14.623257637023926,8889000
2008-07-24,14.55074118658734,14.658166271417189,13.911561547667329,13.938417434692383,4923900
2008-07-25,14.164014263421766,14.607142652068221,14.045845873526712,14.220412254333496,4454100
2008-07-28,14.236526770145215,14.349322754861022,13.938421120457676,13.967963218688965,2259600
2008-07-29,14.037789241339452,14.596401370211229,13.395924762219595,14.48360538482666,4217100
2008-07-30,14.545371919834043,14.795135077503106,14.41377560013828,14.719938278198242,5200500
2008-07-31,14.540007817610286,14.776343140301654,14.23653120197129,14.300986289978027,4314900
2008-08-01,14.394979812098187,14.416464835951212,13.924993954856927,14.06196117401123,4718400
2008-08-04,13.967965717036273,14.271442292483751,13.873968534050503,14.155960083007812,3196500
2008-08-05,14.362754971135027,14.74142837524414,14.209673579375885,14.74142837524414,3341700
2008-08-06,14.639369444847322,14.687710355399659,14.386920077049814,14.631312370300293,2476500
2008-08-07,14.480921442756815,14.789768885478884,14.317098310600468,14.459436416625977,3847200
2008-08-08,14.510461380818205,15.504144843659637,14.491662562032362,15.428946495056152,6706800
2008-08-11,15.316154911980371,16.202413514977707,15.28929900978574,16.060073852539062,9986400
2008-08-12,15.912370173488346,16.24270279845519,15.729746596703881,15.80494499206543,9970200
2008-08-13,15.751219005614685,15.845217692825639,15.490714109961509,15.635738372802734,4390200
2008-08-14,15.525631299294824,15.939217644589693,15.490718325910732,15.791508674621582,4365300
2008-08-15,15.788821411446696,16.057384973151077,15.761965516295286,16.003671646118164,3639900
2008-08-18,15.960699722675203,16.11378107315455,15.590083495623007,15.710936546325684,3972600
2008-08-19,15.595450850379217,15.59813705366492,15.289289755180395,15.439684867858887,4615500
2008-08-20,15.407268819714744,15.56669167460235,15.072210249340642,15.337015151977539,4901700
2008-08-21,15.104624100694428,15.580189632823695,14.693908413855516,15.553169250488281,3615300
2008-08-22,15.788255265712365,15.947676493198626,15.493727450814415,15.76123332977295,2988300
2008-08-25,15.374841966906883,15.742324648332794,15.323502281380948,15.485626220703125,2842800
2008-08-26,15.472110015267175,15.666661140761565,15.239730964505792,15.636938095092773,4808700
2008-08-27,15.328903181649189,15.863915018905654,15.328903181649189,15.615323066711426,2529000
2008-08-28,15.788250773250494,16.09088338206082,15.7206982718377,16.01522445678711,2575800
2008-08-29,15.9071538212815,16.131426569669358,15.804475979749858,15.820687294006348,2649900
2008-09-02,16.204375543195138,16.62049513037221,15.861212248573214,16.420541763305664,5724000
2008-09-03,16.442164685890283,16.804243629858348,16.301657362047965,16.728586196899414,4380300
2008-09-04,16.507012110430406,16.634010760774864,15.944979806748702,16.042255401611328,5691900
2008-09-05,15.969301627917115,16.293551085377977,15.666668800953643,16.26923179626465,3577800
2008-09-08,16.485390318268596,16.882597455542726,16.461072586779363,16.723173141479492,5651400
2008-09-09,16.71778124035751,17.198752542885323,16.063878398878607,16.20438575744629,7705500
2008-09-10,16.288147102524036,16.390826492334316,15.880133748263766,16.093597412109375,5595000
2008-09-11,15.944981742211557,16.739393269803074,15.758538504415382,16.674543380737305,4997100
2008-09-12,16.4799913856596,16.80694344331967,16.298951944322457,16.688051223754883,4356900
2008-09-15,15.963885607410763,17.23656484099356,15.961184496749206,16.71236228942871,12483900
2008-09-16,16.39622879918802,16.81775382408737,16.00983060200641,16.7772216796875,7074900
2008-09-17,16.309761755225615,16.68805196507337,16.00172365238392,16.026042938232422,9392400
2008-09-18,16.12871921201718,16.712368045136554,15.15326695294067,16.58266830444336,8138400
2008-09-19,16.755602698646726,17.56352580728297,16.43945974743511,17.120384216308594,8803800
2008-09-22,17.087957119068818,17.087957119068818,16.05035764445119,16.190866470336914,4760700
2008-09-23,16.334083448171807,16.479996106290855,15.661265171623382,16.21249008178711,3326400
2008-09-24,16.215186960074316,16.258421760581676,15.712600764625975,16.028743743896484,5084100
2008-09-25,16.136825634365866,16.61779511942695,16.020634543951417,16.38541603088379,3622800
2008-09-26,16.36380231766871,16.68805172697328,16.15844358537091,16.677244186401367,6735600
2008-09-29,16.32327063144882,16.380014081020622,15.115440696093364,15.426179885864258,7549500
2008-09-30,15.563986325755558,15.86391643448317,15.274862210913573,15.445094108581543,4505700
2008-10-01,15.199206551370532,15.880131128563391,15.047890150454702,15.57209300994873,6141300
2008-10-02,15.531560312659204,15.672067607170083,14.545300408484529,14.715532302856445,7901100
2008-10-03,15.010059642113015,15.08841972255766,14.161605863687145,14.2534761428833,7014900
2008-10-06,13.71306232139648,14.731744936582254,13.375301160323174,14.631768226623535,10032000
2008-10-07,14.72633689086396,15.088414102512177,13.980562756102987,14.321024894714355,9892200
2008-10-08,14.010285071055323,15.074904787289425,13.675228227320147,14.380470275878906,12623400
2008-10-09,14.391281535940179,14.883061710828406,13.93463127737085,14.153498649597168,8083200
2008-10-10,13.502296253552538,14.369663792055874,13.234790362741764,13.861672401428223,13427700
2008-10-13,14.402090658326417,14.753361991825775,13.921119568313067,14.353453636169434,7564800
2008-10-14,14.618262847026248,15.061404634552085,14.169717287323477,14.315629959106445,8952000
2008-10-15,14.15349762315481,14.3210283954256,13.353682518005371,13.353682518005371,11406600
2008-10-16,13.829244978343066,15.450492974974132,13.491485494425786,15.391048431396484,17927700
2008-10-17,14.85874102037462,15.680172731811874,14.807401345141928,15.180289268493652,8643000
2008-10-20,15.19650294586225,15.569389343261719,14.888464877786783,15.569389343261719,4109700
2008-10-21,15.41266579968434,15.834190712651651,15.126245937316412,15.201903343200684,5855700
2008-10-22,14.872255271435375,15.688283435870174,14.647982543181982,15.069507598876953,8330100
2008-10-23,14.988441298644751,15.52615580578597,14.312922161560058,15.2613525390625,7719900
2008-10-24,14.56691597341038,15.255946836368434,14.331835764955821,14.883060455322266,4034400
2008-10-27,14.575027735055162,15.17759232171461,13.869785305437633,13.894103050231934,6183900
2008-10-28,14.142692582477851,14.856042861938477,13.056455851682564,14.856042861938477,12225900
2008-10-29,14.82902092593212,15.207312694173197,14.31562561738061,14.747958183288574,9204000
2008-10-30,15.099232937541252,15.377546509431273,14.69392067960654,15.369440078735352,4386000
2008-10-31,15.239734411897006,15.531559620009963,15.185693622923772,15.377540588378906,7206600
2008-11-03,15.364032218333925,15.423478330188603,14.59123740265255,14.68040657043457,5652300
2008-11-04,15.153271853411965,15.34512041490254,14.591239461983774,15.253250122070312,9888000
2008-11-05,14.974929988895925,15.455901013587736,14.788486807496124,15.031673431396484,5567700
2008-11-06,14.904675623663083,15.018162503132263,14.37236495167006,14.542596817016602,6168300
2008-11-07,14.656081501937773,14.747951745554474,14.502062512761288,14.718230247497559,4283400
2008-11-10,15.026268664964668,15.185691443383151,14.720933303431947,14.964119911193848,5155800
2008-11-11,14.774973753030386,14.966820666568555,14.25887600882861,14.615550994873047,5491800
2008-11-12,14.525810601212346,14.667234602136956,14.0417068636371,14.09338092803955,8084700
2008-11-13,14.014504914767016,14.898401068124564,13.5983954162439,14.892960548400879,6337800
2008-11-14,14.686271059489746,15.453221206113929,14.683552354890903,14.822256088256836,5353500
2008-11-17,14.729772931387314,14.963665356553898,14.384373254261524,14.493160247802734,4189500
2008-11-18,14.626427949374984,15.159485107022476,14.485004050166053,14.8140869140625,6757500
2008-11-19,14.80321588538816,15.028949267467675,14.000910210006785,14.055304527282715,7315200
2008-11-20,13.873085395617045,14.72434648325518,13.552164659116576,13.644633293151855,11371800
2008-11-21,13.8622007944834,14.555719106552534,13.329143551555507,14.495885848999023,9297300
2008-11-24,14.740660301352074,15.70886428416265,14.465971633900162,15.385223388671875,8434800
2008-11-25,15.649028048843686,15.763254031146625,15.276431920602795,15.57015609741211,7103400
2008-11-26,15.363474902846974,16.380636373196467,15.35259696945559,16.318082809448242,8603400
2008-11-28,16.293593123432725,16.33438923413486,15.831248614366862,16.02706527709961,2412300
2008-12-01,15.70614184539936,15.978108632087205,14.756973682582366,14.765132904052734,6749100
2008-12-02,14.876646841230869,14.906563481261864,14.51764871707199,14.835850715637207,7590900
2008-12-03,14.626430381321343,15.572878358020523,14.558437901291018,15.556561470031738,6343200
2008-12-04,15.420579875425016,15.896524227084464,15.02078724251621,15.238361358642578,6638100
2008-12-05,15.042541373603092,16.116813532222913,14.974548893561808,15.972672462463379,7170600
2008-12-08,16.084181485309752,16.21200724939948,15.319951829403607,15.624555587768555,8518500
2008-12-09,15.521208711822695,15.787738188447124,15.235642082387777,15.295476913452148,7911900
2008-12-10,15.404260940415893,15.404260940415893,14.688985083642063,15.129573822021484,7308300
2008-12-11,14.988150015719608,15.200283585068838,14.316389044142467,14.479570388793945,6203700
2008-12-12,14.142327287325045,15.260115845422566,13.902997361670083,15.102375030517578,4533900
2008-12-15,15.094209007541009,15.488562423341046,15.018058893907776,15.341699600219727,3367800
2008-12-16,15.597357977427388,15.763258031014438,15.368904398639973,15.64631175994873,6638100
2008-12-17,15.575601732642339,15.733342574903519,15.330831245518054,15.477692604064941,5250600
2008-12-18,15.556556581640598,15.619108523139587,15.04525690289301,15.222036361694336,3443400
2008-12-19,15.328104979788336,15.52936056562655,15.018062380495383,15.047977447509766,5161500
2008-12-22,15.050701626320894,15.099655406072293,14.623711125617406,14.906558990478516,3082800
2008-12-23,15.069744742509918,15.080624229103167,14.67811123699089,14.808655738830566,2761500
2008-12-24,15.75510231997383,15.75510231997383,14.417020553882761,15.167652130126953,1981200
2008-12-26,15.167645870284135,15.227479124350223,15.088775470020835,15.17580509185791,749400
2008-12-29,15.148614363995577,15.306355223249929,14.80049419082791,15.292757034301758,3013800
2008-12-30,15.404266600511232,15.964522082939958,15.300918471593052,15.940044403076172,3687600
2008-12-31,15.972670901782807,16.36430418713535,15.953632200001012,16.250078201293945,4089900
2009-01-02,16.279998145924925,16.337111155947245,16.043386882087763,16.31535530090332,4731600
2009-01-05,16.11682040151033,16.31807766797561,16.02435177196384,16.27456283569336,4879200
2009-01-06,16.307197342536014,16.503014059041288,16.165773380286854,16.429582595825195,5550900
2009-01-07,16.182089678668223,16.54652827738233,16.116817442229774,16.198408126831055,5872800
2009-01-08,16.105943116760486,16.660758028691994,15.98083757988392,16.61452293395996,5295000
2009-01-09,16.557414611686067,16.704277607289363,16.07875130144942,16.1549015045166,4912800
2009-01-12,16.08962087695538,16.424141279296524,15.755100474614238,15.94275951385498,5106300
2009-01-13,15.793181117405606,16.225610782320235,15.717029374620475,15.950922012329102,5241600
2009-01-14,15.659908223678523,15.678946927607106,15.03982134051035,15.189404487609863,7914000
2009-01-15,15.13501003246376,15.553841283728435,14.773293336172111,15.32266902923584,8575800
2009-01-16,15.542967660847179,15.757823108261078,15.235643588023962,15.605521202087402,5251800
2009-01-20,15.659909872214461,15.774135882960593,14.824969088678692,14.993589401245117,7696200
2009-01-21,15.295475762036093,15.344429548587145,14.4496538658056,15.072461128234863,8996400
2009-01-22,13.127890491172115,13.489607254102207,12.768892431980886,13.108853340148926,29540400
2009-01-23,12.850485862240253,13.095256399035772,12.649229378600184,12.774334907531738,10248900
2009-01-26,12.785210395542352,13.174125074636166,12.660105676223509,12.69546127319336,8499600
2009-01-27,12.812410309290529,13.380823390136761,12.651949948666102,13.212203025817871,11003400
2009-01-28,13.310105102440048,13.682701239784548,13.310105102440048,13.503201484680176,9942600
2009-01-29,13.367217816400748,13.481443799113977,13.179560400168358,13.247552871704102,6837600
2009-01-30,13.307386830821235,13.315546053291182,12.855921007007536,12.986465454101562,6809100
2009-02-02,12.994629667911886,12.994629667911886,12.415337877841859,12.670987129211426,9141300
2009-02-03,12.690023425206954,13.206762382469739,12.627471445266712,13.136051177978516,9281700
2009-02-04,13.122448817149646,13.204039490182588,12.883118095581947,13.05717658996582,7568100
2009-02-05,12.991908637466787,13.391702109199068,12.738978105477242,13.171407699584961,5244600
2009-02-06,13.136050258490673,13.693583743269574,13.122450514382342,13.582077980041504,9653100
2009-02-09,13.56032631876203,13.701748777819027,13.378107722505119,13.48961353302002,5307000
2009-02-10,13.263876116821894,13.489609487587291,12.798811963813483,12.899439811706543,5503200
2009-02-11,13.217639634648258,13.28019160402268,12.630188015909324,12.893997192382812,3525000
2009-02-12,12.717220545850795,12.948392868041992,12.510524341031918,12.948392868041992,5296800
2009-02-13,12.885842977416022,12.99191058556737,12.64923086018814,12.7661771774292,5109300
2009-02-17,12.407175007108695,12.660105479776755,12.369099150880936,12.477886199951172,8280900
2009-02-18,12.613872471290732,12.68458445384907,12.322866872723898,12.51324462890625,4420500
2009-02-19,12.641066773556524,12.872239836410536,12.434371380323078,12.477886199951172,3420000
2009-02-20,12.426212145507593,12.611150906860573,12.238554680563336,12.518681526184082,5998200
2009-02-23,12.54315886050335,12.700900476129966,11.928511623077842,11.974746704101562,7168800
2009-02-24,12.08625553934302,12.67098706977506,12.037301742161988,12.564919471740723,5724300
2009-02-25,12.547101911586223,12.897916913491091,12.347028374045331,12.604657173156738,4374900
2009-02-26,12.74443490908367,12.991101548021293,12.585472608720986,12.604657173156738,4626000
2009-02-27,12.37443766694812,12.903399633002692,12.278511690225729,12.593696594238281,6010800
2009-03-02,12.305914239170283,12.84309838364379,12.24561766762284,12.38813591003418,4913100
2009-03-03,12.596433497565537,12.730729355719774,12.393618656319207,12.429248809814453,4475400
2009-03-04,12.566288171749042,12.741696088437283,12.048288395319307,12.371696472167969,6355500
2009-03-05,12.141474232850065,12.336065926375527,11.957843916504801,12.037325859069824,5769900
2009-03-06,12.048289216173426,12.163400546822075,11.563178244047258,11.77969741821289,7444200
2009-03-09,11.65087904681951,12.215471013062338,11.645397183159783,11.990730285644531,6788100
2009-03-10,12.19902946621862,12.66495425420123,12.19902946621862,12.607398986816406,6970500
2009-03-11,12.837619247501868,12.95821241621145,12.571768050260605,12.804730415344238,4258200
2009-03-12,12.725249200063178,12.8184338262118,12.503249009747849,12.769100189208984,6735900
2009-03-13,12.796507055924383,13.056877937898308,12.481323026043148,12.977396011352539,5873700
2009-03-16,13.078807545164018,13.078807545164018,12.769103722594673,12.796510696411133,4098600
2009-03-17,12.859549356028989,13.103475514477998,12.664956066933202,13.076066970825195,4507200
2009-03-18,12.664951849911134,13.018507360457805,12.336063549959507,12.862285614013672,9586800
2009-03-19,12.985618078405372,12.985618078405372,12.018137774962396,12.27576732635498,9275100
2009-03-20,12.278510514719988,12.440214154148432,12.105843929976594,12.338807106018066,6716400
2009-03-23,12.604657054683532,13.539249420166016,12.484064668457448,13.539249420166016,7419600
2009-03-24,13.374803913415679,14.046284021684219,13.2405072644567,13.75850772857666,10440300
2009-03-25,13.818802289567957,14.482059896962484,13.698209141898252,14.117542266845703,9230700
2009-03-26,14.276503468469418,14.47109665706775,14.19702233993061,14.391613960266113,6946200
2009-03-27,14.199766855340844,14.402580923290175,13.985989059475319,14.062728881835938,3878100
2009-03-30,13.61873407943823,14.290214388855343,13.61873407943823,14.287474632263184,6768300
2009-03-31,14.416279919539347,14.528650646451842,14.046279701816918,14.243614196777344,5997600
2009-04-01,13.9695446916186,14.487545173982586,13.911989430969987,14.309396743774414,7535400
2009-04-02,14.577991993572713,14.649252323774892,14.424510738793854,14.495769500732422,6137100
2009-04-03,14.572502849004161,14.572502849004161,14.279243989141726,14.525911331176758,3490200
2009-04-06,14.380651803077301,14.5286519029661,14.175096457290152,14.391613960266113,4291500
2009-04-07,14.309397034622886,14.309397034622886,13.881841420738203,13.931174278259277,3698400
2009-04-08,14.010656542350302,14.38613796234131,13.944877310105955,14.386137962341309,5190300
2009-04-09,14.60813962808008,14.67939838677407,14.429991163081569,14.676658630371094,5976300
2009-04-13,14.133986173796249,14.495762457285762,13.985986072249244,14.383393287658691,4809900
2009-04-14,14.251840178232387,14.298433279743831,13.985989758336109,14.095619201660156,5299800
2009-04-15,14.065473630699582,14.065473630699582,13.676288639517319,14.007918357849121,8834700
2009-04-16,14.991839585240728,15.69620928581716,14.89865495853513,15.611247062683105,24309000
2009-04-17,15.550949232524404,15.674282139661816,15.359097346638208,15.537245750427246,4746600
2009-04-20,15.30428585053032,15.422137709287972,15.079545862516465,15.200139045715332,6480000
2009-04-21,15.087764034770725,15.589318056628855,15.005541575498958,15.55916976928711,5407200
2009-04-22,15.413915345367824,15.994950608266759,15.328951547005426,15.622210502624512,6006600
2009-04-23,15.687993598267392,15.781178264865293,15.356363830805938,15.734586715698242,5032500
2009-04-24,15.860655595436512,16.216950894260663,15.641395140471733,16.033321380615234,6227400
2009-04-27,15.849684978273519,16.16486968695217,15.756500383991703,15.964797019958496,5836200
2009-04-28,15.814055996577558,15.860649078957199,15.55368676369309,15.633166313171387,3648900
2009-04-29,15.904506879016413,15.909989527751803,15.402952729900596,15.630434036254883,4725900
2009-04-30,15.734578509495785,15.940133874787918,15.37554195115674,15.523540496826172,7220700
2009-05-01,15.622210425299567,15.663320878060846,15.085025373930655,15.211099624633789,6293400
2009-05-04,15.345395646339357,16.019617080688477,15.315247354919807,16.019617080688477,5379300
2009-05-05,15.940139696795924,16.126509000862722,15.803101691040485,15.997694969177246,3530100
2009-05-06,16.203245867311608,16.214208026471443,15.438579592572422,15.805838584899902,5063400
2009-05-07,15.789389091546186,15.835982174804274,15.243983412776482,15.389242172241211,5312100
2009-05-08,15.641398388040402,15.70443631121997,15.186435711606634,15.603029251098633,5980500
2009-05-11,15.457761468748815,15.509835636365587,15.115169746466439,15.145318031311035,5259900
2009-05-12,15.254948762661359,15.402948876221238,14.92331916899255,15.161764144897461,3982800
2009-05-13,14.923162810247645,14.978332357297097,14.688695786670205,14.840409278869629,5299800
2009-05-14,14.887305755168365,15.096947858570143,14.61973822221726,14.685940742492676,3740700
2009-05-15,14.923158725361874,15.105215181845706,14.66386523982921,14.787996292114258,4441800
2009-05-18,14.931436880357728,15.480366954522024,14.931436880357728,15.37002944946289,4865100
2009-05-19,15.571397650171257,16.051366243007987,15.502436110251335,15.756213188171387,6850500
2009-05-20,15.885850494686563,15.990671472979765,15.019700277199963,15.124521255493164,6176700
2009-05-21,15.003157602931813,15.146597165329588,14.622493560956435,14.810068130493164,5338500
2009-05-22,14.865238511350995,14.947992057757183,14.592152913085407,14.768692970275879,3330600
2009-05-26,14.71076155680183,15.3093431008909,14.680418546258055,15.24038314819336,4531800
2009-05-27,15.276237868942848,15.276237868942848,14.589386466203447,14.63076400756836,6171600
2009-05-28,14.71904271955793,14.730075684869817,14.396305597490322,14.641805648803711,5748600
2009-05-29,14.647312472772718,14.876262900472797,14.487321971349356,14.564558982849121,8512500
2009-06-01,14.851438524047637,15.01694552778871,14.683174069892331,14.867989540100098,5138400
2009-06-02,14.867993387582402,15.199005902330933,14.730070322643051,15.07763385772705,6443100
2009-06-03,15.005912054959573,15.005912054959573,14.763169589748163,14.92867660522461,4304700
2009-06-04,14.94523031338896,14.989365319671592,14.771449318048221,14.840409278869629,3608100
2009-06-05,15.044529859201315,15.088664850793768,14.70248288516391,14.964533805847168,4764000
2009-06-08,14.945226488727057,15.237622014316232,14.859715527834858,15.135560035705566,5021700
2009-06-09,15.15211525861281,15.54105643149645,15.15211525861281,15.422443389892578,4702500
2009-06-10,15.450018555227292,15.701036488994792,15.130039112950696,15.28451156616211,6106200
2009-06-11,15.132803145883498,15.436231673918133,15.132803145883498,15.237624168395996,3896700
2009-06-12,15.259688273712833,15.295547756932093,14.964533742987351,15.199002265930176,3072300
2009-06-15,15.000402436491159,15.069362409155216,14.84592988797403,15.033504486083984,3801300
2009-06-16,15.09694587065195,15.107978833382107,14.583875222282561,14.605942726135254,6654000
2009-06-17,14.592146560732306,15.072115026873902,14.592146560732306,14.887299537658691,6985500
2009-06-18,14.834892432490747,14.96178096702777,14.691452876407093,14.713521957397461,3502200
2009-06-19,14.837648244529712,14.865232222197394,14.688692239697113,14.7797212600708,5367900
2009-06-22,14.727316464839472,14.727316464839472,14.459747358236378,14.473539352416992,6280200
2009-06-23,14.572835759754525,14.572835759754525,14.255615336060146,14.481806755065918,5704500
2009-06-24,14.581114195673932,14.801789180093879,14.401815178935728,14.528703689575195,6606900
2009-06-25,14.481810090144686,14.898333543611741,14.465259071227575,14.752138137817383,4314600
2009-06-26,14.738346879252882,14.964538385792896,14.691452844436903,14.925921440124512,5408700
2009-06-29,14.967293438369378,14.967293438369378,14.619731549355038,14.834888458251953,5151600
2009-06-30,14.854198355866918,14.884541360806173,14.691448793741888,14.826614379882812,4421100
2009-07-01,14.934198781843815,14.934198781843815,14.710764699233893,14.86523723602295,3971400
2009-07-02,14.77144730732571,14.82385781745114,14.12873077392578,14.128730773925781,4046100
2009-07-06,14.415608755491105,14.873509793180785,14.341130742749469,14.821099281311035,6396000
2009-07-07,14.760414717872685,14.760414717872685,14.341132159875242,14.357683181762695,5057100
2009-07-08,14.415606828509832,14.473533813256223,14.219756797956652,14.365955352783203,2763900
2009-07-09,14.47904760207688,14.481805052009072,14.222511633285134,14.388018608093262,2481600
2009-07-10,14.239072078160484,14.462506168632906,14.205971608308571,14.404579162597656,2541600
2009-07-13,14.426641866604163,14.688694428675285,14.181141903349122,14.683177947998047,13691700
2009-07-14,14.650068693069493,14.898327563610021,14.570074238268274,14.845918655395508,3388800
2009-07-15,14.967292990065719,15.240380029069193,14.945225494040452,15.072113990783691,5791500
2009-07-16,15.08039701172627,15.637602747742516,15.08039701172627,15.543814659118652,4623300
2009-07-17,15.485878206847174,15.706553142461345,15.450018727108827,15.590699195861816,2851500
2009-07-20,15.673451389914142,15.90515926387399,15.59069790133212,15.858266830444336,5427000
2009-07-21,15.521741727219265,15.65414830144761,14.343887176067872,15.218313217163086,15833400
2009-07-22,14.970062498239876,15.256940147387114,14.9286865061256,15.132810592651367,5989200
2009-07-23,15.105217617257011,15.516226198119616,15.050049654806179,15.480366706848145,4600800
2009-07-24,15.408647617565434,15.690007065221506,15.226589554597684,15.665182113647461,4106400
2009-07-27,15.626563749169232,15.626563749169232,15.287275728204836,15.494158744812012,3348000
2009-07-28,15.430715272121235,15.579671296621147,15.35623725987128,15.494158744812012,2849700
2009-07-29,15.447264914925176,15.587943838418102,15.383819869499254,15.499673843383789,3752400
2009-07-30,15.612774141944287,15.869308679749679,15.56588010384525,15.778281211853027,4659000
2009-07-31,15.637601486978715,16.037574032949667,15.637601486978715,15.9299955368042,3410700
2009-08-03,16.01274620198352,16.50926576995049,15.907925176311622,16.40168571472168,4958100
2009-08-04,16.313414002255147,16.826482958689525,16.249970534615898,16.75200653076172,5156100
2009-08-05,16.743736504498965,16.95061957238257,16.454099893783404,16.89269256591797,5186400
2009-08-06,16.989235530043093,17.022335995127747,16.691323452319665,16.796144485473633,3277200
2009-08-07,17.011300800052645,17.29541927010673,16.76855672212949,17.105087280273438,4470300
2009-08-10,16.950614885309093,17.01681738559026,16.785107845410117,16.90372085571289,2714400
2009-08-11,16.710626755199335,16.936819773262282,16.674767271455654,16.785104751586914,3267000
2009-08-12,16.796139643479787,17.09680908588772,16.740970113053233,16.980955123901367,2688600
2009-08-13,17.005777202163276,17.058187694789943,16.707866838969938,16.964401245117188,2880600
2009-08-14,16.925781540798997,16.942332553803205,16.550634190255277,16.677522659301758,2289900
2009-08-17,16.437545050254908,16.732698074342085,16.266523100769923,16.5561580657959,4952700
2009-08-18,16.56995513367084,16.785113729608785,16.44858462980371,16.74925422668457,3322500
2009-08-19,16.689591735472515,16.83109956471476,16.578606946062223,16.75895881652832,2879100
2009-08-20,16.77005245022728,16.911560230546577,16.678488125410727,16.87548828125,2729700
2009-08-21,17.03088245895599,17.405462637010768,17.003136249522324,17.225109100341797,3085800
2009-08-24,17.25562663942369,17.355515193401224,16.90324541430715,16.939315795898438,3251700
2009-08-25,16.556406531700873,17.01977560490998,16.556406531700873,16.84219741821289,6744000
2009-08-26,16.761740241206084,16.96151579349439,16.68404895481204,16.753416061401367,5280300
2009-08-27,16.800571333206662,16.897684572428,16.517555788924334,16.8338680267334,3346800
2009-08-28,16.95318902661901,17.01978086721981,16.781159708148273,16.90601921081543,2008800
2009-08-31,16.775609079150293,16.797806357093375,16.484269210769348,16.703468322753906,3125100
2009-09-01,16.559180699768824,16.78392867293905,16.31501070908075,16.539758682250977,3665100
2009-09-02,16.392704775555842,16.54253679796584,16.265071618670962,16.470396041870117,3224700
2009-09-03,16.498145197073754,16.75896365544906,16.20680527772821,16.714569091796875,3554400
2009-09-04,16.75340423602787,16.79779877186721,16.603572280651637,16.75617790222168,3028800
2009-09-08,16.817224890330777,16.911564492769276,16.578605392712234,16.84219741821289,4345500
2009-09-09,16.789482173383416,16.839425651818804,16.281718448320884,16.412128448486328,8718600
2009-09-10,16.406579216315794,16.42877808365476,16.131887682010916,16.273395538330078,5672100
2009-09-11,16.348309777022312,16.56195995976208,16.20957719113277,16.448198318481445,4065900
2009-09-14,16.317788081312205,16.678495022041254,16.270619860150724,16.625776290893555,3575700
2009-09-15,16.606354268965237,16.720114320891,16.470395352443568,16.625776290893555,4009200
2009-09-16,16.71733686454959,17.022551366621496,16.58692847518639,16.806127548217773,4113300
2009-09-17,16.817225411088383,17.324989046695034,16.79225288243298,17.23897361755371,9214500
2009-09-18,17.31111204497159,17.341631900657585,16.99202610436895,17.213998794555664,4251000
2009-09-21,17.125214188631944,17.27227093580725,17.017001481623236,17.086368560791016,4097100
2009-09-22,17.114113454584086,17.139085982225303,16.947634699998606,16.96150779724121,2743800
2009-09-23,17.005907635991896,17.164063851591873,16.864399777333958,16.939315795898438,5543100
2009-09-24,16.958735528153515,17.08359501299155,16.861622242685154,16.942087173461914,3291300
2009-09-25,16.9032412208268,16.917114318945192,16.498139770002783,16.536985397338867,5421900
2009-09-28,16.6951467952763,16.872725047009993,16.553638927466668,16.836654663085938,2354400
2009-09-29,16.84497290034714,17.097467086427745,16.681267808814695,16.720111846923828,3106800
2009-09-30,16.736764018464658,16.842201489220397,16.54531268811454,16.69236946105957,3253200
2009-10-01,16.64796894756928,16.795025667902344,16.520334243774414,16.520334243774414,4661100
2009-10-02,16.40102684140252,16.639647944489802,16.24842117120739,16.32611083984375,4055100
2009-10-05,16.3122355772547,16.584151762917788,16.306686656161364,16.534208297729492,3143400
2009-10-06,16.575828569116265,16.82832272788463,16.545307122707555,16.63132095336914,2749200
2009-10-07,16.620229982852827,16.68682182409164,16.47317319857646,16.525890350341797,2470500
2009-10-08,16.672950739953542,17.01978308991792,16.606358890656182,16.989261627197266,3276000
2009-10-09,16.96706236667528,17.13076750891167,16.825554504951032,17.075273513793945,3172200
2009-10-12,17.161280966359367,17.36938057259034,17.13630844204901,17.20290184020996,2643600
2009-10-13,17.227874460626765,17.59135499351903,17.152958468047718,17.549734115600586,5492400
2009-10-14,17.677378714961165,17.77726569351028,17.610786866703453,17.6884765625,3456300
2009-10-15,17.535863551097602,17.73008850370706,17.36938320580465,17.508115768432617,4203900
2009-10-16,17.41377836286012,17.54973567568187,17.297243069677393,17.383256912231445,3853500
2009-10-19,17.38325680652494,17.793907172507627,17.377707884901007,17.499792098999023,6028500
2009-10-20,16.853298442080558,17.166833965313817,16.326111165888907,16.38160514831543,11097300
2009-10-21,16.414897710287985,16.63409676336243,16.068065534098338,16.129108428955078,7888200
2009-10-22,16.206796068405094,16.312233494084158,15.962626107064802,16.190149307250977,4840500
2009-10-23,16.206799499506136,16.398252376212838,16.079166365267355,16.165180206298828,4263000
2009-10-26,16.184593311577256,16.23453675345344,15.85995855787197,15.993142127990723,5892000
2009-10-27,16.001473593787342,16.15130557538957,15.887711980408962,15.923782348632812,4830000
2009-10-28,15.887719573630811,15.95431300854692,15.604705413611713,15.676844596862793,7099200
2009-10-29,15.699037773878306,16.026446379993978,15.699037773878306,15.87106704711914,4465500
2009-10-30,15.80447115100048,15.954303111263425,15.746203519270196,15.826666831970215,6441900
2009-11-02,15.88216870355261,16.05697327343498,15.746211357727079,15.926563262939453,4352100
2009-11-03,15.812798069747751,15.95430588037089,15.743430997819022,15.873839378356934,5468100
2009-11-04,15.868294333391221,16.0985912902555,15.765632121477246,15.884941101074219,5004300
2009-11-05,15.979281611096775,16.18460604633646,15.88771723921574,16.13743782043457,3774000
2009-11-06,16.08471263585303,16.423220610303133,16.01812082509199,16.35385513305664,3994500
2009-11-09,16.63686813622047,16.675712162362924,16.44819057459441,16.595247268676758,3553500
2009-11-10,16.621768333598574,16.73620920770495,16.487789474858708,16.630142211914062,3336300
2009-11-11,16.75854620701568,16.898108789242592,16.68039263035104,16.76692008972168,2866800
2009-11-12,16.71388364054062,16.836698435873597,16.526872815718278,16.618982315063477,2629800
2009-11-13,16.69434750479216,16.850656245310766,16.610610280225654,16.822744369506836,2961000
2009-11-16,16.87856935127768,17.129779422360404,16.83669994132744,17.02650260925293,3621000
2009-11-17,17.023703436606926,17.048825069379394,16.861812728927912,16.965087890625,2316600
2009-11-18,17.043248635285607,17.043248635285607,16.83669822444254,16.89810562133789,1930500
2009-11-19,16.786457862922006,16.819951792962083,16.57432378310115,16.702720642089844,3274800
2009-11-20,16.694341315413308,16.780870334341706,16.5994400145715,16.730627059936523,3132000
2009-11-23,16.792033296221852,17.015331398943683,16.792033296221852,16.88693618774414,2964900
2009-11-24,16.881350711870606,17.01812138393099,16.800405358031103,16.965087890625,2292000
2009-11-25,17.01811384286062,17.244202049013232,16.912046903249045,17.2330379486084,3204000
2009-11-27,16.92322356358329,17.205138869602024,16.822740196751408,17.062786102294922,1628700
2009-11-30,17.079529431863453,17.121397224323374,16.85064769438494,16.981836318969727,2852700
2009-12-01,17.076742217713313,17.386567798741837,17.076742217713313,17.35865592956543,2671200
2009-12-02,17.33631984155389,17.576365662779537,17.27770429863205,17.39214515686035,2500200
2009-12-03,17.347484454777927,17.394934292799103,17.006953726233284,17.118602752685547,3700200
2009-12-04,17.274912273584917,17.414474761656166,17.073944015688358,17.263748168945312,3210900
2009-12-07,17.188389383085173,17.45913895606617,17.174433450046546,17.447973251342773,4400400
2009-12-08,17.414478139196707,17.414478139196707,17.082321205863586,17.196762084960938,3688200
2009-12-09,17.146519655949128,17.216299313295966,17.004166918945998,17.191179275512695,5000400
2009-12-10,17.249804426985094,17.425651177952037,17.24143054401216,17.26934242248535,3712800
2009-12-11,17.313993255263767,17.514963150024414,17.313993255263767,17.514963150024414,2737800
2009-12-14,17.545665843768575,17.55124789738267,17.417269027719758,17.445180892944336,3732900
2009-12-15,17.311206321645862,17.355867553110308,17.14373349156085,17.16606330871582,6016200
2009-12-16,17.182806152877806,17.308411138780045,17.16605839551643,17.196762084960938,2389800
2009-12-17,17.087908693830578,17.26096356824737,17.02370947524617,17.221887588500977,2439600
2009-12-18,17.274921905675527,17.347495014912983,17.166064637551287,17.252592086791992,4270200
2009-12-21,17.36423383085411,17.41726572586572,17.19396765209229,17.305618286132812,1763400
2009-12-22,17.302837274711784,17.456354197438966,17.286089509423782,17.367034912109375,1408200
2009-12-23,17.35865778203311,17.48984645604012,17.054414222940977,17.16606330871582,3403800
2009-12-24,17.246999689023347,17.372606242432294,17.199549850571255,17.31119728088379,590400
2009-12-28,17.3056237952111,17.383777347334327,17.286084209314556,17.355865478515625,2031600
2009-12-29,17.436810856382447,17.46472272520115,17.347491598439152,17.355865478515625,1711800
2009-12-30,17.316795972601312,17.414489156141016,17.26655426588677,17.308422088623047,963900
2009-12-31,17.37819040002778,17.403312035492817,17.205135568448682,17.20792579650879,1656300
2010-01-04,17.344699479608877,17.344699479608877,17.073949884610453,17.213512420654297,4014000
2010-01-05,17.191184569022628,17.266547899886277,16.621773445677036,16.805994033813477,9244500
2010-01-06,16.856231512157684,17.03207977263956,16.44592103390541,16.58548355102539,7475100
2010-01-07,16.585488391095616,16.87856784599078,16.585488391095616,16.733423233032227,4020000
2010-01-08,16.73062789371594,16.87856430174264,16.685968267899558,16.87577247619629,2595900
2010-01-11,17.297254350304026,17.297254350304026,16.339860713364338,16.644105911254883,4610400
2010-01-12,16.58548355102539,16.842275579876503,16.538032103546108,16.58548355102539,4145100
2010-01-13,16.63851993269249,16.847862147462802,16.63851993269249,16.797618865966797,1980000
2010-01-14,16.819940438039584,16.945546983069804,16.783654706177753,16.89530372619629,3220200
2010-01-15,16.822749000039213,16.822749000039213,16.515713490219024,16.52129554748535,5014800
2010-01-19,16.434760573626402,16.585487231154215,16.27286820950366,16.571531295776367,3502800
2010-01-20,16.479407226162543,16.479407226162543,16.31193293922589,16.409626007080078,3044100
2010-01-21,16.384513800311534,16.613393944331,16.292402738828052,16.359392166137695,4749600
2010-01-22,16.36497908022455,16.521287790377432,16.150054803408636,16.189130783081055,5613600
2010-01-25,16.33427757261896,16.577115349509352,16.26170606104109,16.445926666259766,6130800
2010-01-26,17.528926226975887,17.947610788416526,17.461936761031577,17.53730010986328,18261300
2010-01-27,17.53729412907286,17.88061522459808,17.383777254237824,17.82758331298828,6816300
2010-01-28,17.886199889926115,17.886199889926115,17.62103233107468,17.74663734436035,4740900
2010-01-29,17.768955741020818,18.039705180498302,17.60706508101423,17.68242835998535,6184500
2010-02-01,17.79967434907032,18.073214244952073,17.724312604033738,18.036930084228516,3571500
2010-02-02,18.101126514295824,18.31605081799513,17.808047047166987,18.29930305480957,4436400
2010-02-03,18.235100737173255,18.235100737173255,17.84991186586625,17.93364906311035,4608900
2010-02-04,17.900153740378546,17.911317848317157,17.72151523612704,17.821998596191406,4576500
2010-02-05,17.86945209544879,17.933651313492046,17.545668970814027,17.835956573486328,4128000
2010-02-08,17.858293484609497,17.89178741972999,17.615455667077644,17.64057731628418,3809400
2010-02-09,17.76338732515224,17.978311627823633,17.71593745922624,17.799673080444336,4817100
2010-02-10,17.75221712298703,17.76617305506785,17.473093689908552,17.579160690307617,5256300
2010-02-11,17.581957057942308,17.80246339723423,17.55683541541415,17.78850746154785,3158100
2010-02-12,17.629404734322662,17.875032685692176,17.487051971952862,17.849912643432617,3126300
2010-02-16,17.93364365220737,18.087160469874277,17.91410407369181,18.01458740234375,2244600
2010-02-17,18.117877598478902,18.26023041734013,18.09554777585665,18.154163360595703,2220300
2010-02-18,18.168110083534003,18.23789134276208,17.950394024124158,18.20718765258789,2142300
2010-02-19,18.129034598090108,18.321629042996168,18.087166796033753,18.246267318725586,2217300
2010-02-22,18.288130515201008,18.349537887142585,18.050876502321856,18.08995246887207,2799900
2010-02-23,17.995053504383367,18.151362182208526,17.880612623471457,17.9001522064209,2369400
2010-02-24,17.992780195554822,18.124707808166647,17.92541259644384,18.074182510375977,1938600
2010-02-25,17.911382104816113,18.076994359125276,17.77945285492085,18.060152053833008,2481000
2010-02-26,18.079802526706086,18.091031266983045,17.776649025619815,17.79068374633789,3271500
2010-03-01,17.852440703502392,17.959106525698243,17.69524795110571,17.891738891601562,2560800
2010-03-02,18.01244066539523,18.02928297811279,17.86647823829996,17.987178802490234,1980600
2010-03-03,18.046118024400666,18.07980103010168,17.922609922431985,17.96752166748047,2846100
2010-03-04,18.020852782460707,18.287517246158206,18.001204498260066,18.16962432861328,3195000
2010-03-05,18.276292351024683,18.33804640888442,18.18085528371383,18.290327072143555,2122500
2010-03-08,18.335236012505476,18.402603627255193,18.23699297972811,18.31839370727539,2864400
2010-03-09,18.220150614009057,18.523305682461643,18.220150614009057,18.385761260986328,2044500
2010-03-10,18.354888922583047,18.354888922583047,18.076997265267984,18.16120719909668,3800700
2010-03-11,18.32120728767216,18.32120728767216,17.93384377767055,18.315593719482422,3735600
2010-03-12,18.368926098130636,18.433486145861657,18.2566467067477,18.396995544433594,2158200
2010-03-15,18.413833648894087,18.42786836883998,18.27067725680692,18.416641235351562,1945800
2010-03-16,18.441905569359974,18.441905569359974,18.1106809943383,18.265066146850586,2584500
2010-03-17,18.279100854563797,18.573834831356063,18.228575534767426,18.45874786376953,3666300
2010-03-18,18.436292138017183,18.554185087227445,18.324012756347656,18.324012756347656,3167700
2010-03-19,18.329620361328125,18.405409120072616,18.253831602583638,18.329620361328125,6123300
2010-03-22,18.27629326773085,18.568219657690165,18.200504484950812,18.45874786376953,3567600
2010-03-23,18.46154631032355,18.67207026409362,18.366109277173344,18.655229568481445,2590200
2010-03-24,18.61593259909709,18.655230770398003,18.402601045895345,18.484004974365234,2454600
2010-03-25,18.582254519238578,18.832075117843498,18.48962343511288,18.63839340209961,5168100
2010-03-26,18.705765168698623,18.851729187576893,18.666468584459754,18.761905670166016,2663400
2010-03-29,18.843300697871157,18.916281875819017,18.76189836767231,18.809616088867188,1652400
2010-03-30,18.81803581044397,18.921894003359277,18.789966375855062,18.79838752746582,2454900
2010-03-31,18.750669898476414,19.09592911487106,18.702950570425887,18.997684478759766,3322800
2010-04-01,19.034181910592572,19.317688788458288,19.034181910592572,19.157690048217773,2964900
2010-04-05,19.138032143919805,19.40469497087913,19.1099611046317,19.365398406982422,2861400
2010-04-06,19.298036881215623,19.62925982988995,19.199790622022675,19.61241912841797,3397200
2010-04-07,19.587149889656324,19.716271533215128,19.43557237792079,19.60679817199707,5637900
2010-04-08,19.455227723339664,20.002589909634636,19.345755928549057,19.88469696044922,9569700
2010-04-09,19.90434217553092,20.019427510798433,19.70504531611788,19.98855209350586,4146900
2010-04-12,20.030650895078054,20.429242901187177,19.93521226400491,20.297313690185547,7497600
2010-04-13,20.199072646761017,20.31696554815403,20.15135332659226,20.30293083190918,6962100
2010-04-14,20.3534692734442,20.437679231456283,20.14575116285821,20.432064056396484,4183800
2010-04-15,20.38995071957612,20.673455898209856,20.316969538301635,20.6285457611084,3792300
2010-04-16,20.592049999141377,20.636961734637772,20.38713960362519,20.47977066040039,5116200
2010-04-19,20.308554455124032,20.5415343937482,20.249607975233875,20.538726806640625,3303600
2010-04-20,20.580824152084812,20.81099640931828,20.555560696978393,20.766084671020508,4175400
2010-04-21,20.6959179827103,20.962580915430703,20.6959179827103,20.858722686767578,5219100
2010-04-22,20.521876253187298,22.32957439563571,20.521876253187298,22.267820358276367,12975000
2010-04-23,21.902926164686274,22.357657356576407,21.84959324616655,22.326780319213867,6259800
2010-04-26,22.374489042916053,22.548522440775276,22.203263231182344,22.439050674438477,3607500
2010-04-27,22.19203665204174,22.514841628720315,22.009583690395175,22.290281295776367,6717900
2010-04-28,22.332378425723427,22.3800977390253,22.144310363999093,22.265010833740234,6438000
2010-04-29,22.396949321686403,22.416599216091495,22.135899976601827,22.217302322387695,4133400
2010-04-30,22.256590022345218,22.354834629585607,21.900102172158068,21.91413688659668,4369500
2010-05-03,21.945011792132227,22.517637080756593,21.832732481242154,22.458690643310547,3630300
2010-05-04,22.276246836392943,22.276246836392943,21.849585250538816,22.020811080932617,3491100
2010-05-05,21.83273900392903,22.003964803420086,21.5183568395129,21.62782859802246,5644200
2010-05-06,21.549234019768313,21.81589846863341,20.679068692408276,21.42572593688965,6893700
2010-05-07,21.403275017642162,21.900110194207024,21.187135838839076,21.31906509399414,9593700
2010-05-10,21.70923601926983,22.323965729675805,21.70923601926983,22.301509857177734,4399200
2010-05-11,22.040454959144235,22.59343212508292,22.009579545426917,22.309926986694336,2986200
2010-05-12,22.402565936356233,22.60466883805991,22.394144781347194,22.573793411254883,3861600
2010-05-13,22.467126561016876,22.520459469518944,21.886079741357197,21.956254959106445,3816000
2010-05-14,21.860812610410846,22.020811309077825,21.633447898397584,21.821516036987305,4737600
2010-05-17,21.947830145695843,22.242564083704206,21.726077394031005,22.208879470825195,5546100
2010-05-18,22.340799947594327,22.36325581196274,21.82992702550025,21.91694450378418,3098400
2010-05-19,21.784411647333133,22.052311313813668,21.541892458817195,21.976171493530273,5542500
2010-05-20,21.5870110378295,21.668790421930172,21.16119218600942,21.262712478637695,6005700
2010-05-21,21.09915463487814,21.510872164241714,20.86791619932987,21.35295295715332,7350300
2010-05-24,20.88200732239665,21.728003598240587,20.876367756005514,21.3980655670166,5384700
2010-05-25,21.03712041713029,21.398078705550574,20.808700895135264,21.296558380126953,5313000
2010-05-26,21.54753523677411,21.688535761655185,21.087877269238486,21.166837692260742,7363800
2010-05-27,21.505233486160037,21.7477526819159,21.276814018490846,21.74211311340332,4196100
2010-05-28,21.708271161152265,21.781592001819643,21.429092366547046,21.60957145690918,4111200
2010-06-01,21.43473540932375,22.06077437251227,21.43473540932375,21.544715881347656,4184700
2010-06-02,21.58701863301182,21.849278808904256,21.46575900280223,21.7844181060791,4617900
2010-06-03,21.818248860944692,21.93668784564015,21.522149785595904,21.680068969726562,2567400
2010-06-04,21.38397798625325,21.46011782340089,21.056858745678593,21.12453842163086,5515200
2010-06-07,21.09915887567342,21.223237470805255,20.75511932373047,20.75511932373047,7085700
2010-06-08,20.743832204506734,20.85945220784456,20.523872945927256,20.83125114440918,6297300
2010-06-09,21.000453237462555,21.214772950913055,20.81715356746464,20.893293380737305,3731400
2010-06-10,21.1696538224342,21.51651229157405,21.065314545312525,21.4798526763916,3360300
2010-06-11,21.37551846782171,21.612398147583008,21.26271900450938,21.612398147583008,2808300
2010-06-14,21.65469122949971,21.990270546648272,21.595471729675932,21.60957145690918,2418900
2010-06-15,21.73929904785726,21.973358154296875,21.67725893476487,21.973358154296875,3549300
2010-06-16,21.908490570698415,22.10870895107465,21.671610964170327,21.781591415405273,2718000
2010-06-17,21.88875133360965,21.897211493089905,21.434732994368616,21.601112365722656,2937300
2010-06-18,21.682886267963163,21.739286779019803,21.426269025527013,21.482667922973633,7096500
2010-06-21,21.699819287606772,21.76467999397752,21.48550109277504,21.555999755859375,3762000
2010-06-22,21.598295732690556,21.651874059197127,21.048396602058087,21.082237243652344,4080000
2010-06-23,21.0089092575721,21.076590517778623,20.58591106294165,20.907390594482422,4697400
2010-06-24,20.769222362211497,20.80024241933804,20.196764828572856,20.205224990844727,5072100
2010-06-25,20.25316483750447,20.306743174459392,20.03884503524112,20.157285690307617,6061500
2010-06-28,20.162916462019666,20.312377120134574,20.038837894616204,20.044477462768555,3324300
2010-06-29,19.89503091283502,19.945791898916372,19.559452999668864,19.852731704711914,5868600
2010-06-30,19.756841413191115,20.04730099945785,19.47484360081182,19.511503219604492,5087700
2010-07-01,19.500223458473453,19.80196381163865,19.153364937557697,19.723003387451172,5477400
2010-07-02,19.722995395610678,19.83861539360311,19.452276817139627,19.57917594909668,2513400
2010-07-06,19.728635776337914,19.827335463844456,19.48047706917034,19.68915557861328,3815700
2010-07-07,19.71453352659686,20.346210154849985,19.618654441782333,20.320831298828125,3652800
2010-07-08,20.402619935726186,20.58591803213944,20.261621027652005,20.478759765625,4394400
2010-07-09,20.526693901096834,20.535154059581824,20.264435442503068,20.368776321411133,2689200
2010-07-12,20.332120666693612,20.487220925390613,20.230601964283466,20.309560775756836,1787100
2010-07-13,20.47594386621073,20.803063150599378,20.464664725513348,20.647964477539062,2498700
2010-07-14,19.88938609204846,20.22214493835342,19.880925929934328,20.202404022216797,4975500
2010-07-15,20.22777898368087,20.25879903175645,19.78504137804037,20.04166030883789,3901500
2010-07-16,19.96269820981053,20.019098732540527,19.562259823341716,19.582000732421875,2803200
2010-07-19,19.638401870299163,19.770942226270936,19.505863127937925,19.686342239379883,2495700
2010-07-20,19.096961731635464,19.722998960920492,19.057481528402462,19.69761848449707,5039700
2010-07-21,19.86118263031598,19.86118263031598,19.503043369744677,19.615842819213867,5732100
2010-07-22,18.896749883966883,19.641228043868,18.70217098834243,18.860090255737305,12018600
2010-07-23,18.955959219687358,19.76811494637789,18.91647902401518,19.455097198486328,5956800
2010-07-26,19.407167552216112,19.697625579051248,19.401526368572238,19.649686813354492,3883200
2010-07-27,19.81606176757179,19.81606176757179,19.553803242234235,19.59892463684082,4708200
2010-07-28,19.601744162174295,19.68352356581241,19.525604327915534,19.567903518676758,4254600
2010-07-29,19.69761708430932,19.79349780157534,19.06311974131917,19.34229850769043,4891500
2010-07-30,19.178735746396313,19.542514405244216,19.122335241336472,19.500213623046875,3284400
2010-08-02,19.62148284746177,20.06422210889849,19.500223234743377,20.002182006835938,3918300
2010-08-03,19.942971903421874,20.00219144201199,19.73993118023947,19.87811279296875,2469600
2010-08-04,19.91475975027788,20.03037816110382,19.78785897568687,19.906299591064453,4617000
2010-08-05,19.87528459514254,19.93450411107287,19.680704111014723,19.720184326171875,2926200
2010-08-06,19.5989218322316,19.65250015258789,19.36204220909512,19.65250015258789,2724000
2010-08-09,19.675053261540754,19.762473803099603,19.63557306901772,19.7004337310791,2869200
2010-08-10,19.58482230866853,19.697621755486953,19.3761437354571,19.61020278930664,5700300
2010-08-11,19.314106429259397,19.559446270073927,19.25206632113519,19.438186645507812,4411200
2010-08-12,19.235141081480766,19.641219010884033,19.15618067729167,19.57071876525879,4114800
2010-08-13,19.511504521220004,19.62994354577597,19.387425927306776,19.48612403869629,3632700
2010-08-16,19.376134352698138,19.401513207436142,19.1448943884888,19.25205421447754,3188400
2010-08-17,19.435367015991957,19.751205528391882,19.387428250295198,19.649686813354492,2521200
2010-08-18,19.65251649589244,19.86794764650711,19.53913125293986,19.71771240234375,1844400
2010-08-19,19.635507891325815,19.700705418397508,19.119604641235306,19.17062759399414,4068300
2010-08-20,19.060079269877416,19.479605507897375,19.060079269877416,19.371889114379883,2960100
2010-08-23,19.37755919260696,19.604329707992733,19.147953437532365,19.173465728759766,2163000
2010-08-24,19.000550493293485,19.102598029239854,18.74543408641339,19.03456687927246,4038300
2010-08-25,18.92400856316005,19.72904598643312,18.92400856316005,19.601486206054688,5348700
2010-08-26,19.67802478718462,19.848103442084625,19.519285466206735,19.556137084960938,3997200
2010-08-27,19.68086331923935,19.918971529552213,19.490942825685238,19.91046905517578,3067200
2010-08-30,19.893458422246397,20.040860037875465,19.627002716064453,19.627002716064453,1808400
2010-08-31,19.54479794570197,19.986999533263774,19.405900430216573,19.950149536132812,4788900
2010-09-01,19.839599954592135,20.256290887666164,19.79991471763501,20.091882705688477,4727700
2010-09-02,20.193926349958083,20.60778196452826,20.18825587291671,20.545419692993164,2977800
2010-09-03,20.704164001072126,20.760857431281966,20.432039428841843,20.500070571899414,2514600
2010-09-07,20.381019741317346,20.576609106185106,20.264799245066786,20.369680404663086,1945500
2010-09-08,20.409365195526057,20.57377340842216,20.381019287507545,20.497238159179688,1933800
2010-09-09,20.707002375135506,20.76086057429187,20.378184322915253,20.417869567871094,1668300
2010-09-10,20.42637382200963,20.604954992699486,20.366846765113014,20.48590087890625,1821600
2010-09-13,20.638971298864174,20.820387708493445,20.551098333696487,20.67582130432129,2286300
2010-09-14,20.596442847943354,20.65313626502028,20.429199457252945,20.539751052856445,2733000
2010-09-15,20.37817705110707,20.53124749703561,20.17975251912489,20.43770408630371,2608800
2010-09-16,20.335664676015202,20.568104035522257,20.21377532820294,20.525585174560547,2822100
2010-09-17,20.528418426927,20.670151204925972,20.307316785479905,20.542593002319336,3117600
2010-09-20,20.610621287595162,21.285263832106942,20.610621287595162,21.177547454833984,3729600
2010-09-21,21.231409606507928,21.560226033887886,21.072670250050898,21.36180305480957,4371000
2010-09-22,21.330614766821462,21.588567979071087,21.254081158999295,21.39297866821289,3753300
2010-09-23,21.299440610145616,21.4298340575343,21.061330766131906,21.098180770874023,2174400
2010-09-24,21.276758514909943,21.35896260168974,21.120852814129094,21.333450317382812,2779200
2010-09-27,21.375964485836782,21.517695572201955,21.21722521495066,21.356121063232422,1902000
2010-09-28,21.4269948622827,21.80400055888027,21.169043254717984,21.710458755493164,2762100
2010-09-29,21.571557385210724,21.585730334042022,21.225731270164957,21.514863967895508,2328300
2010-09-30,21.466685756590696,21.588575116814617,21.194559503957915,21.299442291259766,2644200
2010-10-01,21.293767971355532,21.483686818531364,20.94510655304424,20.987627029418945,4816500
2010-10-04,20.97629256415491,21.035819618303904,20.786370443598678,20.894086837768555,2375400
2010-10-05,21.061329861709975,21.339123316138036,20.979125758970575,21.18038558959961,2681100
2010-10-06,21.140703702767766,21.310780792193807,20.902593831182347,20.976295471191406,3108900
2010-10-07,21.004638907852758,21.03865367293433,20.695662672579328,20.882749557495117,2724600
2010-10-08,20.9082587075558,20.967787380609447,20.803377558350192,20.828889846801758,1959600
2010-10-11,20.62478964938438,20.664474880878462,20.159911070133994,20.420696258544922,4404300
2010-10-12,20.409359510906704,20.70132585055533,20.28180133836157,20.613452911376953,2723100
2010-10-13,20.672986840323517,20.8288925869424,20.59645158689074,20.763696670532227,2269800
2010-10-14,20.732503401759658,20.865732028866585,20.573764117752386,20.724000930786133,2520900
2010-10-15,20.828894834283194,20.874248943285693,20.375352122267333,20.40936851501465,3961800
2010-10-18,20.32999186873758,20.536918898266357,20.213771400570952,20.457550048828125,2175300
2010-10-19,20.25062401457104,20.939439573677152,20.230782205144624,20.61912727355957,4710000
2010-10-20,20.66164258178765,20.715500766109137,20.395186899035615,20.6332950592041,2216100
2010-10-21,20.72683624742927,20.837386221042753,20.40085355970949,20.539751052856445,2967300
2010-10-22,20.590779910066328,20.90825859535986,20.528417619957477,20.687158584594727,2357700
2010-10-25,20.820384491384402,21.21439839791485,20.820384491384402,21.137863159179688,4836900
2010-10-26,20.04086249464624,20.40936414590732,19.71771332068801,20.395191192626953,14056800
2010-10-27,20.219435178432757,20.429197394255976,20.0975458849166,20.39801788330078,4384800
2010-10-28,20.47172228592377,20.53691818218873,20.24211659657248,20.3384952545166,2959800
2010-10-29,20.253456580100398,20.706997495604295,20.140069729234167,20.6843204498291,3667500
2010-11-01,20.72117219233412,20.811880383077547,20.347000094522283,20.500070571899414,3250800
2010-11-02,20.585107627837385,20.704161709513503,20.49156420824031,20.51707649230957,2281500
2010-11-03,20.568099969114268,20.61345406063628,20.196763142029038,20.451879501342773,2378100
2010-11-04,20.60495190304814,20.650305998834433,20.31865437614594,20.647472381591797,3605400
2010-11-05,20.653140734746938,20.92810054199695,20.556762067057015,20.769359588623047,3203400
2010-11-08,20.675814987283232,20.837387914000114,20.65597318178875,20.735342025756836,1777500
2010-11-09,20.806208397363108,21.015970651411074,20.681483842854494,20.735342025756836,3450000
2010-11-10,20.698498422828653,20.90259188432522,20.596450881085048,20.854402542114258,2223300
2010-11-11,20.76086276794731,20.959287391702023,20.647477500371874,20.922435760498047,2571000
2010-11-12,20.809039683436154,20.936599462438135,20.57093155621105,20.709827423095703,2004000
2010-11-15,20.741017650230464,20.998969315792923,20.709836501427237,20.83739471435547,2140800
2010-11-16,20.715500234256947,20.88274363864822,20.60778386837949,20.8515625,3085500
2010-11-17,20.845869355578145,20.888597323300047,20.62937707386521,20.73762321472168,2272200
2010-11-18,20.87436424569441,20.97121695825336,20.697752297463175,20.717693328857422,2502900
2010-11-19,20.711986770421348,20.934175785117507,20.623680023187415,20.90283966064453,1748400
2010-11-22,20.800295513210244,21.352919778132566,20.746172434173122,21.290250778198242,2817000
2010-11-23,21.15635924990291,21.26460536905337,21.028173742474063,21.105085372924805,1929900
2010-11-24,21.236122821512602,21.444067539034066,21.162058734070936,21.392793655395508,1933800
2010-11-26,21.25891627823108,21.378555910856427,21.221883411020617,21.290250778198242,541200
2010-11-29,21.18769751119442,21.20763853299058,20.868657462130365,21.142120361328125,1569300
2010-11-30,20.971205450870183,21.32442752354334,20.9028381007112,21.12787628173828,1927800
2010-12-01,21.361462060794413,21.689046402909884,21.35861287765803,21.646318435668945,2198700
2010-12-02,21.5722567337485,21.90269027064092,21.520981215292068,21.708988189697266,2456400
2010-12-03,21.632077482379003,22.00808818760044,21.59504624852898,21.94257164001465,2339700
2010-12-06,21.925474166870117,21.96820212332,21.80868213728656,21.925474166870117,1156500
2010-12-07,22.087842563468282,22.19323949744632,21.82007645473193,21.862804412841797,1227600
2010-12-08,21.857114441535177,22.084998568280508,21.808688106995884,22.002391815185547,2077800
2010-12-09,22.093542185364456,22.13627177902462,21.85141379783708,22.07645034790039,1523700
2010-12-10,21.99669700655449,22.244523825793085,21.99669700655449,22.15052032470703,1200300
2010-12-13,22.22457399764314,22.46955153619598,22.150511551558324,22.270151138305664,2805300
2010-12-14,22.298648463869064,22.646175571231474,22.298648463869064,22.61199188232422,3258600
2010-12-15,22.546474956825815,23.571961158071375,22.50944371441572,23.073461532592773,6873900
2010-12-16,23.002234786853503,23.35830434266954,23.002234786853503,23.349760055541992,3062700
2010-12-17,23.332679171145607,23.475107386305563,23.278556090791913,23.364013671875,2703900
2010-12-20,23.28995178000942,23.665964194545282,23.28995178000942,23.62893295288086,1648800
2010-12-21,23.65171231056996,23.85681109666916,23.597589246178128,23.72577476501465,1803900
2010-12-22,23.720077509373326,24.078997932228987,23.720077509373326,24.070453643798828,2412900
2010-12-23,24.01348127826815,24.210032510528787,23.92802372468653,23.95935821533203,1871700
2010-12-27,24.01917465902955,24.039114045761128,23.905231813491163,24.00208282470703,780900
2010-12-28,24.01347659409094,24.07899311540878,23.799833566794696,23.8568058013916,1832400
2010-12-29,23.905239589562775,23.993546342309486,23.77420486707794,23.8909969329834,1560300
2010-12-30,23.882452767609333,24.03342689440336,23.819783770081944,23.94512176513672,1005000
2010-12-31,23.902381307115405,23.996384760715173,23.819772952421793,23.8568058013916,966300
2011-01-03,23.899530486460257,24.210024477145687,23.888135389112445,24.141658782958984,2106600
2011-01-04,24.113185502169195,24.113185502169195,23.660261533722966,23.848268508911133,3537600
2011-01-05,23.79129380879734,23.962208926864747,23.463707857474287,23.529224395751953,4503900
2011-01-06,23.580504163159954,23.737176665477005,23.45801697494086,23.603294372558594,2069400
2011-01-07,23.72008305843545,23.72008305843545,23.270008240673338,23.549169540405273,3662700
2011-01-10,23.685895736273423,23.779899209751505,23.455160826809372,23.534921646118164,4626300
2011-01-11,23.60328646923004,23.851111576320974,23.563406061087647,23.711532592773438,3263400
2011-01-12,23.819785051669935,23.87675731520587,23.626082941576843,23.680204391479492,2890800
2011-01-13,23.720078113215763,23.916630981425737,23.643168105615544,23.816930770874023,2966400
2011-01-14,23.76850846264188,24.104640378509288,23.75426580586344,24.007787704467773,2160300
2011-01-18,23.95650662977382,24.210030082316788,23.925173772238196,24.19578742980957,2146500
2011-01-19,24.21288516379456,24.21288516379456,23.66595931360956,23.67450523376465,2567700
2011-01-20,23.557709773880894,23.64316732725003,23.284246907073477,23.326974868774414,3627900
2011-01-21,23.435219603158014,23.603287158808772,23.28424714428321,23.44091796875,2280000
2011-01-24,23.44662308445944,23.945124304055074,23.44662308445944,23.7286319732666,5687700
2011-01-25,23.640320695350162,24.540470210703923,23.47510230635097,24.523378372192383,6785700
2011-01-26,24.49774490026887,24.511985927282492,24.158763796232158,24.17585563659668,4338600
2011-01-27,24.13312170113722,24.546165199276672,24.084695372124795,24.412282943725586,2458800
2011-01-28,24.380954146146806,24.71708445496307,24.024881182539435,24.059064865112305,2703300
2011-01-31,24.101793108425934,24.292647658349157,23.95651571579877,24.135976791381836,2553000
2011-02-01,24.235675200945224,24.39234605610992,23.99924188156966,24.11888313293457,3026400
2011-02-02,24.113184643949683,24.212883234557538,23.628926196874144,23.879600524902344,3246300
2011-02-03,23.902386622305308,24.0619082626628,23.714381303265846,23.910932540893555,1714500
2011-02-04,23.987843523203484,24.087543730720828,23.748564329135665,23.95935821533203,1527000
2011-02-07,23.965046962763257,24.087535701742652,23.85680250293887,23.919469833374023,1497600
2011-02-08,23.90239158864548,24.03342631761224,23.87390627407764,23.976455688476562,1943700
2011-02-09,23.9764564721848,24.101792838360694,23.862511950253698,24.059064865112305,1891800
2011-02-10,23.939422554095774,24.440772886671418,23.853966611354217,24.309738159179688,2545500
2011-02-11,24.278402792825982,24.64302001804015,24.235674822984034,24.449317932128906,2071800
2011-02-14,24.42368305369209,24.426530607370296,24.19294807740184,24.292648315429688,1604700
2011-02-15,24.255609011318217,24.338217379933198,24.007782275506063,24.084693908691406,1868700
2011-02-16,24.133128671411058,24.335378334555728,24.002093930917972,24.09040069580078,1715100
2011-02-17,24.024871815564765,24.289788732346167,24.004932428483155,24.247060775756836,1894200
2011-02-18,24.29833955885402,24.33252323500555,24.070455447702514,24.22142791748047,2180700
2011-02-22,24.144512509337446,24.27554882749716,23.859656192362767,23.942264556884766,2838600
2011-02-23,23.98088657311831,24.10676955114072,23.382937925552177,23.646148681640625,3840600
2011-02-24,23.649016610939878,23.70909732526535,22.988125479206307,23.208423614501953,4293000
2011-02-25,23.242749116306417,23.503099906666662,23.20269477077185,23.37435531616211,1993800
2011-02-28,23.3915140225737,23.520260216919,23.00814195937782,23.494510650634766,3462300
2011-03-01,23.560325316200984,23.623266000747485,22.91946057152041,23.013874053955078,2349900
2011-03-02,23.071103443861517,23.219876121578825,22.673426252730533,22.836502075195312,3163800
2011-03-03,22.922321700140163,23.42299701561596,22.922321700140163,23.38866424560547,1708800
2011-03-04,23.331445300692394,23.56890818792257,22.928045044532062,23.151203155517578,3338700
2011-03-07,23.248475220241964,23.402969413730258,22.762106308821224,22.887990951538086,2043300
2011-03-08,22.950932979346828,23.560326596326608,22.830771549411395,23.285669326782227,3223800
2011-03-09,23.237032338544523,23.546019092217982,23.048205372163192,23.417274475097656,2100600
2011-03-10,23.108292164591603,23.44303022167254,23.068239437314446,23.36864471435547,2825100
2011-03-11,23.262784358529423,23.820678888587665,23.262784358529423,23.677629470825195,2407200
2011-03-14,23.540291634900733,23.81780879533252,23.199833805125383,23.425851821899414,2615400
2011-03-15,22.956657352230746,23.597520526835293,22.956657352230746,23.543161392211914,3546000
2011-03-16,23.437298594709855,23.51740565201615,22.813600333542027,23.076812744140625,3370800
2011-03-17,23.391526450145232,23.49738474305967,23.031040516024458,23.102567672729492,2315100
2011-03-18,23.340029609872197,23.3972503546636,23.13117790222168,23.13117790222168,2529600
2011-03-21,23.368642045715507,23.711961621523137,23.297116520185092,23.51455307006836,2507700
2011-03-22,23.48308798126414,23.62327582115698,23.348620089435553,23.60038948059082,2021700
2011-03-23,23.574637205003576,23.786350564806916,23.3657838189064,23.74629783630371,2811900
2011-03-24,23.79493110763434,24.006644443837782,23.64615846795292,23.946563720703125,2475900
2011-03-25,24.032393398321943,24.229801951195423,23.963729482666956,23.989479064941406,3532800
2011-03-28,24.03238266352044,24.118212929019673,23.90077647469844,23.937969207763672,1818300
2011-03-29,23.935118485546173,24.149693413679472,23.852149797094604,23.99519920349121,1932900
2011-03-30,24.135391402017575,24.22408168398811,23.955147590454555,24.086753845214844,3320700
2011-03-31,24.058142941771322,24.16113799654915,23.90650869583566,24.02953338623047,2137500
2011-04-01,24.175445113393444,24.696145260249015,24.132529141759104,24.430072784423828,4908000
2011-04-04,24.4272045666242,24.747636095127845,24.361402277353026,24.472980499267578,2231400
2011-04-05,24.447230170048396,24.55308679930172,24.33565032196686,24.372844696044922,1805700
2011-04-06,24.581695900117907,24.618888636446318,24.369982645444047,24.46153450012207,2601000
2011-04-07,24.461542416762843,24.681838933743233,24.332797784089983,24.404321670532227,2413500
2011-04-08,24.458676103889726,24.48728565105106,24.201185268208516,24.31276512145996,1985400
2011-04-11,24.338517659221434,24.484428669229384,24.16685870673231,24.221216201782227,1941600
2011-04-12,24.06385842996227,24.23265738421865,23.900781057949374,23.99805450439453,1753500
2011-04-13,24.075306156627132,24.12680531780681,23.832121675893486,24.003782272338867,1646400
2011-04-14,23.94369693238201,24.238378880330295,23.783479533521966,24.11821746826172,1472700
2011-04-15,24.161130977776672,24.61603030928232,24.060995925395886,24.518756866455078,4013100
2011-04-18,24.2755716203955,24.307042778237545,23.87503303447476,24.11821746826172,3986700
2011-04-19,24.112498998328512,24.47298494261453,24.029531947059827,24.335657119750977,3631200
2011-04-20,24.490146362820838,24.667528507313378,24.369984951454725,24.547367095947266,4044300
2011-04-21,24.061004445109848,24.103918781150035,23.566052227056346,23.94370460510254,7414200
2011-04-25,23.90365101736631,24.012369303351168,23.62899532882164,23.797794342041016,3031200
2011-04-26,23.94369710645422,23.94369710645422,23.606097559610287,23.64901351928711,3005700
2011-04-27,23.64043467977468,23.663322650124048,23.308559928247227,23.4802188873291,5267700
2011-04-28,23.425864054616287,23.697659775595664,23.30284098676411,23.669050216674805,3703200
2011-04-29,23.686210798702664,23.777762680789028,23.45160951012555,23.543161392211914,2538000
2011-05-02,23.65474252438838,23.837846310930026,23.608966577752966,23.737712860107422,2469300
2011-05-03,23.68335068721415,23.81781854571089,23.566050854041016,23.814958572387695,1937400
2011-05-04,23.88648563630322,24.015230291110868,23.654744275403196,23.840709686279297,4153200
2011-05-05,23.660455604868122,24.095326911522626,23.660455604868122,23.897916793823242,3016800
2011-05-06,24.1353819940225,24.26698656040623,23.8836143877441,24.03810691833496,4221000
2011-05-09,24.023805124570238,24.17257772890426,23.886477322297235,24.058137893676758,1740600
2011-05-10,24.12394060194728,24.578839978011164,24.07530305723132,24.484426498413086,2941200
2011-05-11,24.444370559034237,24.487286518372688,24.05527513779886,24.252683639526367,1998000
2011-05-12,24.235523375090224,24.696142751951207,24.07244597359678,24.63892364501953,3245100
2011-05-13,24.63320036976391,24.724752244227588,24.461539786606192,24.66180992126465,3008700
2011-05-16,24.49872891738097,24.736191761379665,24.361401125941466,24.5731143951416,2349300
2011-05-17,24.51589621271949,24.696138331786283,24.398594772596937,24.49014663696289,3135000
2011-05-18,24.488713311290482,24.755925141240834,24.39676938511027,24.721446990966797,1941900
2011-05-19,24.76742101948495,24.95130888718032,24.640997288400772,24.856491088867188,1723800
2011-05-20,24.916831655001555,24.916831655001555,24.609392265236725,24.64961814880371,2112000
2011-05-23,24.368032519857408,24.597892290036494,24.290454641911122,24.514568328857422,1977900
2011-05-24,24.537561129171568,24.58065923153214,23.968657628758482,24.04336166381836,3721800
2011-05-25,23.988764257922213,24.14104615765145,23.89682034532442,24.123807907104492,3042900
2011-05-26,24.0031329400541,24.224372798669034,23.93417499798891,24.12955665588379,2662200
2011-05-27,24.192768710365105,24.79327643317419,24.164035001205878,24.638120651245117,3003300
2011-05-31,24.77317046291985,25.247257874672098,24.753058341196702,25.238637924194336,8072100
2011-06-01,25.207031128117606,25.22714324915536,24.727197647094727,24.727197647094727,3159000
2011-06-02,24.74155576509602,24.799021533237163,24.36516016264516,24.52606201171875,2802000
2011-06-03,24.310570123112143,24.330683883343482,24.046232172829757,24.12668228149414,2260500
2011-06-06,24.077835373622833,24.221498976487837,23.71867965463415,23.773271560668945,3026400
2011-06-07,24.00314355660357,24.09508752002381,23.810635677681468,23.885339736938477,2292000
2011-06-08,23.819252226460492,23.819252226460492,23.523308253019064,23.580772399902344,2335500
2011-06-09,23.580761435256463,23.78763522720107,23.46870541448567,23.638225555419922,3043500
2011-06-10,23.572154882614846,23.67559265940607,23.339422761988043,23.43711280822754,2741100
2011-06-13,23.42848883295456,23.609502856142832,23.21874109420533,23.382516860961914,2355000
2011-06-14,23.50031003481012,23.802001602302187,23.50031003481012,23.733043670654297,1984800
2011-06-15,23.523307933979293,23.586518165876097,23.187136431738942,23.365278244018555,3592200
2011-06-16,23.408379591462136,23.60375967442303,23.18713801045369,23.563533782958984,3711300
2011-06-17,23.74454679452002,24.115196439038183,23.638235169622135,23.704320907592773,2868300
2011-06-20,23.67270286988888,23.916930287331343,23.655462978006057,23.819238662719727,2247000
2011-06-21,23.985892501394062,23.9916369409338,23.842228902120628,23.954286575317383,1874400
2011-06-22,23.92555866458424,24.006010431192433,23.804882658759222,23.84798240661621,2786700
2011-06-23,23.71005866967028,24.385273627787974,23.569268936893117,24.350793838500977,4450500
2011-06-24,24.30482298972043,24.356541031920816,24.037611186917037,24.172653198242188,3832800
2011-06-27,23.896829168776193,23.96291326382359,23.51181348159148,23.813505172729492,5254800
2011-06-28,23.847976476619763,24.040482607526062,23.779016897195955,23.994510650634766,3563700
2011-06-29,24.037613600661764,24.037613600661764,23.68995001366976,23.750288009643555,4455000
2011-06-30,23.833610389904173,24.135301993642095,23.761780230028698,24.097949981689453,4016700
2011-07-01,24.16691037989365,24.681221939718196,24.106572381825845,24.62088394165039,2776800
2011-07-05,24.56629783838773,24.56629783838773,24.250240095773396,24.368043899536133,2548800
2011-07-06,24.365162693132124,24.612262398036968,24.281838718147544,24.517444610595703,2149200
2011-07-07,24.70421334045611,24.853621436234516,24.66398745155904,24.698467254638672,3243300
2011-07-08,24.365169957691613,24.454241687505096,24.26173383517679,24.44849395751953,3304800
2011-07-11,24.227252222220784,24.299084044887923,24.072096405948717,24.195646286010742,2685600
2011-07-12,24.132430938022008,24.258853011954546,24.0232471168391,24.06634521484375,2901900
2011-07-13,24.109441805949846,24.31631562279874,23.991638043711617,24.02899169921875,1991700
2011-07-14,24.135307384075738,24.333561300149682,23.86522164799626,23.882461547851562,2742300
2011-07-15,23.962916881494568,23.962916881494568,23.721564807417302,23.905452728271484,2790000
2011-07-18,23.902570304345634,24.166909917967093,23.84510617169834,23.965782165527344,4984500
2011-07-19,24.103701516379644,24.4858449584989,24.014631440357306,24.442745208740234,3300000
2011-07-20,24.48871493426306,24.514574781747747,24.181277205211874,24.3737850189209,3661200
2011-07-21,23.41412429292783,23.784772313241167,23.14978461504021,23.273334503173828,12266700
2011-07-22,23.319305925552865,23.38826388631296,22.833726335334397,22.882572174072266,5623500
2011-07-25,22.655576186950515,23.031971789738797,22.5147880964392,22.931407928466797,4447200
2011-07-26,22.885436485575493,22.885436485575493,22.621098549395214,22.68143653869629,3639600
2011-07-27,22.552140288222482,22.603858329153123,22.247574838104523,22.307912826538086,7898100
2011-07-28,22.382620100768403,22.514789898512145,22.126900453404097,22.18436622619629,3648300
2011-07-29,21.99760843258358,22.408483931076116,21.853944797092243,22.172876358032227,4699800
2011-08-01,22.215973152264702,22.26769120306664,21.93152140672324,22.0435791015625,4421400
2011-08-02,21.943012463587188,22.12115422073306,21.316643271569365,21.319517135620117,4893300
2011-08-03,21.36261789321842,21.718901451896045,21.049434080236505,21.698787689208984,6826800
2011-08-04,21.46891991033304,21.5867219930608,21.28790434746795,21.32525634765625,9287700
2011-08-05,21.523518628910185,21.695914314344638,21.026446978310638,21.529266357421875,9086700
2011-08-08,21.112642154183046,21.32526204781962,20.207567386107403,20.36846923828125,6929700
2011-08-09,20.661549925371997,21.07242550531697,20.049548175224793,21.029327392578125,8137200
2011-08-10,20.75349092653106,20.8914068296401,20.224811653859145,20.265037536621094,6942600
2011-08-11,20.328244233308613,21.345375075386663,20.207568250040698,21.092529296875,4518900
2011-08-12,21.167236329204005,21.856815769603777,21.158616380688123,21.767744064331055,5106000
2011-08-15,21.89130223716431,21.89417445815381,21.35400290979413,21.61259651184082,3396300
2011-08-16,21.365488621360885,21.60684222956668,21.19596681604553,21.489038467407227,3824100
2011-08-17,21.603097608861106,21.603097608861106,21.129573052071233,21.236404418945312,4088400
2011-08-18,20.81484437800423,20.84660530906995,20.46836209443273,20.508785247802734,7170600
2011-08-19,20.28935274196801,20.710905541749984,20.058367237587447,20.08724021911621,5595300
2011-08-22,20.401951552294193,20.759982322510357,20.361528403627894,20.46258544921875,4255500
2011-08-23,20.51456228084261,20.990974658980665,20.384632233041394,20.988086700439453,3228600
2011-08-24,20.959212961473945,21.32879233810043,20.817732736802817,21.314355850219727,2886900
2011-08-25,21.374987873452888,21.47315862581657,20.869702581478016,20.92745018005371,2070600
2011-08-26,20.907242459639363,21.36055448295652,20.572310304513493,21.271047592163086,3337800
2011-08-29,21.502033190728806,21.782105677645966,21.502033190728806,21.77055549621582,3173700
2011-08-30,21.70992683848816,21.86584358653373,21.548235824405843,21.70703887939453,2836800
2011-08-31,21.782108050060287,22.013095182320164,21.692599503715652,21.868728637695312,2252400
2011-09-01,21.822534286961066,21.874505989941674,21.369222148209435,21.389432907104492,2853000
2011-09-02,21.1295676558427,21.331681804763036,20.939002037183393,20.964988708496094,2050500
2011-09-06,20.442386611678586,20.933235640847837,20.413513625301203,20.91013526916504,2576400
2011-09-07,21.16710369021919,21.473162884281734,21.07759514249841,21.461612701416016,2102400
2011-09-08,21.395204078808067,21.554007111851448,21.271048289347668,21.366331100463867,4260600
2011-09-09,21.18731504128075,21.253724877289258,20.858158776524583,21.037174224853516,3777300
2011-09-12,20.895698401956796,21.207531936133307,20.78886703255209,21.18154525756836,3767700
2011-09-13,21.181539743470253,21.455837994190997,21.094919156287368,21.366331100463867,2635800
2011-09-14,21.50781184034357,22.316266880026067,21.44717791888619,22.033308029174805,4117200
2011-09-15,22.12281375379097,22.17767175026252,21.744570478517044,21.857177734375,5065500
2011-09-16,21.871617353719618,21.94957572596432,21.62619370517543,21.761898040771484,3910500
2011-09-19,21.481825563046144,21.643518226122087,21.302810102198187,21.559783935546875,2856900
2011-09-20,21.646401940768023,21.709923814776513,21.386541831651833,21.4327392578125,3065100
2011-09-21,21.4529521928458,21.51069815534124,20.624284744262695,20.624284744262695,3300900
2011-09-22,20.136325085896615,20.546326038966427,20.072801554314093,20.208507537841797,6747300
2011-09-23,20.211388335259397,20.915901430546178,20.12188145838565,20.60984230041504,3967200
2011-09-26,20.817737586937955,22.085282335269284,20.751329396784847,22.024646759033203,6947400
2011-09-27,22.49528065214669,22.590563465669653,21.828305913936923,21.998659133911133,4649700
2011-09-28,22.024642944893635,22.388448078555207,21.8860506703702,22.05929183959961,5859000
2011-09-29,22.40287995459811,22.480838299484876,21.640622601666248,22.030412673950195,5330100
2011-09-30,21.784994928017092,22.07950394241067,21.441400527174473,21.458724975585938,5034000
2011-10-03,21.374998364826617,21.753240116875286,21.15844765514184,21.323026657104492,5854800
2011-10-04,21.094916959066076,21.93513441942862,21.094916959066076,21.906261444091797,5400000
2011-10-05,21.86584454209561,22.913949046415624,21.83696990634903,22.856203079223633,6372600
2011-10-06,22.853311718299498,23.32972248532225,22.69162072121873,23.035213470458984,4755600
2011-10-07,23.09874181307839,23.237334125176204,22.72049843597526,22.994796752929688,3472200
2011-10-10,23.23444566382193,23.497193789683063,22.78113187383032,23.032331466674805,4791300
2011-10-11,23.009223935396378,23.286408447435207,22.833096483223787,22.991899490356445,4300500
2011-10-12,23.162255053257812,23.384581599050605,23.017888518138616,23.139156341552734,3075600
2011-10-13,22.98035763778995,23.05542805190501,22.685848595153328,22.965919494628906,2209500
2011-10-14,23.14205338227036,23.196913050618605,22.812895372180872,23.110292434692383,2074800
2011-10-17,22.89085026635937,23.101626680763633,22.385564794061633,22.437538146972656,2450100
2011-10-18,22.411549152145366,23.061201126974407,22.102603634452464,22.96014404296875,4822500
2011-10-19,22.919718399766502,22.919718399766502,22.270066495208717,22.32781410217285,3536700
2011-10-20,22.48084529670778,23.026552228617994,22.382676171615294,22.96014404296875,4100100
2011-10-21,23.557830978060558,23.811916913241394,23.269096134734173,23.673324584960938,4763100
2011-10-24,23.557821506541604,23.658878578467885,23.286411226409612,23.554933547973633,3401100
2011-10-25,23.505846236267526,24.961066528583824,23.41345140197125,24.008243560791016,9750600
2011-10-26,24.201693996669004,24.247891411039863,23.583803166421305,23.63288688659668,4999800
2011-10-27,24.236347502498983,24.268108439615784,23.78014750450807,23.982261657714844,6603600
2011-10-28,23.94761010627137,24.55683876285297,23.878313979250002,24.32296371459961,5873100
2011-10-31,23.96205475493795,24.181493391326715,23.860997662090547,23.881208419799805,4117500
2011-11-01,23.347041591483315,23.912960777847346,23.17957636729241,23.569366455078125,4533000
2011-11-02,23.86099520635797,24.146842004787345,23.7195149605024,24.1208553314209,4935900
2011-11-03,24.253669419405913,24.883110526502826,24.091978444143884,24.793601989746094,4658100
2011-11-04,24.536631732102105,24.963957087446982,24.496208572173465,24.911985397338867,3260700
2011-11-07,24.92642855908507,25.067908830635268,24.55684905999951,24.937978744506836,2402100
2011-11-08,24.961069809521366,25.206493413861118,24.78205438150466,25.03902816772461,3813000
2011-11-09,24.6232562605567,24.98417351901278,24.4211420671331,24.52797508239746,3345600
2011-11-10,24.74451993326075,24.97261909778371,24.565504499806533,24.796491622924805,2472900
2011-11-11,24.975505363724825,25.192055997815793,24.89754865543028,24.998605728149414,1989900
2011-11-14,24.865793724395775,24.995723805797237,24.629030627294725,24.828258514404297,2544000
2011-11-15,24.782056064332007,24.97262003501899,24.683886946359962,24.8369140625,2109600
2011-11-16,24.64698559607267,25.018141524582685,24.551298423007765,24.55999755859375,2471700
2011-11-17,24.620895340545914,24.649891359506864,24.107657840821126,24.351228713989258,3141900
2011-11-18,24.496205310200892,24.606392150081174,24.214939339767152,24.39181900024414,2220600
2011-11-21,24.18884194713585,24.48170563912221,24.12214913107396,24.36281967163086,2613000
2011-11-22,24.336727970506026,24.86736202648113,24.25843740075401,24.56290054321289,3868500
2011-11-23,24.420818775378933,24.44111565566678,24.09605873562899,24.107656478881836,3567600
2011-11-25,24.10765801546196,24.403422056740542,23.971375398005577,24.252639770507812,1064700
2011-11-28,24.693382767707607,24.736876788611397,24.22073911276227,24.249736785888672,3868500
2011-11-29,24.383116403479306,24.63538466605855,24.18884015837979,24.432409286499023,3126000
2011-11-30,24.786172563741406,25.18342427920537,24.458512280674665,25.177623748779297,3322800
2011-12-01,25.05003995223487,25.134129391196804,24.791971105000204,24.936954498291016,2145900
2011-12-02,25.04133503317171,25.047133902990854,24.620886276264578,24.89925193786621,2728200
2011-12-05,25.1283301156916,25.197921546042757,24.68178385987874,24.820966720581055,2794500
2011-12-06,24.945648575557087,25.226914528281295,24.771670850186613,25.02393913269043,2504100
2011-12-07,24.9369545887843,25.08193466422002,24.673085210243215,25.006546020507812,6359100
2011-12-08,24.95145563605925,25.073241908903455,24.739782695031575,24.803573608398438,2545800
2011-12-09,24.745570232377318,25.197915246161656,24.493301982621926,25.04133415222168,2346600
2011-12-12,24.951442182253125,24.957242710587767,24.391812318831857,24.62668228149414,2065800
2011-12-13,24.78037116219247,24.90215574165458,24.18594295270455,24.299028396606445,2047800
2011-12-14,24.278730042933773,24.493304835589218,24.101852055143066,24.223636627197266,2327100
2011-12-15,24.345426248086465,24.39761940634942,23.87858311129239,24.31352996826172,2463000
2011-12-16,24.545502804372237,24.783273124859566,24.36282425124447,24.5426025390625,3022800
2011-12-19,24.678885295609234,24.82386702762129,24.400517914544032,24.444013595581055,2067300
2011-12-20,24.67888944024018,25.226921839819877,24.67888944024018,25.183427810668945,2229300
2011-12-21,25.253020278333295,25.40380091286565,25.055843687955303,25.357406616210938,2582100
2011-12-22,25.348706200691804,25.769155115132392,25.21242358333341,25.667667388916016,2442900
2011-12-23,25.783656471457167,26.146113394644797,25.624176686239817,26.004030227661133,2096100
2011-12-27,25.931531055495626,26.21569730776105,25.867740155264126,26.12000846862793,1184700
2011-12-28,26.12290921429511,26.218596395997825,25.832944085618447,25.867740631103516,1303500
2011-12-29,25.928629304040445,26.02431813156515,25.85903788198349,25.992420196533203,1184400
2011-12-30,26.001117531334742,26.038812674940065,25.85033695691346,25.8851318359375,1128900
2012-01-03,26.212800110790646,27.05659651175944,26.157706681131216,26.386777877807617,5081100
2012-01-04,26.331676985657904,26.76952234659305,26.331676985657904,26.656436920166016,4585500
2012-01-05,26.4447694407371,26.897114585052694,26.38097853818235,26.86231803894043,4120200
2012-01-06,26.801415622455345,26.95509809750117,26.656433939842884,26.821712493896484,2338800
2012-01-09,26.92030595578993,27.111683599981273,26.79562112427992,27.030492782592773,1779900
2012-01-10,27.49734213381141,27.63652500191321,27.134885296337806,27.401653289794922,4635900
2012-01-11,27.38714930177765,27.82499634907142,27.247966464066447,27.784400939941406,4193100
2012-01-12,27.711907849358923,27.946779498267283,27.511832737706715,27.932281494140625,2304900
2012-01-13,27.593030649525954,27.729314918109836,27.305965762821216,27.584331512451172,3509400
2012-01-17,27.72061037895986,27.906189168405767,27.569828131032068,27.653919219970703,1495800
2012-01-18,27.700310308241786,27.984474858399995,27.50603571256355,27.89458656311035,2879400
2012-01-19,27.848198648839837,28.40203318903706,27.3436603237901,28.20485496520996,3597000
2012-01-20,28.146860381083158,28.19905519766928,27.694515259146772,27.71771240234375,2795100
2012-01-23,27.740900831209437,27.848187377394407,27.300155248919534,27.566923141479492,1954200
2012-01-24,27.3929536664083,27.767008239982,27.37845565863747,27.668420791625977,2179800
2012-01-25,27.61332760292899,27.952583974213304,27.4103521740188,27.8539981842041,4502700
2012-01-26,27.990279360091534,28.880471600375675,27.61912506747613,28.42522621154785,8007300
2012-01-27,28.262843700817005,28.561504595236183,27.671314145386884,28.184553146362305,4483500
2012-01-30,27.96998304278602,28.20485475942068,27.7757084041167,28.056974411010742,3021300
2012-01-31,28.288945623210136,28.64850219927677,27.816303587788557,28.280244827270508,3062400
2012-02-01,28.381731971748426,28.43682373484298,27.897490572332753,28.277345657348633,4553400
2012-02-02,28.288942365321137,28.381730934369692,28.074369214193975,28.097564697265625,2966700
2012-02-03,28.36143027545794,28.602102475006138,28.288940248307636,28.34983253479004,3700200
2012-02-06,28.3034401247345,28.41072669936142,28.11496272330368,28.341136932373047,2125200
2012-02-07,28.33533426895004,28.770281064616064,28.271541718291743,28.555707931518555,2116200
2012-02-08,28.491926945124348,28.79348823240006,28.442632379755267,28.694902420043945,1960500
2012-02-09,28.729695875867346,28.91817000089758,28.555716442073127,28.85148048400879,2112900
2012-02-10,28.593403013312034,28.677494103430035,28.361431597239314,28.523813247680664,3733200
2012-02-13,28.68909435391338,28.845675488255356,28.50061693967281,28.74998664855957,2312100
2012-02-14,28.65720856341417,28.9964667058734,28.651411349371404,28.938474655151367,2897700
2012-02-15,28.96746914246835,28.981967154379078,28.660107307902265,28.770294189453125,2544300
2012-02-16,28.735487236811096,28.9935577285383,28.677495210150113,28.921064376831055,1649700
2012-02-17,28.996448662365733,29.129834278083923,28.871763839871072,29.089237213134766,2585400
2012-02-21,29.07764905763045,29.399508826996477,28.993561272370325,29.164640426635742,2069700
2012-02-22,29.18202942251522,29.248722238735734,28.857269454107776,28.987754821777344,2136000
2012-02-23,28.999409533120353,29.39821546410829,28.848035045198,29.389480590820312,2675400
2012-02-24,29.392389259803004,29.459343289432915,29.284682486394477,29.418590545654297,2670600
2012-02-27,29.185703341169468,30.149247587148793,29.110017780654573,30.079381942749023,4038600
2012-02-28,30.082292377897808,30.125956738233775,29.607797667333028,29.799924850463867,2307900
2012-02-29,29.829041834958897,30.07647660304764,29.74171309259039,30.026988983154297,3256200
2012-03-01,30.053189335673952,30.16380773805826,29.930927767611788,30.14634132385254,2318400
2012-03-02,30.099758867797625,30.16670955460539,29.77081535552785,29.820302963256836,2001000
2012-03-05,29.76207716884975,30.1841692236515,29.76207716884975,29.893070220947266,2869800
2012-03-06,29.65146736537491,30.09393757731325,29.63400095378325,30.012432098388672,4324500
2012-03-07,30.08811919437655,31.01963898422109,29.93092481341809,30.900285720825195,6035700
2012-03-08,30.9992659815531,30.9992659815531,30.516039595680734,30.696523666381836,5408700
2012-03-09,30.827515806125017,30.978886958908046,30.670321404628034,30.865360260009766,3693000
2012-03-12,31.00798710056535,31.447545587476856,30.743086026604672,31.150623321533203,3264600
2012-03-13,31.26417205841063,31.36605894179058,31.147733713266234,31.21759605407715,3444000
2012-03-14,31.153545830420196,31.27289910195983,31.031284266083116,31.203033447265625,3624000
2012-03-15,31.261247810138634,31.412622261631025,31.02254796642876,31.398067474365234,2784900
2012-03-16,31.438820520167475,31.50868616482895,31.019636646330518,31.042922973632812,3563700
2012-03-19,31.045824117944537,31.406788720305705,30.86825510522634,31.313636779785156,2912700
2012-03-20,31.208851084450664,31.2641586083248,30.99634586577778,31.19720458984375,1680000
2012-03-21,31.243793083422883,31.31947866371468,31.0807754248112,31.16810417175293,1301100
2012-03-22,31.06620667516234,31.29908656041551,30.91774387441408,31.2263126373291,2231400
2012-03-23,31.092406550865725,31.40679524831336,30.73435349685633,31.322378158569336,2171100
2012-03-26,31.421352910051993,31.922045573096554,31.2728934178771,31.904579162597656,2059200
2012-03-27,31.980264720508107,32.2509890861753,31.828893604687202,31.904579162597656,2842200
2012-03-28,31.892940755197532,32.00937906738367,31.363138439444214,31.54361915588379,2477700
2012-03-29,31.43882010894994,31.814339615650354,31.427176945451084,31.79104995727539,3154800
2012-03-30,31.907484122472876,32.000636071427756,31.52323316587811,31.633848190307617,3410100
2012-04-02,31.27871122537604,32.02975016931731,31.232135244310925,31.965707778930664,3109200
2012-04-03,31.986089117916514,31.986089117916514,31.625124394506855,31.84636116027832,2090700
2012-04-04,31.6192977091723,32.02101508495837,31.517410887973814,32.00063705444336,2333700
2012-04-05,32.175285433748364,33.313486448711814,32.175285433748364,32.245147705078125,7194600
2012-04-09,33.05152259854584,33.23782657431438,32.35579098229064,32.553741455078125,7335300
2012-04-10,32.55082171524965,32.55373333877846,31.718273948993655,31.727008819580078,4028700
2012-04-11,32.10254294383634,33.5551340799188,32.02394572143897,33.42414093017578,8599200
2012-04-12,33.45033540930961,33.767635891004694,33.098105423482345,33.6453742980957,4012500
2012-04-13,33.60168358396778,34.08782132931186,33.58422050954636,33.94809341430664,3287700
2012-04-16,34.25085951333997,34.30907868012677,33.74725505905062,34.166439056396484,3568800
2012-04-17,34.32654381452953,34.47791497507364,34.05873099338201,34.2304801940918,2695200
2012-04-18,34.11403345421997,34.26249629953121,33.956839068068156,34.10239028930664,2941800
2012-04-19,34.13732363046683,34.35564879992969,33.42121734113889,33.98012924194336,3171000
2012-04-20,34.026709439861776,34.67586511163955,34.026709439861776,34.46335983276367,3128400
2012-04-23,34.160612537174046,34.402224031476,33.869510096737606,34.355648040771484,2481600
2012-04-24,34.279954538143,34.73115955187189,34.23046693484014,34.396392822265625,2893200
2012-04-25,34.678761488123584,35.22311847995603,34.55649995314411,35.01934814453125,2894100
2012-04-26,34.93202618278889,35.39487446367,34.76318863367753,35.06302261352539,3582900
2012-04-27,35.21149141342065,35.490947430084425,35.09796136559521,35.2202262878418,4094700
2012-04-30,35.080477597059236,35.24931843857315,34.89126538610731,35.013526916503906,2455800
2012-05-01,35.12414924420565,35.54915635651291,34.91746726975371,35.1037712097168,3023400
2012-05-02,34.911642421183174,35.4822007096851,34.911642421183174,35.380313873291016,3262200
2012-05-03,35.44727774327801,35.8839281203416,35.31046138024376,35.4851188659668,3175200
2012-05-04,35.362841315936386,35.362841315936386,35.080473844332886,35.25513458251953,3246600
2012-05-07,35.21147014835164,35.453084890742204,35.05718744053811,35.4065055847168,2364600
2012-05-08,35.1736370010901,35.90720960062988,34.88544621884576,35.79949951171875,6159000
2012-05-09,35.56370643926449,36.23323994545828,35.33956139404941,36.09642028808594,5094600
2012-05-10,36.227404318071954,36.44572937288903,35.72380021442362,35.79657745361328,5699700
2012-05-11,35.685970991165256,35.88974133223415,35.56661774497899,35.723812103271484,4583100
2012-05-14,35.50840588534595,35.68015506528633,34.92620431549006,35.0892219543457,5066400
2012-05-15,35.01353566474698,35.04846515974693,34.279962967705046,34.474998474121094,8782800
2012-05-16,34.91599694163358,34.9364422985382,34.390286886688365,34.47206497192383,3664200
2012-05-17,34.530504226239024,34.530504226239024,33.49368281156843,33.75362014770508,5698800
2012-05-18,33.87917804263265,34.22088989583718,33.82368446014943,33.899620056152344,6457800
2012-05-21,33.84124009680282,34.787523041653635,33.785749805012834,34.702823638916016,3790800
2012-05-22,34.84299070156324,35.135051539861024,34.667752861631044,34.796260833740234,3987900
2012-05-23,34.79626562787433,36.50775019728112,34.670678881898034,36.303306579589844,7500000
2012-05-24,36.364641731164355,36.65962387301226,36.130992344434105,36.60413360595703,5476200
2012-05-25,36.3763104296843,36.925387128847774,36.3763104296843,36.89033889770508,3315000
2012-05-29,37.12983899124263,37.833708302589415,37.06558500057203,37.813262939453125,4095600
2012-05-30,37.48615583995261,37.62050631574889,36.90495199166574,37.2379035949707,3945000
2012-05-31,37.32259441346367,38.041066474569625,36.875737800834685,37.86290740966797,4307700
2012-06-01,37.322599020135044,37.44818575129208,36.38215915820409,36.39384078979492,7753500
2012-06-04,36.42890437064615,36.81442511459407,35.935317626218584,36.76185607910156,4565700
2012-06-05,36.694668458135055,37.54748779907767,36.431813342068416,37.4657096862793,4316100
2012-06-06,36.97797082491066,37.67891895098442,36.861144466039555,37.626346588134766,8616900
2012-06-07,37.81618208841347,38.38862214306513,37.713958620778335,37.98849868774414,4835400
2012-06-08,37.892135533667386,38.68654367345956,37.696455579173964,38.3828010559082,4597800
2012-06-11,38.6777752431134,38.698220610486814,37.99142990901796,38.029396057128906,2819400
2012-06-12,38.1637514211341,38.91142961032639,38.087815772842404,38.84717559814453,4389900
2012-06-13,38.289321488641015,38.40614448351972,37.909640070517845,37.96513366699219,5910600
2012-06-14,38.05568051891349,38.24843917129717,37.38393812360017,37.76945877075195,5699100
2012-06-15,37.979745652508605,38.081965797549586,37.77238077599265,37.83371353149414,4531200
2012-06-18,37.74900729674872,38.72157416041385,37.62342056454942,38.63395690917969,2868600
2012-06-19,38.87343947904104,39.12753078402824,38.46455238594435,38.50543975830078,4539900
2012-06-20,38.54343110294602,38.55219149399981,37.82203746619632,38.11701965332031,2958300
2012-06-21,38.11409312841115,38.14914137254059,36.852386421211826,36.913719177246094,4782900
2012-06-22,37.02761004704618,37.48030915849898,36.691740609857796,37.3459587097168,3044400
2012-06-25,37.199938913593975,37.23206256951961,36.624574187930605,37.197017669677734,3208800
2012-06-26,37.313836722748945,38.30100649134084,37.28463097145825,38.0556755065918,3317400
2012-06-27,38.13745193227487,38.32437140619202,37.664310760528146,37.8191032409668,2825400
2012-06-28,37.60298739352763,38.07320743904898,37.217463375653416,38.011871337890625,3548400
2012-06-29,38.58722464461976,38.663160259452205,38.169573749465805,38.65439987182617,3109800
2012-07-02,38.639794424163846,38.844238010804865,37.92132229871744,38.62811279296875,3282300
2012-07-03,38.62520456035835,38.709903935416946,38.19587522346253,38.6953010559082,1162800
2012-07-05,38.625206651905394,38.9669187302524,38.36819395320344,38.84133529663086,2236500
2012-07-06,38.64563205360804,38.86467848730705,38.33896838338275,38.791664123535156,2483400
2012-07-09,38.55219586799742,38.55219586799742,37.527059536761556,38.026485443115234,3166500
2012-07-10,38.09655772288344,38.625189102791516,37.675988945048,37.912559509277344,3743700
2012-07-11,37.96221816303473,37.99726640375065,37.23790345269856,37.42190170288086,3289500
2012-07-12,37.31968822540175,37.84247731608829,37.01302107799885,37.63219451904297,3019200
2012-07-13,37.827872721609424,38.2980927629049,37.78406408607689,38.00895309448242,3771600
2012-07-16,37.71980077657482,38.06443397221037,37.0801854969434,37.15904235839844,5190300
2012-07-17,37.47156130924712,37.693529094221915,37.06559523240569,37.5942268371582,4159200
2012-07-18,37.42483009938519,37.62635250844085,37.12400543678362,37.28171920776367,5592600
2012-07-19,36.06965620995925,38.701131972567275,35.862291354168974,38.67776870727539,14193000
2012-07-20,38.43243626781342,38.835480989241724,38.084881806159494,38.42659378051758,6683100
2012-07-23,37.82204938635152,38.49379210581237,37.585478644720794,38.303951263427734,2590500
2012-07-24,38.303922517774666,38.50836609134737,38.049827836816895,38.41782760620117,2399700
2012-07-25,38.51712736573583,38.63103245678586,37.36056236511836,37.854148864746094,3771600
2012-07-26,38.34190738704504,39.10710970463784,38.31854411473245,38.89390563964844,4981200
2012-07-27,39.02823184311523,39.72041938486528,38.78290090371354,39.49845504760742,3744300
2012-07-30,39.5335067153831,39.767156064964425,39.39623834920106,39.5568733215332,1773600
2012-07-31,39.43713800808606,39.58024890594957,39.07790181238174,39.2385368347168,1848900
2012-08-01,39.32030774207762,39.63281399588899,38.809197009010305,38.97859573364258,1781700
2012-08-02,38.84716769315934,39.34951470989692,38.636884916431896,39.2443733215332,1751700
2012-08-03,39.6620115713391,39.96867861641491,39.54810647788902,39.74378967285156,2300400
2012-08-06,39.91611078925268,39.91611078925268,39.419606321977206,39.54811096191406,1512000
2012-08-07,39.99204697417473,40.584932436514784,39.959919978143446,40.5323600769043,4623900
2012-08-08,40.38925834271818,41.23039616263174,40.30455897494752,41.12233352661133,4160700
2012-08-09,41.16905264128976,41.55749444905133,40.93832120893996,41.21870040893555,4110600
2012-08-10,41.10773509175279,41.30925750732422,40.77478341532023,41.30925750732422,1633500
2012-08-13,41.1778251138498,41.32385724343218,40.90620956423128,41.174903869628906,1941000
2012-08-14,41.1135682264645,41.344299710343776,40.98798147285342,41.285884857177734,1932900
2012-08-15,41.35323153493587,41.41766327441417,40.41604869094294,40.524410247802734,3142200
2012-08-16,40.521486712856,40.88464595470046,40.515631414013306,40.74699783325195,3336300
2012-08-17,41.165808869136384,41.423535914092156,41.16287954332891,41.19802474975586,1631700
2012-08-20,41.198029490182165,41.230245374508534,40.60936229713736,40.9637336730957,2080500
2012-08-21,40.972503295312414,41.10722543557022,40.211043006544564,40.357479095458984,4181400
2012-08-22,40.09391368439193,40.82609114656959,39.976767435488114,40.81730651855469,4053600
2012-08-23,40.79387552695483,41.27418118356752,40.632796082017066,40.9461669921875,2242200
2012-08-24,40.99593769858913,41.99169379525778,40.861218899596224,41.77204132080078,4652100
2012-08-27,41.68711037456235,41.92726477088318,41.49967377791119,41.76325607299805,2373000
2012-08-28,41.69589982947944,41.903835007019666,41.42060022361262,41.736900329589844,1805400
2012-08-29,41.780832277762016,42.43686042264356,41.74275774944371,42.32849884033203,2242800
2012-08-30,42.27871306473583,42.287501041816235,41.58753967285156,41.58753967285156,2341200
2012-08-31,41.86283860720189,42.152778164992164,41.739833743192,41.903839111328125,2079900
2012-09-04,41.93019423179378,42.1527760467366,41.555321007313665,41.921409606933594,1533000
2012-09-05,42.012190942124555,42.13226980423505,41.49966967723073,41.596317291259766,1582500
2012-09-06,41.88041051657576,42.366574664914936,41.67833062166966,42.22013854980469,1946100
2012-09-07,41.73982637444676,42.4397842564536,41.73689704931963,41.94776153564453,1790100
2012-09-10,41.93312528009342,42.4163634580325,41.903838727181565,42.10006332397461,1778400
2012-09-11,42.07662907338459,42.149845450448744,41.54360580444336,41.54360580444336,1957800
2012-09-12,41.707614154330415,42.395858147740164,41.52896217386466,42.18791961669922,1953600
2012-09-13,42.24357733734748,42.876174361993456,41.807198239781584,42.668235778808594,2472900
2012-09-14,42.64481139990108,42.905464468244254,42.35779774594515,42.823463439941406,3344700
2012-09-17,42.826367928822606,42.867371774034524,42.48371065245462,42.76193618774414,1245900
2012-09-18,42.82932129899989,42.82932129899989,42.45151861509536,42.60966873168945,1290300
2012-09-19,42.71802167147479,44.053509411537625,42.54815763488853,43.652278900146484,3845700
2012-09-20,43.570274861811185,43.61420469635254,43.13096981313458,43.371124267578125,2028600
2012-09-21,43.61127604886439,44.16480135726511,43.53220100480715,43.94807815551758,2860500
2012-09-24,43.951019752201745,44.00373422853619,43.549785767879136,43.75479507446289,2233800
2012-09-25,43.845571724582065,44.12380071677444,43.26568918709801,43.294979095458984,2291400
2012-09-26,43.26568531457358,43.55562823317986,42.80880769689875,42.84981155395508,2762700
2012-09-27,42.93473579416252,43.78698505638583,42.905445894868556,43.55854797363281,2103600
2012-09-28,43.52926654414892,43.684490639577014,43.1456086731503,43.611270904541016,2207700
2012-10-01,43.754769871007205,43.860202114577945,43.16317355499894,43.40332794189453,2571600
2012-10-02,43.64640738370398,43.994923331973816,43.1602433214984,43.514617919921875,2319000
2012-10-03,43.4882632700225,44.779820971138,43.37697236335654,44.75346374511719,2949300
2012-10-04,45.00240730173763,45.65843550568095,44.7534682373968,45.20741653442383,3502200
2012-10-05,45.40948343740594,45.834145058386014,45.32162044762675,45.596920013427734,2230200
2012-10-08,45.42414180335381,45.67601020502434,44.466456682151225,44.58360290527344,2837700
2012-10-09,44.355150592967284,44.48986937382009,43.79284087033419,43.89534378051758,2744700
2012-10-10,43.92463798608728,44.276083299834966,43.57905132316673,44.05643081665039,2043900
2012-10-11,44.29365098674851,44.577735190991554,43.5702618648728,43.72255325317383,1593000
2012-10-12,43.74598670841822,44.15014644863124,43.57026406217713,43.702056884765625,1478400
2012-10-15,43.731338512727376,44.43715499187097,43.42382307850287,44.381507873535156,1765200
2012-10-16,44.64803376712086,45.09905610160258,44.425451925725206,44.97897720336914,2382900
2012-10-17,45.25427882771474,45.54128909205857,44.91747672509488,45.16348648071289,2553600
2012-10-18,44.98484351130003,45.245496578151204,44.530895125344315,44.81790542602539,2395200
2012-10-19,44.75637527492553,44.80909306158475,44.00369974882342,44.0798454284668,2739000
2012-10-22,43.81627356289903,44.56016464300239,43.71084131627115,44.10621643066406,1760700
2012-10-23,43.795775674556154,44.03592672054055,43.00502543340311,43.7518424987793,3678000
2012-10-24,44.030079597716124,44.63631932742085,43.874858845931314,44.445953369140625,3526800
2012-10-25,43.59369661492424,43.9070640403278,40.70599854568996,41.00179672241211,11451000
2012-10-26,40.94909502411947,41.247822643635814,40.521503852727044,40.89344787597656,5593200
2012-10-31,41.616830669797004,42.23771366784922,41.16873767261705,41.757408142089844,3775500
2012-11-01,41.87749231238272,42.293366163390615,41.51726225594799,42.05321502685547,2768400
2012-11-02,42.173280801189605,42.43100448448386,41.56411177056628,41.58753967285156,2248200
2012-11-05,41.44403466914688,42.2142831298773,41.19216627472633,42.173282623291016,2386200
2012-11-06,42.29042165902118,42.40171255985731,41.8335474576486,41.974124908447266,2113200
2012-11-07,41.77790414382045,42.39293180404999,41.27709672017252,42.13520812988281,3633600
2012-11-08,42.04442436924335,42.18207253535236,41.5641187751395,41.57876205444336,2016600
2012-11-09,41.508455687160286,41.81890046273587,41.03693825274949,41.247802734375,2092500
2012-11-12,42.401718148574645,44.445951781053836,42.05613480248892,43.65520477294922,9294900
2012-11-13,43.792847513544956,45.207410009419725,43.37404448294202,44.530879974365234,6523800
2012-11-14,44.48977758759686,44.58080004037963,43.74691031245846,43.899593353271484,3015300
2012-11-15,43.83206708244528,44.36059082561683,43.22426830606117,43.723426818847656,3571800
2012-11-16,43.63826717269247,44.99480673983063,43.368133330547025,44.50445556640625,5989800
2012-11-19,44.730562659040274,46.12233840942103,44.67183890795706,46.101783752441406,3903900
2012-11-20,45.925599181707994,46.580380961225664,45.80521484603795,46.38365173339844,2698500
2012-11-21,46.46587016203814,46.920985885896044,46.0900328344781,46.22803497314453,2312400
2012-11-23,46.43943486732472,46.68607721886134,46.19866287257467,46.56569290161133,1143600
2012-11-26,46.56863014614354,46.686077605848794,46.19866325552188,46.38951873779297,3054900
2012-11-27,46.272082048809004,46.54221599297701,46.12820953878304,46.142887115478516,2571000
2012-11-28,45.60554897986807,46.10764430075613,45.024175273563465,45.966705322265625,3912000
2012-11-29,46.1399346264968,46.1399346264968,45.06527301100184,45.12399673461914,4917300
2012-11-30,45.10639642011381,45.63491681854981,44.783409118652344,44.783409118652344,8063400
2012-12-03,44.86267983658658,45.28255989637693,44.199090912833874,44.692378997802734,3313500
2012-12-04,44.83036388782274,45.13866672231978,44.342949707416224,44.38111877441406,2613300
2012-12-05,44.416369459362954,44.519139346001246,43.5413737949285,44.01704406738281,2953200
2012-12-06,44.04639746600722,44.472151142568364,43.5912819304073,44.40167999267578,2801400
2012-12-07,44.52795622796719,44.58668333033111,43.26244211212435,43.73223876953125,3325800
2012-12-10,43.517888614103796,44.19322168073494,43.441547082780346,43.978878021240234,2080800
2012-12-11,44.04051938639968,44.33414466819279,43.89371010575217,44.00822067260742,2260200
2012-12-12,44.055205460986194,44.184400331247765,43.27416924390397,43.41804504394531,2688000
2012-12-13,43.34758189550039,43.946573349797596,43.012853946525524,43.241878509521484,2691000
2012-12-14,43.17141260606861,43.644146082406166,43.15966853069543,43.52376174926758,2643600
2012-12-17,43.91721265284963,45.074086293040125,43.603035984854984,45.05059814453125,3818700
2012-12-18,45.241454423729856,45.2708162900047,44.34590406134613,44.69824981689453,3354600
2012-12-19,44.82157292297464,44.82157292297464,44.00823776740438,44.022918701171875,3494400
2012-12-20,44.13154925523584,44.759902491076275,43.711669265372734,44.754032135009766,3310800
2012-12-21,44.02878350925277,44.76871384625559,44.02878350925277,44.492706298828125,3444900
2012-12-24,44.40755079202055,44.99186115721478,44.29303686109074,44.827430725097656,1061100
2012-12-26,44.82451064237569,45.08290045804501,44.52207802455831,44.8068962097168,1753800
2012-12-27,44.92140760098509,44.98013133819921,44.14037114323582,44.84506607055664,1835100
2012-12-28,44.516206609134926,44.85387144449571,44.29305238458762,44.34884262084961,1730100
2012-12-31,44.15504351366768,45.39413227391681,44.13742572387032,45.16510772705078,2525400
2013-01-02,45.802264214422905,46.21627383785811,45.4352375998416,46.00486373901367,5195400
2013-01-03,46.0019343257353,46.530457978256216,45.452859383795555,45.55269241333008,2838000
2013-01-04,45.8756904362516,47.49061691811576,45.8756904362516,46.62736511230469,3327900
2013-01-07,46.4629231545799,46.577437115387426,46.148746497178514,46.53633117675781,2156700
2013-01-08,46.5657046176218,47.26158905029297,46.45999784586723,47.26158905029297,3461100
2013-01-09,47.35553281209438,47.901674205807815,46.94152651974681,47.616859436035156,3315900
2013-01-10,47.71375868178217,47.73724682913204,47.08246851831713,47.67264938354492,2940300
2013-01-11,47.370214075674774,47.39957593621272,47.070718393838334,47.35552978515625,2616300
2013-01-14,47.4083871075186,47.66677687821998,47.211661281393546,47.326171875,1754700
2013-01-15,47.252776497738644,47.367290474084896,47.06779470842965,47.27920150756836,1374300
2013-01-16,47.18524631943323,47.52878827858487,47.1470772308058,47.40252685546875,1584300
2013-01-17,47.616865157501444,47.886999028525025,47.558141425615936,47.81359100341797,1566000
2013-01-18,47.931051524519155,48.22173674436199,47.50236080247482,48.16007614135742,2851500
2013-01-22,48.230535362990445,48.292195950705846,47.83708032886593,48.066104888916016,2531400
2013-01-23,47.975070922612254,48.403761435474415,47.975070922612254,48.39201736450195,2171100
2013-01-24,48.44781762566878,49.105532825582685,48.39496425129619,48.679779052734375,2748600
2013-01-25,48.853021472423656,48.9910269588108,48.477184178987336,48.59756851196289,2355600
2013-01-28,48.50067633508594,48.626934387544786,47.93691702718215,48.180625915527344,2183400
2013-01-29,48.09841013250497,48.24228597676217,47.643294448967154,47.907554626464844,2321100
2013-01-30,48.03379614931463,48.330358312508544,47.43480482762977,47.657958984375,3636900
2013-01-31,47.05310602353163,48.3714732029401,46.923911134088506,47.60805130004883,5520000
2013-02-01,47.772484564642866,48.35973195812054,47.640352809029096,48.107215881347656,2528100
2013-02-04,47.787158280046405,48.20116791554051,47.71375362704198,47.931034088134766,2890800
2013-02-05,48.104283850321764,48.209987249270746,47.49648174580156,47.907554626464844,2199600
2013-02-06,47.86055801517855,48.08077531181319,47.46123271156729,47.863494873046875,2132400
2013-02-07,47.79304154885909,47.969216111531615,47.19992040918657,47.82827377319336,1616700
2013-02-08,47.901672918693656,48.15418896097506,47.766604322915406,48.08665466308594,1139100
2013-02-11,47.98975512939724,48.356785094412984,47.757793750663026,48.300994873046875,1678800
2013-02-12,47.83121231551743,48.4478216264496,47.64329367145244,48.35092544555664,2105400
2013-02-13,48.44782808505246,48.653364549430016,48.32157001922412,48.579959869384766,1356900
2013-02-14,48.49774298300466,48.59170231440772,47.90168826440084,48.057308197021484,2083200
2013-02-15,48.251095192317266,49.11434687325752,48.251095192317266,48.94697952270508,2998800
2013-02-19,48.80018415666493,48.88826978515026,47.6286258083524,48.18357467651367,2621400
2013-02-20,48.183560648628934,48.183560648628934,46.7536161902478,46.78297805786133,2779200
2013-02-21,46.68576920935541,46.765297154850366,45.55765419563117,45.92289352416992,3718200
2013-02-22,46.24395164500277,46.532609154245556,45.59594698658058,46.494319915771484,3208200
2013-02-25,46.6828265120484,46.95675348054008,45.43983367842827,45.460453033447266,2955000
2013-02-26,45.46929120953896,46.14085790381457,45.3426323469366,45.93172836303711,2943900
2013-02-27,46.02893687980202,47.6636741181128,45.97886322169999,47.489891052246094,3312600
2013-02-28,47.48990770393519,48.146750956221986,47.45161844901642,47.595947265625,4348500
2013-03-01,47.271924211428576,48.22625966009294,47.04806749847064,47.85807418823242,2803800
2013-03-04,47.70194833948797,48.71224594116211,47.660713009740405,48.71224594116211,2478600
2013-03-05,48.96852578797769,49.33670793673117,48.4265571885519,48.559104919433594,2279400
2013-03-06,48.80355996795881,48.995016233939985,48.01417281911547,48.23802947998047,2117400
2013-03-07,48.34703153055299,48.74467137133842,48.28223071421544,48.55321502685547,1525500
2013-03-08,48.756445169875086,49.003867351150525,48.28222353596609,48.859535217285156,1374300
2013-03-11,48.94201643627502,49.45158465216006,48.89783498092274,49.404457092285156,1611000
2013-03-12,49.5311059958334,49.778524809379576,49.17470492532861,49.374996185302734,2075100
2013-03-13,49.20121779646484,50.120206863866606,49.18059843643368,49.807987213134766,2320200
2013-03-14,49.94052740722856,50.44125724838409,49.67838144082831,49.79914474487305,2442900
2013-03-15,49.66363771202681,50.09956659939317,49.595890822212944,49.68425369262695,3518700
2013-03-18,49.47514545177672,50.23507517632648,49.11579489214367,50.04067611694336,1639200
2013-03-19,50.11135910202524,50.31754255097398,49.528155259759515,49.91990280151367,1317000
2013-03-20,50.081905513919686,50.779983820537325,50.031831860193336,50.697509765625,1406700
2013-03-21,50.40589993999036,50.65921428128367,49.74022548746347,49.75200653076172,1871400
2013-03-22,49.85511605498816,50.28221022172729,49.4456985163508,49.534061431884766,1519200
2013-03-25,49.790302003032984,50.11724872648007,49.28956886949406,49.54582595825195,1366500
2013-03-26,49.99059335277973,50.096629490479586,49.61062687429155,49.89928436279297,1667400
2013-03-27,49.63124310458735,49.91400836786913,49.37498603135454,49.86098861694336,1299300
2013-03-28,49.83741753267177,50.073055209530764,49.49279427011498,49.7461051940918,1641300
2013-04-01,49.592964292501904,49.922857191408866,49.19532447704256,49.35732650756836,1880700
2013-04-02,49.640087945084574,49.640087945084574,49.16881241228531,49.45746994018555,1346700
2013-04-03,49.56349924480263,49.62535393926007,47.78148740786576,48.585601806640625,2706300
2013-04-04,48.70047349540442,49.027420200555355,48.364688479644414,48.7829475402832,1591800
2013-04-05,48.15556070673625,48.85952779036356,47.90519583025446,48.84185791015625,1719600
2013-04-08,48.782951974567965,49.030370760866404,48.32051143133232,48.84480667114258,1557000
2013-04-09,48.971452548772845,49.08927309010864,48.420649186661066,48.995018005371094,1440000
2013-04-10,49.03036551265799,49.61356928281259,48.812401046075685,49.56349563598633,1494000
2013-04-11,49.53405876182162,50.55613792805236,49.37500282577084,50.37351989746094,2255100
2013-04-12,50.14965205003513,50.603254292462545,49.91401430261645,50.29103469848633,1857000
2013-04-15,50.841843181222245,51.50752114769672,49.592961310748514,49.66365432739258,3779100
2013-04-16,49.99942637672773,51.68129422189085,49.99942637672773,51.40736389160156,4722000
2013-04-17,51.192354610637835,51.498682022384415,50.21445703468648,50.33522033691406,4896600
2013-04-18,50.0701177747383,52.137840853909665,49.66364313314057,51.51045227050781,5658600
2013-04-19,51.545809376191265,52.96258544793278,51.422099970324304,52.735782623291016,4623000
2013-04-22,52.408825761046614,53.39261198112285,52.061259701584966,53.22177505493164,2130900
2013-04-23,53.34254290415987,53.7077788514192,52.96846527525497,53.44563293457031,3212100
2013-04-24,53.548721712174114,53.78730553624996,53.19821292031666,53.321922302246094,1504800
2013-04-25,53.63708020255931,54.42646729484285,53.51925967392523,54.26446533203125,2682300
2013-04-26,54.279207207778285,54.35873515921213,53.38083765238097,53.96698760986328,2022900
2013-04-29,54.01118637550073,54.070094989281394,53.572311135341906,53.8167839050293,1560900
2013-04-30,53.67537097921986,53.940462962761096,53.26595027653917,53.934574127197266,1726500
2013-05-01,53.75490037252725,53.964029884345614,53.307190428615925,53.34253692626953,1495200
2013-05-02,53.584087841150925,54.399983536707836,53.539906384396154,54.23503875732422,1473000
2013-05-03,54.49127609434714,55.46033516897711,54.49127609434714,55.36902618408203,2114100
2013-05-06,55.36316389976824,55.39851041974398,54.79468695833882,55.30720138549805,1548900
2013-05-07,55.2865512676109,55.872701142986365,55.19229618065745,55.75193786621094,1849200
2013-05-08,55.74015677650815,55.95812124355254,55.53102724912111,55.85208511352539,1359900
2013-05-09,55.90215757671312,56.00525097810639,55.47506356557232,55.49273681640625,1947600
2013-05-10,55.5752149455046,55.86387244561488,55.27772250474236,55.37492370605469,1891800
2013-05-13,55.30717941552714,55.42205387440126,55.0332490507745,55.28656005859375,2262900
2013-05-14,55.31012256669803,57.30420674999828,55.31012256669803,57.006717681884766,3277200
2013-05-15,57.042152155371355,57.290211794530784,56.729123871754155,57.160274505615234,1613400
2013-05-16,57.062830333176585,57.062830333176585,55.952459248016574,56.10306930541992,1881600
2013-05-17,56.33044342125217,56.66709813835139,56.117821879601,56.35111618041992,1695300
2013-05-20,56.24775730970527,56.53420529681794,55.524244558009116,55.72800827026367,1857300
2013-05-21,55.65123082428556,56.35702458625072,55.65123082428556,56.09419631958008,1254600
2013-05-22,56.10896039090523,56.43971101766726,55.09014180161338,55.26142120361328,1853400
2013-05-23,54.753491520508106,55.55378454542781,54.38730619370145,54.951351165771484,1685700
2013-05-24,55.530156176157305,56.043994406428176,54.96611122312443,55.87271499633789,1647600
2013-05-28,56.41609590885977,57.05987488776155,56.368846292581786,56.67006301879883,1941000
2013-05-29,56.11782580939263,56.62575996493535,55.89634304992034,56.106014251708984,1668600
2013-05-30,56.19757529800067,56.78819390041845,56.13851411367082,56.386573791503906,1788300
2013-05-31,56.21824183575329,56.667111518312026,55.674869537353516,55.674869537353516,2142300
2013-06-03,55.66600448550481,55.834333561944355,54.49952940705213,55.3116340637207,1920600
2013-06-04,55.0429048807126,55.465197704640865,53.78783458888702,53.92367935180664,1983300
2013-06-05,53.510249253633724,53.98274547324044,52.5682071699007,52.83989334106445,2527200
2013-06-06,52.72469777056688,53.62244356620743,52.6006679907897,53.595863342285156,2090400
2013-06-07,54.183540870180444,54.29871284867885,53.696279486691424,54.11857223510742,1275300
2013-06-10,54.29576376428509,54.331201819097735,53.88528253812217,54.2987174987793,1228800
2013-06-11,53.57816198796217,54.34597078958534,53.40983628554991,53.58111572265625,1405500
2013-06-12,53.66969404760784,53.979768502138135,52.5475117846456,52.63019943237305,1510800
2013-06-13,52.62725900050255,54.570404005229165,52.417591163757606,54.47885513305664,1499400
2013-06-14,54.34893730196875,54.48477871380131,53.87643764704346,54.068389892578125,1196700
2013-06-17,54.46410076559969,54.50249256287918,53.716964622680344,54.18060302734375,1637700
2013-06-18,54.218987460873436,54.50248516062615,53.80555247051094,54.42570495605469,822000
2013-06-19,54.26918139924759,54.51724099861564,53.60473314703299,53.666748046875,1307100
2013-06-20,53.00822091263734,53.572266040364454,51.86241838500403,51.94510269165039,2627100
2013-06-21,52.125232275458536,52.12818600997342,50.22048243999198,51.11822509765625,4531200
2013-06-24,50.71660746236888,51.89785131534367,50.37995603967004,51.33085250854492,2371800
2013-06-25,51.60548608385307,52.48846344093181,51.4903140956727,51.9096565246582,2446200
2013-06-26,52.19314739608403,52.78967326193167,52.05730266375379,52.597721099853516,1215600
2013-06-27,52.90190380294339,53.188355245620684,52.23155132639484,52.91371536254883,2100900
2013-06-28,52.774900878217764,52.901884391168984,52.14293704716901,52.151798248291016,1940400
2013-07-01,52.432359840890605,53.22969585391615,52.31718784428189,52.73653030395508,968700
2013-07-02,52.656795669465595,53.40392832130705,52.656795669465595,53.04660415649414,1581600
2013-07-03,52.624308185334876,53.45412846018928,52.624308185334876,53.10861587524414,674100
2013-07-05,53.33601070181354,53.89709863887921,52.7483425316188,53.888240814208984,900600
2013-07-08,53.92367815112635,54.25147173248972,53.54272748377468,53.8350830078125,1505400
2013-07-09,54.11266594139669,54.54381649541086,53.900041018952024,54.251461029052734,1463400
2013-07-10,54.42865545246513,54.73282251794778,53.852798883101656,54.5881233215332,2256000
2013-07-11,55.730971426378034,55.730971426378034,54.96021231848861,55.187599182128906,2325600
2013-07-12,55.0458522624759,56.08239343920189,54.91887209028295,55.32935333251953,1966200
2013-07-15,55.32935023269172,56.30978053557872,54.3725430462421,54.455230712890625,2244600
2013-07-16,54.4552547266133,54.71217566363037,53.84986732178652,53.970943450927734,2574300
2013-07-17,53.32418384455508,54.61764562865908,53.32418384455508,54.097896575927734,2167200
2013-07-18,48.652386613879315,51.03554018256727,48.32163592154636,49.594425201416016,17412000
2013-07-19,49.715501043938666,51.17433156772862,49.62690590796186,51.04734802246094,4451100
2013-07-22,50.799298518640235,51.230452587444134,50.29136423640323,50.66050338745117,2744700
2013-07-23,50.65753758439904,51.0030501523173,49.951743776844104,50.734317779541016,3423300
2013-07-24,50.80224981034159,51.25111950872194,50.31498493775199,50.81110763549805,3339900
2013-07-25,50.574857395279764,51.50213072227593,50.44196974620271,51.070980072021484,4095900
2013-07-26,50.84654571061609,51.236354229246245,50.477406577210374,51.03849792480469,2283300
2013-07-29,50.368130215213874,51.56118537020195,50.368130215213874,51.47554397583008,2110500
2013-07-30,51.31608477333677,51.78858431979094,51.20977398067518,51.67341232299805,1797000
2013-07-31,51.623210202220484,51.87126985086395,51.271790113602734,51.43421173095703,2501400
2013-08-01,51.48738215909187,52.281764663449316,51.48738215909187,52.101627349853516,1918800
2013-08-02,52.26698333659768,52.94324324820054,51.89194014668941,52.87532424926758,2407500
2013-08-05,52.571154266966815,52.751291526944335,51.92737867148487,52.21973419189453,1828200
2013-08-06,52.12819244087973,52.331956213278055,51.39286791567069,52.32014465332031,3799200
2013-08-07,52.05436205724738,52.16362658265894,51.03849362687058,51.829925537109375,3194700
2013-08-08,51.92443096959776,52.482568601938006,51.79744740063631,52.314239501953125,1653600
2013-08-09,52.05731353793512,52.447125411727306,51.7177083952868,52.290611267089844,1999800
2013-08-12,52.06026308919795,52.58000883292928,51.611393454845796,52.51799392700195,1676400
2013-08-13,52.269944758610656,52.51505407642303,51.726572409878344,51.912620544433594,2149800
2013-08-14,51.859304011902644,52.12288202239817,50.34596562833004,50.36373519897461,3517800
2013-08-15,50.15346428314988,50.206769604165636,49.31239050522315,50.043888092041016,3760500
2013-08-16,49.81585462572985,50.32227556542347,49.789201962335234,49.9580078125,2141400
2013-08-19,49.94319432988609,50.13865620888553,49.35681208208667,49.61150360107422,2832300
2013-08-20,49.63223866762044,51.012310385161435,49.63223866762044,50.911617279052734,3450300
2013-08-21,50.97676230806489,51.367682634628004,50.52660895871458,50.674686431884766,2294700
2013-08-22,50.698385815881124,51.07450218917,50.27488843877536,50.911617279052734,1105500
2013-08-23,50.864231031610686,51.21961566087359,50.40519452917885,51.09226989746094,1494300
2013-08-26,51.044880428426474,51.21072408683908,50.74872547043473,50.89384078979492,1300500
2013-08-27,50.32820178230585,50.34300919466076,49.25612682613328,49.51674270629883,3098700
2013-08-28,49.57892438995589,50.46442034688245,49.48119345485452,50.159385681152344,1437300
2013-08-29,50.032032754200586,51.00045216365502,49.87211003416602,50.953067779541016,1939200
2013-08-30,50.95898981032109,51.696411585057156,50.91160542833477,51.05672073364258,2544600
2013-09-03,51.21072842855798,51.81784241579452,50.44073292873517,50.665809631347656,1567800
2013-09-04,50.66877689562943,51.27589098463635,50.46443188877139,51.04193115234375,1602900
2013-09-05,51.32031600763107,52.17027645620287,51.32031600763107,51.63719940185547,1636800
2013-09-06,51.63720735258653,51.99259211020443,50.93236554855135,51.14263153076172,2448300
2013-09-09,51.486154350708915,52.07846095841572,51.249232385466016,51.80007553100586,1139400
2013-09-10,52.00738241174804,52.12288292834572,51.65199777107785,51.89484405517578,897900
2013-09-11,52.01034221229556,52.56118533006585,51.720111548554684,52.303531646728516,1368000
2013-09-12,52.21173115120695,52.46049838405855,51.6371940760979,51.71715545654297,1105800
2013-09-13,51.67272400771663,51.98072422282787,51.57499307246407,51.80303192138672,695700
2013-09-16,52.73295564902062,53.239376558364334,52.16138077599536,52.56711196899414,2546400
2013-09-17,52.525641048078285,52.78625686579518,51.96591489462498,52.028106689453125,3749400
2013-09-18,52.137686048306676,54.080445993602325,52.137686048306676,53.91164016723633,4795200
2013-09-19,53.89980093901502,54.63129858365557,53.67768637936139,53.77541732788086,3071700
2013-09-20,53.79023808097301,54.04493309188607,53.26901297181227,53.340087890625,2250000
2013-09-23,54.16040269455013,54.24036405576958,53.452599081680546,53.751712799072266,2237100
2013-09-24,53.431886377385425,53.807999430376604,52.98469502724959,53.30750274658203,1859100
2013-09-25,53.30156892564658,53.417069443321466,52.9076863685697,53.26603317260742,1749000
2013-09-26,53.30749170126237,54.130795933800634,53.26306946935113,54.056758880615234,1399200
2013-09-27,53.88202859774063,53.97383522131566,53.27491459544285,53.434837341308594,1282200
2013-09-30,53.040945940492534,53.994557936544965,52.64410130204831,53.953094482421875,3126900
2013-10-01,53.94718228299038,54.87710054300472,53.76948996747454,54.64610290527344,1923600
2013-10-02,53.953113907976004,54.708305551308605,53.953113907976004,54.69645690917969,1381200
2013-10-03,54.35588076333203,54.74088027581344,53.926459012302665,54.172264099121094,1512300
2013-10-04,54.28776523187358,55.327263249244595,54.22557341937783,55.22657012939453,2594700
2013-10-07,54.788262710989734,54.877107184901185,53.677689841099394,53.69249725341797,1746600
2013-10-08,53.908682098885436,53.908682098885436,52.21468921949917,52.25614929199219,2166300
2013-10-09,52.73591318110747,53.043913401554825,51.675687062711795,51.91853332519531,1939800
2013-10-10,52.71815382175415,53.100191164241714,52.43384743514007,53.09722900390625,2191800
2013-10-11,53.011331947106406,53.95901963893799,52.99652453874645,53.35783004760742,1436100
2013-10-14,53.08537358424718,53.47925610343625,52.931375168293286,53.33414077758789,1011000
2013-10-15,53.09722500182964,53.4526096529107,52.68557286541368,53.3311882019043,1284600
2013-10-16,53.5888362320815,53.9412587080351,52.946186472282925,53.733951568603516,2521200
2013-10-17,53.65399094159194,55.07552611593244,53.65399094159194,54.78825759887695,1725900
2013-10-18,54.868216834428836,55.054792238479656,54.23444679208022,54.6579475402832,2861400
2013-10-21,54.435832877092345,54.551333389005066,53.82279795546139,54.258140563964844,1917600
2013-10-22,54.54540519994843,55.448670722640074,54.47136815356345,55.19694137573242,3054300
2013-10-23,54.8859864047002,55.146598860549204,54.527639617759206,54.6579475402832,2272500
2013-10-24,54.76752687052297,55.45460227385259,54.44768136571092,55.38056182861328,4164300
2013-10-25,56.5651772112537,57.84455588994911,56.26902219743398,57.77051544189453,3693600
2013-10-28,57.62539194423422,57.7468133742807,56.79320133471952,57.10416030883789,2445300
2013-10-29,57.02421612456242,57.66686934541344,56.71917800668198,57.58394241333008,1555800
2013-10-30,55.08145050959291,56.18017809402331,55.07848834937948,55.81591033935547,5118000
2013-10-31,55.815906869414356,55.9758296190045,54.89190951382666,55.67671585083008,2294700
2013-11-01,55.91659830203553,55.99655967443793,54.60760152258859,54.69052505493164,2733900
2013-11-04,54.78826369901887,55.33318258272828,54.69645367394872,55.09033966064453,1869600
2013-11-05,55.05775439839138,55.09033137902238,54.35883378397975,54.6579475402832,1657200
2013-11-06,55.14068515346268,55.279879582512116,54.69349720749413,54.94818878173828,1122000
2013-11-07,54.87711854472193,55.14661757174689,53.43781675637768,53.60958480834961,2007900
2013-11-08,53.71026087544125,54.948179387641105,53.62141302217388,54.939292907714844,1916700
2013-11-11,54.69941595260634,54.888953545471615,54.48618785523264,54.601688385009766,1578600
2013-11-12,54.55724752999249,55.03997785850675,54.39436264746332,54.64017105102539,1913400
2013-11-13,54.54218688292745,55.08858990646886,54.53624986210343,55.049983978271484,2832900
2013-11-14,53.9274906144879,55.56075940471894,53.9274906144879,55.53403091430664,1688700
2013-11-15,55.47165883296253,55.69140674090578,55.332089583150875,55.49244689941406,1846500
2013-11-18,55.53105017243256,55.649834755801024,55.01137569141645,55.186580657958984,1341000
2013-11-19,54.990581112097324,55.471653010391265,54.963856028328244,55.139060974121094,981900
2013-11-20,55.13906407702801,55.3588119742716,54.69065765517741,54.83022689819336,1224300
2013-11-21,54.93119477679739,55.43305137978217,54.75896002663236,55.40632629394531,1206300
2013-11-22,55.31427173997676,55.822068775469226,55.133126357216156,55.7003173828125,1350900
2013-11-25,55.676561112852454,55.68843855193761,54.753023105405994,54.889625549316406,1253700
2013-11-26,54.88369167149264,55.058896662912595,54.476861297467515,54.72927474975586,1489500
2013-11-27,54.92228164795346,54.92228164795346,54.328365616112144,54.503570556640625,621600
2013-11-29,54.48576695118485,54.729273165651875,54.292744105396146,54.352134704589844,459900
2013-12-02,54.464981226030595,54.72630531118378,53.68398257874975,53.790889739990234,1316100
2013-12-03,53.60082768800007,53.787910089721436,53.09599746650492,53.39592742919922,1617600
2013-12-04,52.97720996712936,53.94529076362701,52.79903481598802,53.77305603027344,2722800
2013-12-05,53.51175181204143,54.25711479486714,53.46423864739282,53.96609878540039,1602000
2013-12-06,54.39667849768894,55.31427612609208,54.173960362763204,54.88665771484375,1742700
2013-12-09,54.88664487658506,55.62903735321854,54.88664487658506,55.09154510498047,1901400
2013-12-10,55.12718962348334,55.679529605616594,54.78865713192673,54.84507751464844,2320200
2013-12-11,54.77678781803866,54.77678781803866,53.6869519417131,53.80573654174805,2061000
2013-12-12,53.384049223420256,53.452350445856574,52.76043778853681,53.28605270385742,3186000
2013-12-13,53.28606644857977,53.50878463288591,52.71887865066219,52.84954071044922,1715100
2013-12-16,53.05742051591268,53.271228107107085,52.51398750747712,52.65355682373047,1571100
2013-12-17,51.15986030240779,52.95348353258481,50.66988089097603,52.65355682373047,4191300
2013-12-18,52.58820353086692,53.45235095885934,52.20216126610839,53.428592681884766,3170400
2013-12-19,53.431567631658105,53.648348759448844,53.018796843881795,53.49689865112305,1328400
2013-12-20,53.80277111517675,54.3551112283404,53.38703007570834,54.0908203125,2976900
2013-12-23,53.71962176242124,54.099727075578684,52.65651428988283,53.87403869628906,2500800
2013-12-24,53.86215142531653,54.3402531894733,53.722582168313934,54.25116729736328,621000
2013-12-26,54.44417704188076,54.49465699623048,54.10861482480478,54.289756774902344,602100
2013-12-27,54.4263690385958,54.5481204302647,53.992810246239884,54.194740295410156,882300
2013-12-30,54.19177772037477,54.43231031327094,54.004691905975854,54.120506286621094,944100
2013-12-31,54.24225641955077,54.580788925147424,54.230378980339204,54.491703033447266,1034700
2014-01-02,54.05517797893974,54.34322714103675,53.65725484964407,54.16802215576172,1547100
2014-01-03,54.00469063894135,54.64611993403955,53.96311790249973,54.28383255004883,1221600
2014-01-06,54.42340206115468,54.821325163048854,54.12941250005553,54.25116729736328,1752300
2014-01-07,54.90743953723125,55.87849069108849,54.8094464176091,55.712196350097656,3716100
2014-01-08,55.7092369848992,56.350666392572144,55.3617971885462,56.326908111572266,3745200
2014-01-09,56.30313096315179,56.4011274615044,55.84878417959115,56.08635330200195,2044200
2014-01-10,56.39817123397642,57.30686162795575,56.178423309599054,57.26528549194336,2795400
2014-01-13,56.97426230179714,57.31279477386666,56.60900134613753,56.775299072265625,1716300
2014-01-14,57.13163748893434,57.467203100298484,56.55554274836965,57.455322265625,1672500
2014-01-15,57.39892027936229,57.56224782435542,57.13462599775356,57.354373931884766,1645800
2014-01-16,57.17025908974596,57.68399658126168,57.039597059754584,57.46424865722656,1247100
2014-01-17,57.65430018516484,58.12052111288678,57.52066794823536,57.645389556884766,2391600
2014-01-21,58.20665006455008,58.84213901616312,57.98986553320505,58.80650329589844,2865000
2014-01-22,58.57190153292891,58.93716255075447,58.37293826953465,58.60159683227539,1831200
2014-01-23,58.13835682901322,58.49173707368156,57.776065953848644,57.94236373901367,2032200
2014-01-24,57.87998642909638,57.945317440483336,56.60603850386834,56.659488677978516,2432700
2014-01-27,56.86439565316525,57.170259262686095,56.2170259202166,56.59119415283203,2160300
2014-01-28,57.796832106580084,57.796832106580084,56.52882804348859,56.92081069946289,1617600
2014-01-29,56.4605061322783,57.25338517968396,55.75374612845993,56.160579681396484,3065400
2014-01-30,54.637210846726106,55.44493445853942,53.92451014377613,54.56296920776367,4832400
2014-01-31,53.96016047559141,54.54516612580419,53.65132319409318,54.42044448852539,3267300
2014-02-03,54.50357084150869,54.54514357060746,52.44565448215722,52.52583312988281,3759000
2014-02-04,52.63868190189305,53.283081349177706,52.39517572844809,52.84358215332031,2170200
2014-02-05,52.48723940622578,52.74262303819643,51.75672422603275,52.14573669433594,3740100
2014-02-06,52.37735148659403,53.22368087298727,52.10118324149045,53.2118034362793,3211800
2014-02-07,52.885153224185125,54.25709405457267,52.885153224185125,54.21255111694336,2723100
2014-02-10,53.85027331236114,54.33728230027264,53.69585640860536,54.15019989013672,1735500
2014-02-11,54.37588899719322,54.684722809088186,53.983906313476936,54.46794509887695,1990200
2014-02-12,54.80052145835603,55.95271769862646,54.70252496595266,55.48055648803711,3511200
2014-02-13,55.16579812864569,56.59119628010148,54.951990614893276,56.54664993286133,3142200
2014-02-14,56.35362963679821,56.99802577633597,56.14278893742494,56.76936721801758,2222400
2014-02-18,56.72184796556668,57.087108937080835,56.668397792883624,56.8554801940918,2224800
2014-02-19,56.71888446099552,57.835441913259935,56.650583238131595,57.33655548095703,3087300
2014-02-20,57.56521182103523,57.8799860385694,57.176195964657424,57.43157958984375,2508300
2014-02-21,57.33357826119794,57.7997991297692,57.155406499109034,57.48799514770508,2204100
2014-02-24,57.493948939427504,58.76195662598324,57.493948939427504,57.767147064208984,2868300
2014-02-25,57.7166426346285,59.00543444642093,57.55034494370878,58.6104850769043,2926800
2014-02-26,58.68475153157096,59.38557150000101,58.60159925251196,58.963890075683594,2149200
2014-02-27,58.86264544721667,59.404609314990466,58.72566354630847,59.20509338378906,1904700
2014-02-28,59.211040533033355,60.003140391268836,58.92814821335618,59.699405670166016,2704500
2014-03-03,59.12170673758177,59.61602197439214,58.83881442008113,59.40757751464844,1680900
2014-03-04,60.21456032805004,60.56296507058761,59.58623495528401,60.500431060791016,1919100
2014-03-05,60.4825646881646,60.69101594638626,60.23838554949572,60.5331916809082,1793100
2014-03-06,60.542125642837426,61.01262683761129,60.20563468232657,60.44981384277344,1812000
2014-03-07,60.92627041851145,62.126337554688206,60.7833384245046,61.554595947265625,4024800
2014-03-10,61.28956744977656,61.59925911604934,60.92329867795931,61.37294387817383,1695900
2014-03-11,61.420585926958545,61.63200884328931,60.988797900027954,61.039424896240234,1613400
2014-03-12,60.74758807815243,61.01559486948144,60.53020827543011,60.81905746459961,1819800
2014-03-13,61.051330537093705,61.39974213655669,60.08056404081811,60.20861053466797,1418700
2014-03-14,60.1520290563287,60.78332610123921,59.92869232321819,60.17584991455078,1512600
2014-03-17,60.39323236974798,61.15555439175517,60.39323236974798,60.813106536865234,1203000
2014-03-18,60.878628108106064,61.23001139360978,60.74760313903375,60.98583221435547,1364100
2014-03-19,61.04537988823818,61.31040143624238,59.887004535029945,60.220523834228516,1963500
2014-03-20,59.943592465385684,60.33368893285727,59.61603002585245,60.18777847290039,1426800
2014-03-21,60.735694383819904,60.738672843884274,59.49989926932997,59.678565979003906,3079800
2014-03-24,59.854250848581366,59.997189644530415,58.87157048137091,59.13064193725586,1557900
2014-03-25,59.51477444064953,59.806602101684234,58.9132551790334,58.951961517333984,1449300
2014-03-26,59.22890457283589,59.42841363278821,58.296844482421875,58.296844482421875,1204500
2014-03-27,58.296861713028285,58.296861713028285,57.329066641248986,57.83231735229492,1612200
2014-03-28,57.897808681629925,58.49932791005893,57.748919807968015,57.97523498535156,1084800
2014-03-31,58.21050261198879,58.76735193378554,57.98716582814727,58.701839447021484,1197600
2014-04-01,58.88050623042054,59.32122282787415,58.657169472117985,59.28548812866211,1481400
2014-04-02,59.234857794533156,59.84829093433729,58.9698362484942,59.57731246948242,1815000
2014-04-03,59.78576219131118,60.44386546458329,59.34206712014347,59.70536422729492,1996500
2014-04-04,59.20508569202597,59.2884689320494,57.27248110847818,57.73701858520508,4571700
2014-04-07,58.09436468568815,58.28494523127624,56.58460921311691,56.67394256591797,2853600
2014-04-08,56.76922833331394,57.30523863112758,56.44464778428407,57.14443588256836,1652400
2014-04-09,57.43923928530497,57.99906701063401,57.01340816422694,57.96035385131836,1891200
2014-04-10,57.879953197502495,58.174759344541116,56.48633064466681,56.58757781982422,1701300
2014-04-11,56.18259549894794,56.8972724582649,56.057527457048536,56.140907287597656,1624500
2014-04-14,56.450594061599034,57.23674035293555,56.12005663540856,56.61139678955078,1602900
2014-04-15,56.7543369449998,57.10274174893102,56.05752733713735,57.04318618774414,2170500
2014-04-16,57.61492212207063,57.84123732187655,56.96277924884583,57.248653411865234,2694000
2014-04-17,57.76975674557742,59.556450323437495,57.56131234215146,58.83879852294922,4216500
2014-04-21,59.11276008534209,59.371831492603256,58.53208326325297,58.88942337036133,1910100
2014-04-22,58.88944556939141,60.46471700406484,58.85668932376118,60.36942672729492,2585700
2014-04-23,60.568937890213775,60.83991639857484,60.09843664796867,60.137149810791016,2070300
2014-04-24,60.634440292551425,60.72675208657738,59.66664546142952,59.86616134643555,2002200
2014-04-25,59.60709744819254,59.85723354310385,59.255714168270124,59.77385711669922,2690400
2014-04-28,60.122268249020195,60.15204603412657,58.24921216890832,59.20509338378906,2868000
2014-04-29,59.31824640452926,59.55646865319112,58.77628260998691,59.493934631347656,1724400
2014-04-30,59.4194900568338,59.6934469896607,59.31824288088795,59.50882339477539,2027100
2014-05-01,59.40758330130087,59.6726117029176,59.14851181939645,59.52371597290039,1307100
2014-05-02,59.520729534950746,60.02398694772037,59.50584405336283,59.812557220458984,1792800
2014-05-05,59.35100044671851,59.776824745136686,59.04725891208967,59.45521926879883,1501500
2014-05-06,59.246794515422465,59.51480144007995,58.76140767990019,59.08897018432617,1835100
2014-05-07,59.410563839780735,59.57732351907175,58.749488858235274,59.33313751220703,1953300
2014-05-08,59.35397985548113,59.52371115937045,58.56783009377332,58.80010223388672,2032800
2014-05-09,58.81497772472684,59.51476558901071,58.401060560545794,59.49689483642578,1395600
2014-05-12,59.56839365909488,60.32475898236695,59.425454830543494,60.104400634765625,1842300
2014-05-13,60.062698654369484,60.19968053883709,59.56540493178963,59.63389587402344,1383300
2014-05-14,59.6458171415985,59.78316938243405,59.33526589159468,59.397972106933594,1154700
2014-05-15,59.25170019173349,59.44280562891547,58.48130511663059,59.227813720703125,1488300
2014-05-16,59.18299277390978,59.70256257266908,58.848561833357195,59.67270278930664,1564800
2014-05-19,59.54131391038129,60.231082388073204,59.51444079020012,59.55027389526367,1442700
2014-05-20,59.645837487226366,60.18929381702884,59.568197939625776,59.816036224365234,1947000
2014-05-21,59.84888101368968,60.153459036827385,59.52341002484498,59.85186767578125,1350600
2014-05-22,59.80708141334164,60.16241902310212,59.61597604628281,59.85186767578125,1016400
2014-05-23,59.76527100362072,60.52969242101541,59.651798355088744,60.44011306762695,1777200
2014-05-27,60.82232804361084,60.82232804361084,60.263938416386395,60.32365798950195,1309200
2014-05-28,60.44310637124753,60.8880233596527,60.23109436035156,60.23109436035156,1288200
2014-05-29,60.53269930076777,60.7954709593793,60.24604117350124,60.72679138183594,1142100
2014-05-30,60.634227098084466,61.30906940710288,60.538674386218204,61.0970573425293,1322100
2014-06-02,61.06719143437959,61.25232351362574,60.63123436590079,60.78650665283203,1368300
2014-06-03,60.5326869144741,61.16273596606697,60.5326869144741,60.84621810913086,1091100
2014-06-04,60.616302206507356,60.99851302298941,60.2102049226123,60.8760871887207,1239300
2014-06-05,60.882034985685735,61.13584653600274,60.16837324952902,60.89994812011719,1160100
2014-06-06,61.04328155517578,61.51208489884525,60.90592246252819,61.04328155517578,1124100
2014-06-09,60.90892576283368,61.29113652985835,60.801433256150254,61.004478454589844,1149900
2014-06-10,60.92382695609081,61.162705142313015,60.70584856082384,61.040279388427734,1026900
2014-06-11,60.92982980809595,61.06718209795774,60.604351970603396,60.69094467163086,856200
2014-06-12,60.64913995434672,61.040310702871494,60.21616960246776,60.38338851928711,1181700
2014-06-13,60.56852913376643,60.69991495594153,60.21617811097006,60.535682678222656,783000
2014-06-16,60.5087952673748,60.92683910259564,60.174357465411376,60.416229248046875,996000
2014-06-17,60.234080053073775,60.849202605845754,60.16838715420102,60.547611236572266,826200
2014-06-18,60.56552153940694,60.893985981326374,60.12657795259305,60.83127975463867,1015500
2014-06-19,60.69390937738293,60.80438850175006,60.50877739341406,60.711822509765625,979800
2014-06-20,60.89698453381282,61.20155574163355,60.72080563166753,60.91191101074219,1632600
2014-06-23,60.992498461051696,61.243323257373156,60.7954198826668,61.09103775024414,1030800
2014-06-24,60.91488461793825,61.54194687286592,60.87905151273296,61.14480972290039,1570800
2014-06-25,61.1567789759177,61.62857605952261,61.109006035623366,61.52705001831055,1189200
2014-06-26,61.49716565263069,61.49716565263069,60.79843713008015,61.300086975097656,1068600
2014-06-27,61.001504198031036,62.013771071614045,61.001504198031036,61.94807815551758,1872000
2014-06-30,62.10929122346465,62.10929122346465,61.66735418573217,61.7838134765625,2029200
2014-07-01,61.81668280899045,62.18993360742866,61.78084969350125,61.91522216796875,1294200
2014-07-02,61.81070401188559,62.07944893702856,61.52404594781786,61.68827819824219,892200
2014-07-03,61.80474567150019,62.013771071614045,61.65246003308348,61.94807815551758,591900
2014-07-07,61.87939822796402,62.004810733538406,61.13886301180586,61.28517532348633,1168200
2014-07-08,61.31204727465167,61.338920403123225,60.51179257326245,60.67900466918945,1637100
2014-07-09,60.741694816826374,61.27918458169135,60.613295699124855,61.249324798583984,1520100
2014-07-10,60.58940192536729,60.58940192536729,60.27288416195858,60.401283264160156,1976400
2014-07-11,60.455034333779786,60.59836675442496,60.15942317651458,60.544620513916016,1039500
2014-07-14,60.56254099101719,60.80739259909143,60.544627853498,60.68198013305664,1064700
2014-07-15,60.90891119050938,61.10897651320268,60.24900249314408,60.41323471069336,1760700
2014-07-16,60.61629226783868,60.667058691544696,60.16540195131244,60.23706817626953,2277600
2014-07-17,62.449711306194516,63.11559344163147,61.392658442832555,62.99018096923828,4969500
2014-07-18,62.94837693494184,63.41718722769284,62.628872417472394,63.35746765136719,3723300
2014-07-21,63.336552423904834,63.50078465375595,63.0648277050359,63.476898193359375,1845900
2014-07-22,63.50376825916009,64.178610282765,63.47689513819905,63.88896560668945,1780500
2014-07-23,64.19952898032041,64.3846678887699,63.84419131085657,64.08307647705078,1422000
2014-07-24,64.21446213814636,64.21446213814636,63.65607242048991,63.742671966552734,1632300
2014-07-25,63.74264421020662,64.05020197797712,63.46195272507663,63.53361892700195,1043700
2014-07-28,63.6023154038072,63.83821386693313,63.184271560545405,63.497802734375,1588800
2014-07-29,63.5873953533721,63.733714487982716,62.92449975697397,62.927486419677734,1724700
2014-07-30,62.98719188774485,63.25295013306888,62.6229011331541,62.75428009033203,1685100
2014-07-31,62.6408196043471,62.66769273047763,61.52703377703581,61.580780029296875,1786800
2014-08-01,61.34487479879805,61.559866594697695,60.81037171897723,61.141822814941406,2646300
2014-08-04,61.46134720026398,62.36014127655343,60.89101766485365,62.222782135009766,1560000
2014-08-05,61.894313152218515,62.24367747172899,61.103018482768945,61.2194709777832,2331600
2014-08-06,61.20454727943375,61.9689688566258,61.20454727943375,61.93014907836914,2486100
2014-08-07,62.14812433368167,62.20785074641944,61.29412342927064,61.467315673828125,2246700
2014-08-08,61.721122232741884,62.42582413363682,61.544943340284604,62.38103103637695,1817100
2014-08-11,62.47060564735409,62.936429219362914,62.27353380400666,62.36012649536133,1019400
2014-08-12,62.31236162925267,62.993177178619334,62.297435150712126,62.89165115356445,1590000
2014-08-13,63.20899155381282,63.48742355692262,62.84374698339571,63.394615173339844,1190400
2014-08-14,63.63111249933163,63.71793875508345,63.16407618702185,63.41256332397461,1262100
2014-08-15,63.68499723263715,64.02030372517753,63.1221513006327,63.708946228027344,1398300
2014-08-18,63.9544476693428,64.21491273066789,63.750870901909494,64.10713195800781,1172700
2014-08-19,64.35565622698729,64.36164519256859,64.08620759473536,64.17302703857422,977700
2014-08-20,64.10413181582054,64.50230868117788,63.915513787393714,64.37956237792969,1213800
2014-08-21,64.50230111093201,65.22082566602695,64.45440312851662,65.04119110107422,1446300
2014-08-22,65.04121852133996,65.2627622012157,64.75680443031517,64.95439910888672,874500
2014-08-25,65.13103429753565,65.2657517023166,64.84362574673565,65.14300537109375,1051200
2014-08-26,65.1610061881499,65.41548242753571,64.91550654551652,65.2059097290039,767100
2014-08-27,65.26575192619215,65.36155477678744,64.78374319172583,65.15498352050781,1258800
2014-08-28,64.83165453325604,65.62801538027752,64.66699229663037,65.30467987060547,832800
2014-08-29,65.22683616915216,65.36155357191184,64.9364331412297,65.2986831665039,902100
2014-09-02,65.44239173554051,65.57112702950175,64.97534855856657,65.13701629638672,1111800
2014-09-03,65.49924366037727,65.62498441619661,64.87353436140558,65.03520202636719,953100
2014-09-04,65.00527900911295,65.49627112878464,64.93642650023737,65.10108184814453,851100
2014-09-05,64.93345404875463,65.41546288856969,64.76879179262377,65.35259246826172,1195200
2014-09-08,65.34059572611062,65.41843853472709,64.94840090646593,65.2417984008789,841800
2014-09-09,65.02924045500053,65.13401989407592,64.77176987467101,64.82266235351562,1229400
2014-09-10,64.99932542744537,65.01429098729643,64.65203398771492,64.9065170288086,1214100
2014-09-11,64.80171305577998,65.32862533206496,64.70291571915892,65.2777328491211,1166400
2014-09-12,65.10112366435727,65.18495548508209,64.27183002044863,64.53229522705078,1263300
2014-09-15,64.41551219594447,64.6400503690467,63.9514634404313,64.42150115966797,1328400
2014-09-16,64.43645648302133,65.17893026250835,64.27778323135502,64.82266235351562,1415100
2014-09-17,64.94840627980253,65.35257905801403,64.69991913170419,64.99331665039062,877500
2014-09-18,65.25977733468694,66.00523885491076,65.16097999121853,65.82261657714844,1325400
2014-09-19,66.18186283757164,66.24473323600833,65.83457840561854,66.02618408203125,2138700
2014-09-22,65.87650144054656,66.11002304967957,65.58011627197266,65.58011627197266,1435800
2014-09-23,65.5292214729107,65.84956251758325,65.38552060128077,65.40946960449219,1383600
2014-09-24,65.4663427006305,66.29563593259219,65.32562947654637,66.16690063476562,1519500
2014-09-25,65.89746370016638,66.15792879609918,65.37353902652123,65.37653350830078,1208400
2014-09-26,65.34060220731705,66.21780029628401,65.33161876257947,66.10103607177734,1099800
2014-09-29,65.74776537626784,66.62196902028525,65.50826165878195,66.29563903808594,1419900
2014-09-30,66.00525177186086,66.38846329338782,65.50528284536827,65.56216430664062,1645800
2014-10-01,65.45436172704198,65.53819350222088,63.78978637748675,63.99037551879883,1527300
2014-10-02,63.98437782608136,64.36459468685484,63.27783105811132,64.22089385986328,1349700
2014-10-03,64.43044943122712,65.12502501825172,64.43044943122712,64.66397094726562,1159800
2014-10-06,64.76276685505938,64.99628836607454,64.02927674143855,64.25980377197266,1631700
2014-10-07,64.08017051805788,64.20591129140631,63.30177688598633,63.30177688598633,1487400
2014-10-08,63.63114201584184,64.9843604352382,63.388643729192836,64.89454650878906,1952400
2014-10-09,64.9034927142601,65.0591714679131,64.06521617702747,64.07120513916016,2001900
2014-10-10,64.06819283226828,64.88550777463324,63.80173891037465,63.81072235107422,1697700
2014-10-13,64.04427115552578,64.20593891257381,60.93666369436799,61.098331451416016,3441300
2014-10-14,61.185154691361525,62.07731836661721,60.85583022990445,61.604286193847656,2256300
2014-10-15,60.64624283181726,63.25388069984527,60.478593012664845,63.02634811401367,3372600
2014-10-16,61.75100138002949,63.616166423698516,61.75100138002949,63.346717834472656,1647900
2014-10-17,63.996374564737636,65.50527137973276,63.909555146814974,64.96937561035156,2674500
2014-10-20,64.966410353202,65.9543774003695,64.88257852710355,65.8046875,1741500
2014-10-21,66.40340744136667,68.05899919259143,66.01720160180449,67.95122528076172,2007900
2014-10-22,67.96919791252365,68.74460421650625,67.60993548433409,67.63687896728516,2044500
2014-10-23,68.34943431074868,68.45122616047848,67.45427589341752,67.60396575927734,2468100
2014-10-24,67.90035236601796,68.63683741022932,67.53810223471572,68.53205108642578,1700700
2014-10-27,68.09196832272534,68.33147897697017,66.93335017974248,67.56505584716797,2613000
2014-10-28,67.57398113232007,68.70864940400293,66.81654202594156,67.0620346069336,2583600
2014-10-29,67.08900754506875,67.25066843165855,65.9034395578604,66.41838073730469,4767600
2014-10-30,66.3046311035582,67.80454457163812,66.3046311035582,67.40935516357422,2705400
2014-10-31,68.08295470369245,68.77753049654903,68.04703463121872,68.72663116455078,2911500
2014-11-03,68.82242713128883,69.02301625307017,68.2206666183044,68.6427993774414,2101200
2014-11-04,68.64278920361693,69.12479780926263,68.02006741499471,68.34040832519531,2296800
2014-11-05,69.0469904489615,69.21764167404862,68.50510565616155,68.97514343261719,2317500
2014-11-06,68.91525088842086,69.98704228687895,68.55898296531629,69.82238006591797,1929600
2014-11-07,70.06487312123566,70.7444764070506,69.79841913175296,70.66663360595703,2193000
2014-11-10,70.78640746864058,70.9181372638867,70.38523597141399,70.8702392578125,1425900
2014-11-11,70.95404697616284,71.35821285723507,70.67562189597352,71.13966369628906,1486200
2014-11-12,71.00764022447675,71.54478610655116,70.64454974592797,71.44876098632812,1355400
2014-11-13,71.7578379601974,72.12693815699396,71.27170951157322,71.90787506103516,1821000
2014-11-14,71.72482297378036,72.16294225995041,71.53277275383826,71.91387176513672,1339800
2014-11-17,71.80881879543357,72.29494012811911,71.62276464328009,71.81181335449219,1172700
2014-11-18,71.77885885794291,72.49304799754564,71.75785571910515,72.41503143310547,1051800
2014-11-19,72.42101409324944,72.49602920718168,71.93188423115468,72.27397155761719,1241100
2014-11-20,71.811852575296,72.73009752355505,71.68281860336799,72.69108581542969,1237500
2014-11-21,73.34529742036395,73.47733288867686,72.22000137748073,72.63410949707031,1614600
2014-11-24,72.89215312344254,72.89215312344254,72.16595829129979,72.62808227539062,1293600
2014-11-25,72.59808438190889,73.22225129851444,71.96492004394531,71.96492004394531,2066100
2014-11-26,71.69483672087493,72.23797869485402,71.69483672087493,72.19896697998047,1206900
2014-11-28,72.63706585275727,74.91766395989548,72.39399821210297,73.47728729248047,1587900
2014-12-01,73.36627635963444,73.66035463582723,72.73011067184495,72.9401626586914,2150700
2014-12-02,72.86213855776367,73.45328961022011,72.70609858145652,73.38427734375,1922400
2014-12-03,72.96114684295085,74.04442898649788,72.96114684295085,73.95440673828125,1995900
2014-12-04,73.92141303905173,74.71962145932383,73.86439962365915,74.33251953125,1998300
2014-12-05,74.26949313062453,74.86964836145273,73.93940466295301,74.0804443359375,1900200
2014-12-08,74.21548455463021,75.01969576021389,73.83138409036684,74.8696517944336,1746900
2014-12-09,74.29351452275907,74.95969446630319,73.82839600226492,74.8936767578125,1152600
2014-12-10,74.72261210322532,74.91466232501857,73.95741264466699,74.05944061279297,1476000
2014-12-11,75.28676614454878,76.86818267080335,74.4375471870147,76.28302764892578,3232500
2014-12-12,75.04669584436711,75.8689086896377,73.30923960560025,74.19146728515625,3282900
2014-12-15,74.62661282909362,74.82466597668497,72.9521722317887,74.00544738769531,2090700
2014-12-16,73.99944164170427,75.3077901893266,73.61834250965715,73.71736907958984,2104200
2014-12-17,74.2514894450492,76.08497080361748,73.81637159141361,75.7188720703125,2166000
2014-12-18,76.09097251090346,77.15325164794922,75.94993969934235,77.15325164794922,1899900
2014-12-19,77.7653969422701,78.1765033154372,77.04221072106829,78.04147338867188,2655000
2014-12-22,78.04750505514814,78.608648703113,77.90046249313201,78.515625,1362600
2014-12-23,78.95370411766048,79.29579822903483,78.67763455440372,78.94770812988281,1118100
2014-12-24,79.23878360057438,79.62289086324877,78.8966963331265,79.38582611083984,602400
2014-12-26,79.41285195301498,79.88997613710642,79.2658162742416,79.47586822509766,898500
2014-12-29,79.37081683928183,79.65289613931955,79.02572815286605,79.46084594726562,1116900
2014-12-30,79.4488749947291,79.77896355307062,79.27182499770603,79.49988555908203,976800
2014-12-31,79.51189920263602,79.89599979308052,78.93274688720703,78.93274688720703,1078200
2015-01-02,78.67466212618599,79.5028779894963,78.12251592789283,78.752685546875,1700400
2015-01-05,78.06551887386475,78.76770233421043,77.95448657780517,78.51863861083984,2161800
2015-01-06,78.33856095608675,79.35283095698455,77.75341284708735,78.28154754638672,2133000
2015-01-07,78.86669840506563,79.634899286299,78.32055516179769,79.61689758300781,2487300
2015-01-08,79.82696036084783,82.09856133543143,79.6979263869001,81.79547882080078,3236100
2015-01-09,81.90649736437632,82.68370257200267,81.32435068410165,82.34761810302734,2910900
2015-01-12,81.99354027124136,82.27261138228164,81.28835548624829,81.35137176513672,2710800
2015-01-13,82.29960844289685,82.29960844289685,80.1090323296291,80.7632064819336,2356800
2015-01-14,79.6679310187769,80.96727524184149,79.6679310187769,80.78722381591797,2083800
2015-01-15,81.39635705383549,81.99351769244036,80.52013224929635,81.19831085205078,2163600
2015-01-16,81.46539631493589,82.38664277443522,80.92225438639434,82.1675796508789,2506200
2015-01-20,82.12555141293544,82.89075082133398,81.13828751115344,81.77445983886719,1917900
2015-01-21,81.96352900427972,82.63870633283112,81.6094359137293,81.98753356933594,1651200
2015-01-22,82.66869491327935,83.20883527935278,81.85247807307996,83.15482330322266,1782000
2015-01-23,83.14281678402745,83.15782392628346,82.01151864693044,82.22457885742188,1452000
2015-01-26,82.30861489240482,82.65670511229894,81.7954804156086,82.60869598388672,1414800
2015-01-27,82.52167413159117,82.6357078391122,81.62143766154378,82.2756118774414,1882500
2015-01-28,82.74372465726314,83.06781030788703,81.156312123267,81.30034637451172,2055300
2015-01-29,80.75722321056423,82.73774785344453,79.56290831272574,82.48268127441406,2134200
2015-01-30,82.1405601350019,82.82174022253015,81.37536064790186,81.4023666381836,2972100
2015-02-02,81.8494786666977,82.33560706865084,80.55014170119244,81.87948608398438,2193600
2015-02-03,82.19758235811469,82.22159379050241,81.11429999241386,82.09255981445312,2694300
2015-02-04,81.38437461070632,83.1218311640803,81.38437461070632,82.25160217285156,2285100
2015-02-05,82.6476950946329,83.4579091776756,82.45864628663263,83.39189147949219,1608600
2015-02-06,83.33188883957843,84.25913131049498,82.99880573930311,84.11509704589844,1714200
2015-02-09,84.01604918616883,84.19909511686684,82.23357839435835,82.33860778808594,1992600
2015-02-10,82.7317055618147,84.13607179197614,82.11354183370906,84.04004669189453,1932900
2015-02-11,84.02505465786044,84.289118557785,83.12481839779039,83.40689086914062,1549500
2015-02-12,83.58692610633865,84.97629204556553,83.58692610633865,84.92827606201172,1428600
2015-02-13,84.92232075801586,85.67551476846842,84.76927531757637,85.52247619628906,1569000
2015-02-17,85.28540094201125,86.36268741192654,85.21638867264747,85.85255432128906,1524600
2015-02-18,85.65148126357992,86.48269842827919,85.53745444745127,86.43769073486328,1324200
2015-02-19,86.43469863564502,86.80679341081454,85.85254504100224,86.05059814453125,1122300
2015-02-20,85.97557328889386,87.10987301874555,85.52545511161632,86.94783020019531,1353300
2015-02-23,86.94780548164968,87.17286450630603,86.47367600807559,86.89078521728516,1424100
2015-02-24,86.91786168074454,87.4039834857067,86.52475673984469,87.20893859863281,1300500
2015-02-25,87.16089476423284,87.2959316084057,86.2906657185468,86.3476791381836,1322400
2015-02-26,86.32961699365993,87.1447303808618,86.1311016845152,86.53414916992188,1676100
2015-02-27,86.56723195269362,86.71761920379876,85.74008486089761,85.78219604492188,1581000
2015-03-02,85.7821882160685,87.5236992736479,85.7821882160685,87.49362182617188,2094900
2015-03-03,86.84996162088656,87.20187260294512,85.18665592691994,86.00176239013672,1853700
2015-03-04,85.68294977906255,86.75974191605843,85.03627418695253,85.99575805664062,2089500
2015-03-05,86.15217875387249,87.15677547555062,86.05893794689904,86.97631072998047,2069400
2015-03-06,86.56124631015213,86.98835451850167,85.85140721402345,86.15519714355469,1727400
2015-03-09,86.29956063277479,86.74471252821638,85.66792711684943,85.94464111328125,1731000
2015-03-10,85.22574227309045,85.5475757693666,84.64523860656296,84.65727233886719,1729800
2015-03-11,84.85881808861105,85.08440243790028,84.49487331903326,84.50389862060547,1662900
2015-03-12,84.85281266115433,86.09502752451112,84.53097903790106,85.79124450683594,1545900
2015-03-13,85.64687236705095,86.06495525907981,85.35511618453518,85.79425811767578,1712700
2015-03-16,85.97168509801851,86.81386746348915,85.82731471540791,86.66648864746094,1801200
2015-03-17,86.22131489749607,86.48600191759584,85.83631809890942,86.037841796875,1706400
2015-03-18,85.80928337695802,86.03486774390836,82.9669258608146,85.06034851074219,3720600
2015-03-19,85.16260855577332,85.9536615069351,84.92800576856548,85.56866455078125,2574600
2015-03-20,86.17322740681688,87.2259521484375,85.65889533012678,87.2259521484375,6449400
2015-03-23,86.59430912556167,87.10563271176652,86.27849242635133,86.582275390625,2347800
2015-03-24,86.35670745554924,86.69960012350555,85.89652027111687,85.9807357788086,2791800
2015-03-25,86.27246938323573,86.57926075928248,84.57907929507924,84.62419891357422,2284500
2015-03-26,84.44071886885129,84.50388219900626,83.7008026223417,84.01361083984375,2124900
2015-03-27,84.33544442596659,84.85278480071948,83.8451730664041,84.72344970703125,1454700
2015-03-30,85.50850377846618,85.73408813214112,85.03928446762094,85.49346160888672,1310100
2015-03-31,84.81068749826001,86.00778941909832,84.8046706307249,85.57166290283203,1859700
2015-04-01,85.76117805227375,85.98375402627244,84.96110654288015,85.96871185302734,2073900
2015-04-02,86.08297051560075,86.39277029327448,85.1716080132612,85.52652740478516,2119800
2015-04-06,85.21375952299488,86.36875058760295,84.99118355018747,86.28753662109375,1469400
2015-04-07,86.28750818022972,86.92516531072683,85.88747600167183,86.50407409667969,1454700
2015-04-08,86.77476462611425,87.42144012451172,86.60633366061903,87.42144012451172,1636500
2015-04-09,87.36433059818002,87.95385987954295,87.13272931733816,87.54179382324219,1893000
2015-04-10,87.7673411243199,87.96584953967404,87.19585580842624,87.42144012451172,1588800
2015-04-13,87.68614330028902,87.9809078704899,87.00638179373308,87.1657943725586,2232300
2015-04-14,87.36130257431938,87.64403341285707,86.81087618301589,87.2831039428711,1535400
2015-04-15,87.63501655941653,87.92075583706678,86.44393138805191,86.84396362304688,1931700
2015-04-16,86.01980596918489,86.57925062100422,84.21814002247193,85.36410522460938,3993900
2015-04-17,84.80167675282165,85.62881712224367,84.48585313724762,84.86183166503906,2821200
2015-04-20,85.27687222172605,85.72503233573767,84.48882803900574,84.79261779785156,1775100
2015-04-21,85.21373281659476,85.42728341857561,84.50991078744859,84.94603729248047,1692000
2015-04-22,85.09040502712485,85.09040502712485,84.14294816538167,84.71141815185547,1587000
2015-04-23,84.59414927511432,85.31301366813652,84.242238164873,84.92801666259766,2112300
2015-04-24,85.03626488989404,85.52352785609177,84.57306939186945,85.00618743896484,2154900
2015-04-27,85.10243960751828,85.64985749454195,84.83174253977606,85.09341430664062,2046300
2015-04-28,84.91295022202311,85.14455142291452,84.26928310707915,84.78361511230469,2259300
2015-04-29,84.56103599204614,84.76556816660299,83.36694259786118,83.97752380371094,2927700
2015-04-30,83.63163457577579,84.57006624890545,83.40905867126085,83.61659240722656,3176700
2015-05-01,84.09180949626277,85.19566346754986,83.67672834982272,84.86781311035156,1582200
2015-05-04,84.8919042272234,85.44834745958875,84.12491881423465,84.23018646240234,1639800
2015-05-05,84.39261483193803,84.54601743534866,82.45258787622605,82.6932144165039,2158200
2015-05-06,83.06919447191925,83.67376587573861,82.41951032018396,83.58352661132812,1882200
2015-05-07,83.81208938495887,84.8016574298884,83.46017840967168,84.63923645019531,1845000
2015-05-08,85.6107487506693,86.76574623212034,85.35809541807555,86.38375091552734,2352300
2015-05-11,86.32360614637065,86.85598877477454,86.00778944356553,86.3085708618164,1619400
2015-05-12,86.06491903859545,87.17780524887664,85.58367299434279,86.83792114257812,2205600
2015-05-13,86.79875581853064,87.29318312906497,85.93351320032176,86.8047866821289,2275800
2015-05-14,87.1152958619664,87.95340638564326,86.8771250828191,87.82075500488281,1435500
2015-05-15,87.95644478180539,88.10115792598236,87.33841228746275,87.79666137695312,1988700
2015-05-18,87.68211208090115,88.02881091773013,87.27209606138881,87.74542236328125,1119900
2015-05-19,87.95339756472359,88.74025947614646,87.76045137575016,88.16443634033203,2015100
2015-05-20,88.18858400077711,88.31218911852277,86.69023162637608,86.72640991210938,1809000
2015-05-21,86.96151511989736,87.04592647101286,86.5424599941519,86.6600341796875,1187400
2015-05-22,86.51836850740636,86.83491979113826,86.37667083740234,86.37667083740234,1571700
2015-05-26,86.31938350226653,86.60277191590366,85.80987916356489,86.34048461914062,2091000
2015-05-27,86.50933779021936,87.70620892160305,86.30131439471039,87.3504638671875,2012700
2015-05-28,87.00374802993474,87.51023007568233,86.97058518644887,87.40169525146484,1452900
2015-05-29,87.35949998217171,87.42582567967239,86.54852825410671,86.8801498413086,1780800
2015-06-01,87.10324018363123,87.10324018363123,86.29226848632551,86.89823913574219,1558200
2015-06-02,86.69622806794914,87.18763981194938,86.14753693607334,86.37967681884766,1142100
2015-06-03,86.4279226823929,86.73543458430782,86.28623190725723,86.602783203125,985500
2015-06-04,86.17470481308357,86.33448821968287,84.94768610756896,85.08033752441406,1186200
2015-06-05,85.32151080697925,85.32151080697925,83.93771743752896,84.52861785888672,1826100
2015-06-08,84.30249770290118,84.4803736524142,83.83822477594468,83.90153503417969,1297500
2015-06-09,84.0100721157437,84.3085377514998,83.47645800966588,83.86235046386719,1055400
2015-06-10,84.15176210784401,85.27024565632865,83.68145140961326,85.16472625732422,2219400
2015-06-11,85.46620827084523,85.86717785144953,85.17678895336797,85.2491455078125,1126500
2015-06-12,85.0169980066234,85.46620064993535,84.48940795293613,84.68838500976562,1007100
2015-06-15,84.21204830827034,84.58587896317482,83.83821765336587,84.07035064697266,1173900
2015-06-16,84.13669039947239,84.19396979967254,83.6543248446004,84.14573669433594,986100
2015-06-17,84.51956218472034,84.89339977931476,83.9949944201955,84.48339080810547,1764900
2015-06-18,84.87833601118106,85.58982613538672,84.8210566054878,85.47225189208984,1420200
2015-06-19,85.81593999351678,85.83704801806186,84.97782928372717,85.01400756835938,5271600
2015-06-22,85.37576066125445,86.06313408466772,85.19186075554359,85.97570037841797,1657200
2015-06-23,86.22292757504232,86.31035439126772,85.48731406513505,85.7767333984375,1247100
2015-06-24,85.66518166206609,85.66518166206609,85.01097106933594,85.01097106933594,1249200
2015-06-25,85.19486744590085,85.62899290013651,84.93258015466279,85.1978759765625,1198500
2015-06-26,85.27325502379082,85.73150396373089,84.86626151414552,85.34561157226562,1631700
2015-06-29,84.30251438435903,84.95370968380402,83.2835191882178,83.28954315185547,2307300
2015-06-30,83.72666014431454,84.08542051283169,82.90663545908967,82.91266632080078,1514400
2015-07-01,83.25639243228575,84.76077579055575,83.00315131233405,84.65827178955078,1792200
2015-07-02,85.09839528484073,85.1345735594054,83.62416682290691,83.71159362792969,1520400
2015-07-06,82.9066636285892,84.76679178142085,82.9066636285892,84.4020004272461,1767600
2015-07-07,84.70345999283082,85.61091154975003,84.29947502715248,85.50840759277344,2096100
2015-07-08,85.05922464456953,85.65313360576761,84.69744873046875,84.69744873046875,2502600
2015-07-09,85.74659447536224,85.92145502543352,83.55182925536025,83.63323211669922,1963500
2015-07-10,83.96184626292145,84.41406445302641,83.42219434651614,83.8744125366211,2049900
2015-07-13,84.58287345717193,85.15870356298255,84.24522103575035,85.04112243652344,1614600
2015-07-14,84.81500272722883,85.81892737160972,84.73360678864118,85.7043685913086,1695900
2015-07-15,85.61993032133368,86.20479961118798,85.01999077983898,85.0652084350586,2905200
2015-07-16,77.19966334723284,80.40136849723051,75.45108567885212,78.75529479980469,21494100
2015-07-17,78.75831494636259,81.09778622802723,78.29101963618997,80.19636535644531,6579000
2015-07-20,80.1963740134167,81.4083223788053,79.89188438128052,80.68175506591797,3331500
2015-07-21,81.08873723190838,81.55301015510167,80.30790611980535,80.49180603027344,2945100
2015-07-22,80.49483040173531,82.80415424969235,80.49483040173531,82.51172637939453,3859500
2015-07-23,82.43637349501059,82.43637349501059,81.26361870910922,81.54399871826172,2211600
2015-07-24,81.53793064749264,81.77307906360814,80.08480341580807,80.53099060058594,2082300
2015-07-27,80.20541381835938,80.53101144836326,79.75621108628582,80.20541381835938,1695000
2015-07-28,80.03959851520054,82.59312408144882,80.03959851520054,82.55694580078125,2420400
2015-07-29,82.67452111279694,84.56780499898935,82.34892351003187,84.05227661132812,2845200
2015-07-30,83.87138342616804,84.11256964169682,83.14783858018342,83.78697204589844,1750500
2015-07-31,84.2512596353541,84.38089559929988,83.65432835473338,83.7387466430664,2350200
2015-08-03,83.90757538790352,84.16986276620062,83.26542638599071,83.8744125366211,1899300
2015-08-04,83.88044446464555,84.33266266048732,83.52168395991221,83.66639709472656,1190400
2015-08-05,84.41405397482711,84.41405397482711,82.57503402336206,82.80716705322266,2694900
2015-08-06,82.55997283794144,83.05440020949762,81.52891584503583,81.9178237915039,2184000
2015-08-07,81.7730716106997,81.78513333362673,80.65760375042026,81.20026397705078,2119800
2015-08-10,81.98415041656234,82.67152405296274,81.5017847682908,82.4514389038086,1521300
2015-08-11,81.6434615857369,81.98715179517569,81.08271549716008,81.70677185058594,1950300
2015-08-12,81.51032428392281,82.8098965391014,80.83636183743295,82.55904388427734,2169000
2015-08-13,82.70109742393734,84.26360712341295,82.09967081740025,83.41737365722656,1662600
2015-08-14,83.29043032178801,84.98591305811408,83.01540136218885,84.43284606933594,1703400
2015-08-17,84.42984032657311,86.58470812343329,84.16388002606116,86.04070281982422,2374200
2015-08-18,86.13437942245693,87.18008304033934,85.57828258085355,86.15553283691406,2155200
2015-08-19,85.79287125937697,86.17972005097327,85.13703928951692,85.20352935791016,2163300
2015-08-20,84.463068124732,84.56884210842611,81.16577810370427,81.27458190917969,3513600
2015-08-21,80.39511705448399,80.58249565321637,78.0438020208559,78.98674774169922,4900800
2015-08-24,76.04607154424815,80.31954488054643,75.77406551217568,76.86207580566406,4631400
2015-08-25,79.34939697889574,79.57908234395263,75.10312303353855,75.14845275878906,3766500
2015-08-26,76.68981289947793,77.40004319652533,75.2844599088305,77.23381805419922,2907000
2015-08-27,78.11029879397518,79.30711328897786,77.16130718194775,78.38834381103516,2013900
2015-08-28,78.10728823405003,78.55155851749649,77.41216520542798,78.00755310058594,1494600
2015-08-31,77.62067481849583,78.47899292174992,77.1008459258907,77.3124008178711,1839300
2015-09-01,76.10354168971158,76.59918760568758,74.82814510960111,75.11223602294922,1983000
2015-09-02,75.97353981915485,76.8016357421875,75.33886134887477,76.8016357421875,2019300
2015-09-03,77.06760614935096,78.11935562421273,76.92253439389333,77.3305435180664,1673700
2015-09-04,76.57799648727178,77.42120701148318,76.17301720033316,76.72306823730469,1515300
2015-09-08,77.98941568833476,79.08347223667148,77.50887057985976,79.07138061523438,1386300
2015-09-09,79.96595629942225,80.08986772237115,77.66601696092008,77.75668334960938,1787400
2015-09-10,77.46047603072685,78.25230387147022,77.04038233926153,77.26705169677734,1948800
2015-09-11,77.06758155537945,77.48162943939639,76.68073288748043,77.26705169677734,1613100
2015-09-14,77.51794447021388,77.69021550017378,75.89499005412964,76.14583587646484,2466000
2015-09-15,76.67473412992302,76.92255704817988,75.61996835713776,75.75898742675781,2890800
2015-09-16,75.75897954008022,77.06459791818779,75.17870624256649,75.74689483642578,3252000
2015-09-17,75.74687465225327,77.87756574730551,75.19380073209312,76.5145263671875,3019200
2015-09-18,75.07291925789471,75.78012678472062,74.33548268364687,74.54402160644531,2832300
2015-09-21,75.14545581172163,75.41141611668837,73.60108336773051,73.8247299194336,3433800
2015-09-22,73.08728730185298,73.11448652508302,71.24975564884998,71.70309448242188,5757000
2015-09-23,71.01099470594887,71.9237181833037,70.21916665713096,70.30378723144531,4986900
2015-09-24,69.80512213958706,69.80512213958706,67.9494596982218,68.8470687866211,6755400
2015-09-25,69.45755679251747,70.33098946592882,68.54181037143645,68.75337219238281,4135500
2015-09-28,69.55730109781825,69.55730109781825,66.38997451301995,66.65895080566406,4234800
2015-09-29,66.5682678525116,67.48099126274789,65.96684132817903,66.1693344116211,4827600
2015-09-30,67.07906513406577,68.0522333341553,66.87960176190133,67.32991790771484,7592400
2015-10-01,67.32384585799308,70.415613389165,66.61966122440408,70.09223175048828,6678600
2015-10-02,69.38201446202731,71.68497721429051,68.69596712711441,71.62755584716797,4762500
2015-10-05,72.18362525540175,73.20816842562621,72.18362525540175,72.88780975341797,3445200
2015-10-06,72.76088977765254,73.17796071451404,71.20442583838268,71.53083038330078,3625200
2015-10-07,70.34609738030731,72.8545684451069,70.26751570164652,72.26824951171875,2511900
2015-10-08,72.2621931733561,73.99092759538077,71.84209945419384,73.80657196044922,2202300
2015-10-09,73.71894884827108,74.35060457131007,72.87573819414047,73.39859008789062,2047500
2015-10-12,73.14167877770849,73.79448774262178,72.94523150738921,73.67359924316406,1402200
2015-10-13,73.09637412334696,74.04233594871803,72.83645960991383,74.01513671875,2436000
2015-10-14,73.5950528142829,74.1148819117893,73.22936423654728,73.29283142089844,2248200
2015-10-15,72.77299424158,72.89690569084705,71.26488267819833,71.3495101928711,5329200
2015-10-16,71.46736106140872,73.58294472995041,71.21349240466414,73.49227142333984,3411300
2015-10-19,73.15983426950397,73.77637545335135,72.21084271264999,73.401611328125,2618400
2015-10-20,73.36836818152803,73.6585048097917,72.06275681304297,72.41333770751953,2435400
2015-10-21,72.700436683799,73.12355337886501,71.40388737606264,72.03855895996094,2697900
2015-10-22,72.76690142703394,74.77972620331289,72.12920024318761,74.62860870361328,3037800
2015-10-23,75.3328178298769,75.53530398306044,73.59501459213867,74.27804565429688,1848000
2015-10-26,74.61654657573773,74.8673922934463,73.54364382339965,74.72232055664062,2208900
2015-10-27,74.0453114605065,74.0453114605065,72.62182835826653,73.11143493652344,3067800
2015-10-28,73.23841474351939,74.74350333664032,72.91201015506914,74.57727813720703,4046100
2015-10-29,78.56969595125587,79.13787769577475,75.254274054141,78.00755310058594,6517500
2015-10-30,78.73588517011568,81.55867616838337,77.98637086930945,80.64293670654297,5585700
2015-11-02,81.12345916610647,81.81857488689823,80.2167816747083,81.54959869384766,3035100
2015-11-03,81.47104234971228,81.76420186531357,80.78498821006372,81.59797668457031,2337000
2015-11-04,81.98180913426988,82.26892286303966,81.00864121112023,81.81256103515625,2483100
2015-11-05,82.05131324528863,82.26287507565657,80.85449889526544,81.02979278564453,3048900
2015-11-06,80.86962064631706,81.27459999714725,80.04454050199011,80.76383972167969,2045100
2015-11-09,80.85146162419717,80.9058600658134,79.6606932953237,80.56132507324219,1579500
2015-11-10,80.36436568013835,80.74916555115368,79.70082723473595,80.16136932373047,1334400
2015-11-11,80.25531051521199,81.09155414282894,79.6190327625916,80.63101196289062,1549500
2015-11-12,80.11292463709877,80.36743303058834,79.17972488269247,79.40999603271484,1529700
2015-11-13,79.47361434910167,80.2825903396574,78.63130955189884,79.57360076904297,2157300
2015-11-16,79.57361326893941,81.05521973424932,78.8615930645239,80.87039947509766,2131200
2015-11-17,81.0006807348959,82.76709381943601,80.90069430352567,81.72482299804688,2977500
2015-11-18,81.33397000976096,82.71559000019563,81.25822082086016,82.59742736816406,1925700
2015-11-19,82.71557678355339,83.32154939343374,82.47318357870166,82.66104125976562,1659600
2015-11-20,82.60043034148592,83.60331792259946,82.41257269305984,83.10338592529297,2301900
2015-11-23,83.10340025000565,84.67287769860076,83.10340025000565,83.45486450195312,2149800
2015-11-24,82.58226306167617,84.39109629344189,82.23079880286261,83.72149658203125,1947300
2015-11-25,84.07600786669724,84.12448929199836,83.35489607603601,83.55789947509766,1275300
2015-11-27,83.6790647915667,84.37290858360676,83.37911251138131,83.87600708007812,602700
2015-11-30,83.84573244893414,83.85785453835337,82.92465476325226,83.64575958251953,2606100
2015-12-01,83.94875281786408,85.4424813971655,83.809376523211,84.09721374511719,1953000
2015-12-02,84.15779377259705,84.15779377259705,82.44287914001224,82.7791976928711,2070900
2015-12-03,83.08220318843874,83.12461662966427,80.19170220351734,80.59770202636719,3088800
2015-12-04,81.15217489537221,82.58227633580702,81.13096817340126,82.53985595703125,2109300
2015-12-07,82.12474906331157,82.9943215879105,81.23700034256797,81.9884033203125,1391400
2015-12-08,81.2157881049523,82.81556385203032,81.20669653930526,82.06718444824219,1488900
2015-12-09,81.70662753457538,82.96705416229909,80.88856000810028,81.1127700805664,1341000
2015-12-10,81.5702921079542,81.80359377545352,80.59467199647224,80.75828552246094,1493400
2015-12-11,80.75826956884339,80.75826956884339,79.17061604336219,79.34635162353516,2160000
2015-12-14,79.42514042119494,79.86447599293491,78.84037445617679,79.78872680664062,1471200
2015-12-15,80.64012260968143,80.8491870334736,79.6008754048163,79.80387878417969,1853700
2015-12-16,80.64922125391226,81.87631933475609,80.32199417437603,81.66119384765625,2366700
2015-12-17,81.95508654231642,82.10961543897058,79.70995497542263,79.74630737304688,1712400
2015-12-18,79.08579129515124,79.3069708553747,77.5920629646085,77.63448333740234,2318100
2015-12-21,78.21317731714929,79.17970564708094,77.16786929654567,79.10698699951172,2479200
2015-12-22,79.3978386756331,79.6674995607793,78.69794090442618,79.33724212646484,1143900
2015-12-23,79.92202912612589,81.29456421526241,79.76144614761425,80.94309997558594,1353300
2015-12-24,80.69163448473323,81.33397348701297,80.24018372403785,80.34320068359375,340800
2015-12-28,79.76146659176733,80.51590719938869,79.76146659176733,80.05839538574219,913200
2015-12-29,80.59768870550359,80.70979720411866,79.96141784394642,80.25834655761719,1276200
2015-12-30,79.97355477832232,80.7128497095713,79.29183284033103,79.51907348632812,1587300
2015-12-31,79.20393932089522,79.83718653483369,78.65250231549905,78.65553283691406,1854300
2016-01-04,77.96169754570721,78.78885661120302,76.08317628426623,77.18605041503906,3405000
2016-01-05,77.73747888164235,78.37072609442568,77.2133165699375,77.49812316894531,2271900
2016-01-06,76.05591162408324,76.44979624896482,74.69246804633897,75.25602722167969,2370900
2016-01-07,73.81683611587013,75.47114741642844,72.88666699168333,73.19268035888672,2640900
2016-01-08,73.74712867524629,74.1622199189817,73.02904773072825,73.25325775146484,3592800
2016-01-11,73.47447920213305,73.89866221145216,72.57763175693884,73.31389617919922,2174700
2016-01-12,73.88348516941818,74.81365418584521,73.64412250803746,74.66216278076172,3054900
2016-01-13,75.08939462058179,75.08939462058179,72.84728660030899,73.06846618652344,1758000
2016-01-14,73.8259159659837,74.68942734021144,73.02602473781648,73.69866180419922,2503800
2016-01-15,72.256473236838,73.78656136537093,71.88683266074929,73.35328674316406,2650500
2016-01-19,73.77440014787528,73.91680690942951,71.51714722106288,72.52003479003906,3081300
2016-01-20,72.71698883033893,74.4652254196929,71.18993178750851,74.34403228759766,6560400
2016-01-21,74.28950787392493,75.71051767124499,72.68367089420599,74.52583312988281,4894200
2016-01-22,75.27119059655816,76.9891293537106,74.85912967840164,75.74991607666016,2887500
2016-01-25,75.26209115997491,75.64991475603557,73.91076268289932,73.97135925292969,2596800
2016-01-26,74.47733876391212,75.86804990246304,74.10466091118585,75.57112121582031,2197500
2016-01-27,75.57111640396424,77.28905439923835,74.92272355588959,76.42857360839844,4250400
2016-01-28,73.73200205397384,78.25256989036399,73.73200205397384,75.64385223388672,5981100
2016-01-29,75.88625901342928,78.64344524990977,75.88625901342928,77.46482849121094,4042500
2016-02-01,75.74382472850054,77.81928803668673,74.47733725490843,77.21633911132812,2337900
2016-02-02,76.76491755597026,77.29211751622489,75.17423304249564,75.42874145507812,1938600
2016-02-03,75.32873231261962,77.83443252952691,74.39552592055058,77.82534790039062,2373300
2016-02-04,77.76173195657786,78.96156198334695,76.92245080084164,78.85551452636719,2475600
2016-02-05,78.64039758109034,79.02519063378676,76.78308299307207,77.60115051269531,3181200
2016-02-08,76.74065888123413,77.33148577964889,72.98967749593234,74.72579193115234,2997300
2016-02-09,74.59247294452771,77.03758369508272,74.4652187802075,76.48311614990234,2452200
2016-02-10,76.95880910047364,78.26771708851842,76.3437449539277,76.56795501708984,1930200
2016-02-11,75.0681855667106,75.77717520343352,74.14710098251777,75.10453796386719,2197200
2016-02-12,76.0134829974067,77.86171278569016,75.36509008467068,77.76172637939453,1998900
2016-02-16,78.49192573135245,78.8888408509861,77.15878052853506,78.45556640625,2975400
2016-02-17,79.313018110259,79.85839407848371,78.04956112551957,78.5191879272461,2067600
2016-02-18,78.49495337565507,78.59493978231363,77.06485233659784,77.19513702392578,2020800
2016-02-19,77.0981777708397,77.74960117902246,76.58613060854672,77.41631317138672,1742700
2016-02-22,78.07383200702046,78.69798793216059,77.80417096073228,78.11019134521484,1754400
2016-02-23,78.22830444885975,78.65854825436645,76.81335635233391,77.17391204833984,1686600
2016-02-24,76.5861418816444,78.75250038049062,76.28618263061972,78.68887329101562,1900500
2016-02-25,79.141807051306,80.73765313382764,78.2694126770927,80.69205474853516,2421600
2016-02-26,81.12368832811867,84.32146094724541,80.85619266499216,82.99311065673828,4752900
2016-02-29,82.80160940654653,84.14211415419813,82.12678954152139,82.22406005859375,3590400
2016-03-01,82.66176894409358,86.31853735338811,82.66176894409358,85.4643783569336,3399000
2016-03-02,84.61022521030885,85.06314080401287,82.87455085549978,83.1937255859375,2721000
2016-03-03,83.94756105733401,84.29105165230676,82.18149718159573,82.67696380615234,2745000
2016-03-04,83.04476575705023,84.38223684097746,82.17237163225869,84.14209747314453,2150100
2016-03-07,83.63752674854824,84.60415121158982,83.14205309334031,83.98101043701172,1884000
2016-03-08,83.2605812720991,84.73180014229983,82.7559936147776,83.9536361694336,2430900
2016-03-09,84.23330338567081,84.80780536901365,83.25451759064079,83.65575408935547,2309100
2016-03-10,84.63450551724364,86.23643137798548,84.05392305838134,84.99015045166016,2690100
2016-03-11,86.01154299015961,87.23046838054333,85.79572640562935,86.57997131347656,3137700
2016-03-14,86.40975773628212,86.9751388218908,86.03587041175206,86.23345184326172,1876500
2016-03-15,85.60421306547538,86.59515334303086,85.42486686643988,85.94465637207031,1709400
2016-03-16,86.42494051187235,87.30037522714811,85.94466860452032,87.24262237548828,2038500
2016-03-17,86.94166659453255,87.51009476347672,86.43707892983836,87.26692199707031,2473500
2016-03-18,87.35808752904404,87.8444398841534,86.78661916345749,87.75325012207031,2737800
2016-03-21,87.34292443544669,87.63169562192172,82.23621896668968,83.07213592529297,13577700
2016-03-22,83.02654124488943,88.12108509048096,82.97182179968854,85.71971893310547,5370000
2016-03-23,85.63765143574747,86.7471377742052,85.1117812100478,86.0206527709961,3561900
2016-03-24,85.61638593636097,86.08146305422196,85.06619971288877,85.52215576171875,1872600
2016-03-28,86.02977212443933,86.6103618315159,85.64069005399536,86.30638885498047,1580400
2016-03-29,85.85348957298659,86.9690638606831,85.54951653856862,86.81403350830078,1975200
2016-03-30,87.28517692244425,87.34597012780209,85.89603339520924,86.4583740234375,1823700
2016-03-31,86.32460861315477,86.78056451784305,85.60723780424959,86.53131103515625,2161500
2016-04-01,85.93552590918571,87.57696993556912,85.58292121838278,87.43714141845703,1962900
2016-04-04,87.5496192372313,87.95086268182338,86.19998662372589,87.27908325195312,1368900
2016-04-05,86.27600686494145,87.97824469009642,86.27296650850091,87.31254577636719,1823100
2016-04-06,86.99944824679086,88.41898841215213,86.7532281058732,88.38555145263672,2206200
2016-04-07,88.08459862360422,89.14241966128199,87.78974676771524,88.98131561279297,3823500
2016-04-08,89.48897129313556,90.35529195351953,89.36738486969118,90.2732162475586,3042000
2016-04-11,90.26105883784838,90.81124503907346,89.38561713703714,89.58319854736328,2355000
2016-04-12,89.52542665782198,90.76866770894539,89.44639828489767,90.47989654541016,2214600
2016-04-13,90.75045368356889,91.1881675855811,90.08779516064784,90.3036117553711,2871900
2016-04-14,90.17897385924175,90.39479042735766,88.98437140882994,89.51935577392578,2328000
2016-04-15,89.66221592046594,90.46469586844894,89.57102612413487,90.10601043701172,1452600
2016-04-18,89.97531476273916,90.40695487072462,89.21843309243033,90.2093734741211,1627500
2016-04-19,90.46772842742973,90.68051155786642,90.05433054528815,90.67443084716797,1716000
2016-04-20,90.82337082921597,91.67752976678213,89.94185565163785,91.19725799560547,2716800
2016-04-21,92.10310573329083,93.92692960919757,88.95093161866367,90.39175415039062,5533500
2016-04-22,90.63189457188675,91.1912018156276,89.29442314810177,90.9176254272461,2178900
2016-04-25,90.54372483069126,91.28845188434627,90.32486794342434,90.96320343017578,2079900
2016-04-26,91.16078722695005,91.4556390923735,90.88113713892044,91.2276611328125,3489600
2016-04-27,91.27629129928049,91.33101073959996,90.13032776802282,90.8203353881836,2376300
2016-04-28,90.17593550409693,90.70484612644802,87.88096071349392,88.03294372558594,3502800
2016-04-29,87.96299966580642,88.08154567936118,86.7835924108147,87.33377838134766,2243400
2016-05-02,86.7319432210984,88.1727657236834,85.94161770223428,88.0025405883789,2368200
2016-05-03,87.61951049825748,87.85052875807227,86.88389770961909,87.84748840332031,1727400
2016-05-04,87.53743483462144,87.97819582832078,87.11795632418585,87.84748840332031,1549200
2016-05-05,88.15144781515873,88.52837524598309,87.38240509553542,87.81100463867188,1527900
2016-05-06,87.7319907345637,88.29737854003906,87.5708866919428,88.29737854003906,1201200
2016-05-09,87.78367150878171,88.91139982886416,87.78367150878171,88.69862365722656,1607100
2016-05-10,88.99344731560409,90.15157891262272,88.99344731560409,89.97527313232422,2351100
2016-05-11,90.0999209589957,90.0999209589957,88.9600312224309,89.36735534667969,1866600
2016-05-12,90.23974985439008,90.52852099455859,89.3673557232281,90.03001403808594,3107700
2016-05-13,89.87497303499079,90.55283304570699,89.00561936276075,89.11505126953125,2073000
2016-05-16,89.51935341175287,90.58021496089958,89.40384771964084,90.4859848022461,1314000
2016-05-17,90.01181611765837,90.64103779029836,88.78681669741574,88.96615600585938,1951200
2016-05-18,88.97833198272163,89.54534031260285,88.39607811729218,88.78018188476562,1554300
2016-05-19,88.72223122629708,89.00573529033264,87.63393062844295,87.8991470336914,1419300
2016-05-20,88.4052260842326,88.93870823663225,88.09123779848288,88.28633880615234,1099800
2016-05-23,88.60945594753801,89.31365307923221,88.13085085022482,89.23439025878906,2098200
2016-05-24,88.63993851542504,89.61239422703805,87.58517087804523,88.99050903320312,2063100
2016-05-25,89.32588180314467,89.71303480064854,88.73143132053904,88.78630828857422,1756200
2016-05-26,88.76188411035827,89.36548170425873,87.9235610961914,87.9235610961914,1931700
2016-05-27,88.06378032784419,89.12768827630534,87.9906157243056,88.95088195800781,1394400
2016-05-31,89.08501617670647,89.62458943745186,88.34118765765845,88.73748779296875,1727400
2016-06-01,88.60030222293399,88.90515007836154,88.21619853015316,88.8136978149414,1047000
2016-06-02,88.78018272876159,89.02710458809565,88.19487975065826,89.02405548095703,1603500
2016-06-03,88.6978560637049,89.05148265945255,87.85648404454966,88.71005249023438,1371600
2016-06-06,88.87163439521221,90.0209035708492,88.71006660479335,89.4630355834961,2217600
2016-06-07,89.52703191695056,89.91418470188681,89.35631684514932,89.57276153564453,1755900
2016-06-08,89.62457395658019,90.22817137521628,89.35021022495297,90.0208740234375,2028900
2016-06-09,89.3990187075497,89.82580300029655,88.64300061818783,89.32890319824219,1359900
2016-06-10,88.92039618253304,89.64897216542117,88.48751376006261,89.03013610839844,1693800
2016-06-13,88.92036306122617,89.31361392960581,88.35944628260431,88.84719848632812,1902600
2016-06-14,88.51802355123063,89.10027747624838,88.12172331476096,89.0606460571289,2088600
2016-06-15,89.41117976551767,89.61847012694366,88.62772699926101,88.6856460571289,2355300
2016-06-16,88.5210448406601,88.67956348996053,87.60955737416242,88.56981658935547,1538700
2016-06-17,88.38387292017164,88.60640887556491,87.39922074229955,87.89002227783203,2236200
2016-06-20,88.77403963326405,89.31971092005368,88.19483516226464,88.27104187011719,1625700
2016-06-21,88.59422357815681,88.70091441196283,87.56689083419425,87.64310455322266,1407600
2016-06-22,87.64311301300813,88.48753430828292,87.64006390576377,88.3808364868164,1638000
2016-06-23,89.24049075750567,89.39596031827513,88.05768849820943,88.07902526855469,3021300
2016-06-24,86.0335232559128,87.64006082650462,85.84147137043814,86.49993896484375,5037300
2016-06-27,85.8170821698595,86.46030420368832,84.97265395956848,85.45431518554688,2813400
2016-06-28,86.17677501950682,88.62773304904773,86.16152948883824,88.4234848022461,3028800
2016-06-29,89.1155070484996,89.3106080243608,87.76808788136255,88.53019714355469,1894500
2016-06-30,88.84721654564599,89.67944107785826,88.09119873186444,89.52397155761719,1875300
2016-07-01,89.69165609094912,89.98125842666957,89.15207585126643,89.5636215209961,1322400
2016-07-05,89.13684638556751,90.04528489449066,88.88992454043716,89.82579803466797,1584900
2016-07-06,89.2618403618181,91.60001023261435,89.08198489802876,91.38966369628906,3020100
2016-07-07,91.30733187980557,92.43831319439013,91.30733187980557,92.09383392333984,2211900
2016-07-08,92.72790864553255,93.88022664340554,92.58157944951562,93.44124603271484,1875600
2016-07-11,92.95349194658122,94.25518124527159,92.3681891281166,93.64549255371094,1625700
2016-07-12,93.95643714844735,94.39541777678966,93.16993513163101,93.1851806640625,1747800
2016-07-13,93.26443670254865,94.02044759957963,93.23395261726061,93.55403900146484,1015200
2016-07-14,94.06009645235098,94.06009645235098,93.07239516013094,93.35895538330078,1359000
2016-07-15,93.27055359543539,94.11193272197488,93.0114353105266,93.25226593017578,1536600
2016-07-18,92.89558044651231,93.84365024175732,92.71876715310718,93.66378784179688,1225800
2016-07-19,93.8985312026236,94.24605263966517,93.37419645146815,94.19728088378906,1455600
2016-07-20,94.50212297235385,95.25814096087265,94.06009320290913,95.14229583740234,2863500
2016-07-21,90.96591308626023,91.45366550378971,86.95719594230702,88.59725952148438,10390800
2016-07-22,88.87468908072447,90.04529510229759,88.87468908072447,89.49657440185547,3504600
2016-07-25,89.7709279700235,90.02699713577533,89.40816099275456,89.98736572265625,2052000
2016-07-26,90.09404989379183,90.23122479941792,88.79845174902654,89.28925323486328,1818900
2016-07-27,89.48437458218808,89.74044376753484,88.5850833262811,89.10636901855469,2060100
2016-07-28,89.10635228522057,90.92017999238162,88.66737163751829,90.81044006347656,1834500
2016-07-29,90.85921550612169,91.3713607788086,90.55132549852158,91.3713607788086,2472600
2016-08-01,90.23427000854292,91.40488264575455,90.23427000854292,90.64886474609375,1536900
2016-08-02,90.85615790130042,92.04200912905837,90.62142554544432,91.98104095458984,2208000
2016-08-03,92.27066261501209,92.33467990936025,91.21284572735631,91.91399383544922,1577100
2016-08-04,92.13040682274412,92.27063780212495,91.23416494288205,91.46279907226562,1188300
2016-08-05,91.71889738875535,91.85607930554316,90.99336336529446,91.56951904296875,1417800
2016-08-08,91.70668309659835,91.92312780499367,90.42633041824344,90.712890625,1812000
2016-08-09,90.83482364412255,91.10613830763099,90.01783752441406,90.01783752441406,2034900
2016-08-10,90.29828275933536,90.4507101605865,89.9690490618422,90.37449645996094,1210200
2016-08-11,90.88058539639772,91.0360549982931,90.16114949964556,90.45989227294922,1596000
2016-08-12,90.02089914483896,90.26172975374861,89.53924490438118,90.1763687133789,1258800
2016-08-15,90.60617637960668,90.78298964674707,90.1854904431521,90.3348617553711,1019400
2016-08-16,90.38670521460915,90.73727572606106,88.83198876939679,88.87162017822266,1747200
2016-08-17,88.73099749574317,88.82882987881202,87.68847138233839,87.94222259521484,3317100
2016-08-18,87.90860957450167,88.60566806336921,87.89026906052966,88.22657012939453,1365900
2016-08-19,87.94526699954162,88.08284529780029,87.22681032810515,87.97889709472656,2834100
2016-08-22,87.76183567410969,88.72792770355376,87.61508362038381,88.01558685302734,3432300
2016-08-23,88.51999979472298,89.56864114772948,88.01860649257246,89.006103515625,2165400
2016-08-24,88.59648855249857,88.81966761187495,87.51421636279366,87.6854248046875,1432800
2016-08-25,87.48667521744908,87.94832278629706,87.37661817952689,87.59368133544922,1916400
2016-08-26,87.65174637777035,88.4007750259025,87.10449824660853,87.38270568847656,1618200
2016-08-29,87.40412566236904,88.04309040833918,87.09533900208879,87.64564514160156,2464500
2016-08-30,87.48361491858749,88.235701646515,87.39801422503119,87.65482330322266,1933200
2016-08-31,87.74654386272321,87.80768821771858,86.64898939526292,86.7376480102539,1508100
2016-09-01,86.6336983609136,87.52030548858525,86.42885987683404,87.2145767211914,3056400
2016-09-02,87.30018075236404,87.85354482989106,87.01890833885524,87.56922149658203,1274100
2016-09-06,87.85967564357234,87.85967564357234,86.85383759611658,87.17179107666016,1110900
2016-09-07,87.00669180022199,87.7740611794123,86.5022403576586,87.58757019042969,2036700
2016-09-08,87.19013960064436,87.46529625171087,86.49613913425215,86.62760162353516,1805400
2016-09-09,85.9244142948731,86.0742172603302,83.88827514648438,83.88827514648438,3446100
2016-09-12,83.58255940721206,85.61869887287568,83.54892930798881,85.40469360351562,2965500
2016-09-13,85.22430722537285,85.43526156394844,83.65898922616871,83.69261932373047,3028800
2016-09-14,84.02588076945771,84.73516389368255,83.90053410498544,84.26129150390625,2094900
2016-09-15,84.45387434041534,84.99194886847964,84.07476953897259,84.60673522949219,2083500
2016-09-16,84.43859234083764,84.57005481651453,83.06282322294328,83.762939453125,2888400
2016-09-19,83.31047063279615,84.20318675637031,83.0964583583606,83.6253662109375,2578500
2016-09-20,84.07478478016195,84.71987254380686,83.92498178146244,84.12676239013672,2382900
2016-09-21,84.07783762775604,85.13871121959976,83.50919085308476,85.10813903808594,1745400
2016-09-22,85.40469323295419,85.81742117797684,85.05616057068963,85.48723602294922,1646100
2016-09-23,85.64621674855198,86.80492276291868,85.5422755261361,86.52059936523438,2288400
2016-09-26,86.25766110498287,86.5022385283093,85.65231938670856,85.69818115234375,1622100
2016-09-27,85.55451891181265,86.44724223430379,85.1448487760104,86.33106231689453,1290000
2016-09-28,86.7712928977159,86.7712928977159,85.79602697398646,86.19041442871094,1975800
2016-09-29,86.14453400736424,86.3677129920873,84.45998541241518,84.77793884277344,2199900
2016-09-30,85.21513134103378,85.51167935432849,84.04113596987132,84.582275390625,2174400
2016-10-03,84.35603745716145,84.49972458594667,84.05336661521757,84.33158111572266,1827900
2016-10-04,84.39274475777162,84.6006342038027,82.85188293457031,82.85188293457031,2787600
2016-10-05,83.11479389082956,83.46943535427074,82.7356890869612,83.18511199951172,2238000
2016-10-06,83.0658784977322,83.98611579818997,82.7020632628403,83.79045104980469,2494200
2016-10-07,82.90689006269358,82.90689006269358,79.91382582037018,82.16091918945312,7021800
2016-10-10,83.0139035179669,84.06560323450817,82.54614009810453,82.77237701416016,2233800
2016-10-11,82.43607160741804,82.5583673102542,81.20093888969696,81.75430297851562,3750600
2016-10-12,81.7757157383213,82.44831067542343,81.47304486773987,82.24958801269531,1563900
2016-10-13,81.68396914011586,82.70509642685344,81.3446173484829,82.38102722167969,1851900
2016-10-14,82.88245451167094,82.92220044875472,82.05087574105491,82.05699157714844,1602300
2016-10-17,82.08141756475598,82.67758540793719,82.03250488914725,82.4207763671875,1522800
2016-10-18,82.94662067588378,83.01693876529052,82.14867235373052,82.80598449707031,1257600
2016-10-19,82.77847809010206,83.20343758601526,82.24651249157887,83.00471496582031,1886100
2016-10-20,83.32880776946523,84.75349660345228,83.23709122593078,84.32853698730469,2870700
2016-10-21,83.65898653981064,84.87883676854518,83.45720596091944,84.7290267944336,2208300
2016-10-24,85.15398388590702,85.3190764458477,84.44775887798042,84.95526123046875,2767800
2016-10-25,78.12841228237237,78.87744131534816,75.41661957181663,75.70094299316406,18016200
2016-10-26,75.67953659578515,77.01861775837358,75.51444401423184,76.19621276855469,4842600
2016-10-27,76.21454446015441,76.44383929702943,75.24845242619942,75.69786834716797,3520500
2016-10-28,75.54806500862774,76.03722685843567,73.90631314481135,74.8204345703125,5139600
2016-10-31,75.29430239173053,75.63977708256226,74.52387514779028,74.86017608642578,2891700
2016-11-01,75.1628301024108,75.1628301024108,73.21535682549758,73.56694030761719,4023900
2016-11-02,73.66477449463316,74.51163558883027,73.49662404311935,74.13253784179688,2793600
2016-11-03,74.5819710010477,74.91827198214911,73.76568189057325,73.83905792236328,2035500
2016-11-04,74.22426255850334,75.04666740444561,74.13866186351652,74.15088653564453,2447700
2016-11-07,75.35239212848897,76.02804489249296,74.93049051595229,75.81098175048828,3018000
2016-11-08,76.064747910976,77.37631476859198,75.9760892858353,77.10115814208984,3805500
2016-11-09,76.33989444660602,78.90799953148556,75.85073257294184,78.79793548583984,4071600
2016-11-10,78.94163317251554,82.2648831424017,78.9294015010536,81.02057647705078,6203100
2016-11-11,80.68425928005502,81.1245013989214,79.66007392408085,80.02694702148438,2964900
2016-11-14,80.2348659896605,80.5986742746758,79.86799278900911,80.52224731445312,3858300
2016-11-15,80.90132565604773,81.5158340951866,80.29904888640274,81.24068450927734,3159900
2016-11-16,81.05667011831616,81.20695515762098,80.28073208339453,80.34820556640625,2252400
2016-11-17,80.7407814973224,81.1394871931976,80.37581254524763,80.57209777832031,2541900
2016-11-18,80.57211175092652,81.0689601495002,79.74096347124015,79.82991027832031,2427600
2016-11-21,79.81456243542465,81.67314403449794,79.75629178944327,81.62406921386719,2621100
2016-11-22,81.57805668587568,82.79257242575173,81.4860493003741,82.4337387084961,3322800
2016-11-23,82.25891791961409,83.73105698817588,82.25891791961409,83.54703521728516,2383800
2016-11-25,83.43969754519196,84.34137966173391,83.35075076357496,84.33218383789062,1131600
2016-11-28,83.94266703404439,84.39044746029269,83.7095845076974,84.04080963134766,3076800
2016-11-29,84.13898427815931,85.10507246726654,83.59306109220569,84.7462387084961,2514300
2016-11-30,84.8443710667065,84.95785175535293,82.33559565439981,82.4000015258789,3554700
2016-12-01,82.2435879113563,82.6422935977154,80.9677339268353,81.54431915283203,3781200
2016-12-02,81.54124377721149,81.54430437173492,80.24698433854373,81.29281616210938,3198300
2016-12-05,81.17628660690067,81.74366896750145,80.67943832475532,81.70380401611328,2538900
2016-12-06,81.90008502995057,82.3386556303965,81.34496613686571,81.72219848632812,1866600
2016-12-07,81.52592457952309,82.74044036865234,80.9340012498306,82.74044036865234,2368500
2016-12-08,82.40308357282655,83.42131425531912,82.07491892834595,83.22502899169922,2474700
2016-12-09,83.14222270124681,83.85682262736736,82.93980221116722,83.09008026123047,2104200
2016-12-12,83.2035488537218,83.2035488537218,81.75287590573713,83.04100036621094,2570700
2016-12-13,83.55315700812449,83.6022318123734,82.58400157625289,82.68214416503906,2308500
2016-12-14,82.7036304465447,82.88151700286828,81.4492427672012,81.73140716552734,2815500
2016-12-15,81.74674124232988,82.55642309037474,81.72834257292595,82.108642578125,2857800
2016-12-16,81.9859537850648,83.6850471340285,81.90008164118358,83.34768676757812,3884700
2016-12-19,83.36608268545119,83.50409724975924,81.75899676214517,82.46439361572266,2683800
2016-12-20,82.18532041556438,82.3202673927106,81.31736790884129,81.639404296875,2417400
2016-12-21,81.86942535045961,83.30782785915133,81.43391529457263,83.17901611328125,2336100
2016-12-22,83.54702690120695,83.64823711019442,82.53799944522994,82.87229919433594,1253100
2016-12-23,83.02873601976017,83.56238872434375,82.28653462926366,83.51332092285156,1430100
2016-12-27,83.46115022703827,83.78317950189972,82.98270773577438,83.53782653808594,1165200
2016-12-28,83.81387797772794,83.87828385525803,82.87232371580843,82.8999252319336,1419900
2016-12-29,82.8078939037722,83.34768168874064,82.4122559076657,83.15445709228516,1093800
2016-12-30,83.55316702353392,83.55316702353392,82.20983973976827,82.42146301269531,1761000
2017-01-03,83.028711577542,84.22482838815264,82.89683224774787,84.2002944946289,2670600
2017-01-04,84.36590291887043,85.11730686527987,84.25855749232296,84.77073669433594,1897800
2017-01-05,83.92121194879618,85.04372024885214,83.41516784316836,84.70328521728516,2495700
2017-01-06,84.64196126178341,85.97916069656019,84.54381863480897,85.56511688232422,2331000
2017-01-09,85.56204135963503,85.71539402616365,85.02532808592615,85.49456787109375,2013000
2017-01-10,85.09587719161038,85.63566519522931,84.69104320861118,85.53138732910156,2632500
2017-01-11,85.14187768443702,87.1998052463974,85.14187768443702,87.02806091308594,2523300
2017-01-12,86.46986582899835,87.17219520906316,85.92394269092237,86.96057891845703,1948800
2017-01-13,87.02803393664755,87.50647646493513,86.12020964903522,87.43900299072266,1740300
2017-01-17,87.27648015865141,87.62917868483731,86.62935375483204,87.21207427978516,2218800
2017-01-18,87.32246983539062,88.13214458140338,86.84708785750962,88.00946807861328,2363100
2017-01-19,87.97878509307431,88.325348264774,86.31955687340371,86.82254028320312,3458400
2017-01-20,87.19059548963286,87.38381309852278,86.4238532637938,86.985107421875,2747700
2017-01-23,86.98818799954405,87.44823199966042,86.78883513151267,87.1016616821289,3195600
2017-01-24,87.22741153416084,87.68439496872554,86.04050411352999,86.11103820800781,4618500
2017-01-25,86.62932405436445,86.92375183105469,85.91778499591243,86.92375183105469,7054800
2017-01-26,92.48721689221604,94.74757130435913,91.54873048247616,93.54225158691406,9041100
2017-01-27,93.48704303120796,95.07573020779087,93.11287132337475,93.60358428955078,4503900
2017-01-30,93.43489403889369,94.0789525196524,92.71721984927703,93.49009704589844,3495600
2017-01-31,92.85525492909996,93.50851639545245,92.0639788949913,93.17728424072266,2738100
2017-02-01,92.68348609899786,94.02682015014219,92.52707289431365,93.90413665771484,2311500
2017-02-02,94.07591040315032,94.2660603852235,93.10368719113197,93.192626953125,2213700
2017-02-03,94.0759244361203,94.0759244361203,92.92888212382462,93.23558044433594,1762800
2017-02-06,93.07914052765739,93.43797418770745,92.54549496893704,92.61296844482422,1756800
2017-02-07,92.87366174894677,93.22942780325882,92.47188849825028,92.63750457763672,1430700
2017-02-08,92.68965196688391,93.68334857167666,92.62524609544626,93.65267944335938,1294800
2017-02-09,93.77535033134683,94.1464544834096,93.57292988476713,93.99923706054688,1574700
2017-02-10,94.04525370046413,94.37341830051453,93.62201409681828,93.99311828613281,1219500
2017-02-13,94.15567358075846,94.97761894772758,93.84897524332648,94.95921325683594,2231700
2017-02-14,94.59424156402224,95.0757588525738,94.10046083494149,95.04508972167969,2446800
2017-02-15,94.83653281037854,95.10642677458746,94.25381231108312,95.04814910888672,1710900
2017-02-16,95.05119573627586,95.82407309770066,94.56355035118891,95.4345703125,1766400
2017-02-17,95.45911511348636,95.74127248800298,95.25055943250891,95.48978424072266,1423200
2017-02-21,95.48670863743477,96.22278166895128,95.23522041119443,95.8486099243164,1749600
2017-02-22,95.64312606373456,96.09704176421863,95.34869824217658,95.83021545410156,1226100
2017-02-23,95.84866969542351,96.0547182879617,95.30126447583197,95.39659881591797,1093200
2017-02-24,94.9568120330225,96.15003967285156,94.9568120330225,96.15003967285156,1464300
2017-02-27,96.25461491555343,96.36839811161738,95.22130300925069,95.39659881591797,1048200
2017-02-28,95.11059059249754,95.42120147853646,94.56626134487333,94.88609313964844,1836600
2017-03-01,95.94402588229559,97.38327629758903,95.62111803769297,96.98348999023438,2513100
2017-03-02,96.73128250717248,96.78049118579263,96.04856224320389,96.24845886230469,1306500
2017-03-03,96.20231079036601,96.44218810272051,95.49498981956646,95.9286117553711,1160400
2017-03-06,95.70104784849495,96.19309941047968,95.4519425659166,95.73794555664062,1224300
2017-03-07,95.49807775024038,95.92862375806443,95.45194505556387,95.5134506225586,1258800
2017-03-08,95.33509603365981,97.02344444007225,95.1598002218634,95.64262390136719,2045100
2017-03-09,95.52884420825882,95.8763528231816,95.29511879690556,95.3996810913086,1645200
2017-03-10,95.79638431325543,96.34994145296493,95.53805107845415,95.91939544677734,1196700
2017-03-13,95.79332490476557,96.08240393410158,95.38737964727534,95.91633605957031,961500
2017-03-14,95.41813930918603,95.72259827423466,94.80000046901773,95.37815856933594,1288200
2017-03-15,95.49194208190394,96.30074957643055,95.21823592709335,96.13468170166016,1745400
2017-03-16,96.18388410829537,96.48219106685708,95.44887913142013,95.74411010742188,1344900
2017-03-17,96.15619677052123,96.53445811761976,95.88864262800719,96.37454223632812,2218200
2017-03-20,96.41146094262386,96.41146094262386,95.51961601807578,95.99014282226562,1149000
2017-03-21,95.83637379309742,96.34688134349484,94.60009621203659,94.70465850830078,2726100
2017-03-22,94.83383135474632,95.94709789620848,94.0127198529271,95.84561157226562,1772700
2017-03-23,95.62417971590271,96.33457686775613,95.09214732826,95.56575012207031,1412400
2017-03-24,95.62726110829047,95.99937057132978,94.82459850734918,95.16596221923828,1028100
2017-03-27,94.37559333289862,95.35662060193636,94.1541648221441,95.17210388183594,1895400
2017-03-28,95.09214365828113,95.94093184403579,95.03679004929855,95.62417602539062,981300
2017-03-29,95.5534544047632,96.00244937546005,94.91378368374957,95.37815856933594,1762800
2017-03-30,95.36277633805682,95.8517520006344,95.1198229786751,95.3996810913086,1152000
2017-03-31,95.31355507922096,95.72872821938246,95.15979116000986,95.39351654052734,840300
2017-04-03,95.30434056416647,95.87942258779448,94.12034070966723,94.90762329101562,1557600
2017-04-04,95.04600106757375,95.3658398743925,94.22488977175661,94.83688354492188,1551600
2017-04-05,94.8368952599585,96.02089518297547,94.49553157390987,95.1136703491211,1555500
2017-04-06,95.14439500678603,95.85172299213286,94.95372637174066,95.47960662841797,1214700
2017-04-07,95.59956866082352,96.37454728898867,95.48577842918938,96.27921295166016,1367400
2017-04-10,96.23922625790995,96.4883315435758,95.69489707025495,95.90401458740234,759000
2017-04-11,95.51344916640802,96.1223669403223,95.1813134786113,96.07315826416016,1033800
2017-04-12,96.05779152397345,96.47295764079126,95.80561024040844,96.2453842163086,1494600
2017-04-13,95.9409413540861,96.2423243284934,94.81230199008668,94.82767486572266,1307100
2017-04-17,95.22130414330384,95.75641247823687,95.0367874258808,95.59649658203125,1026900
2017-04-18,95.27357354409942,95.81175073646371,95.22744085270341,95.66413879394531,1295100
2017-04-19,95.96553224743296,96.08239142150673,95.38736722519192,95.80868530273438,1936500
2017-04-20,98.75485313528297,100.1049208398191,97.54625246824264,99.64669799804688,4863000
2017-04-21,99.46835187160946,100.00038435184294,99.05318563824133,99.82508850097656,2306700
2017-04-24,101.15666859354695,101.37501404777416,100.06492724468984,100.78762817382812,2008200
2017-04-25,101.4857595040594,101.92553356871608,100.87684156838094,101.84864807128906,1603500
2017-04-26,101.74102016033336,102.09161187016198,100.87070693012836,101.77484893798828,1839000
2017-04-27,101.86705847850529,103.44777528155288,101.48572119604589,103.19867706298828,1769700
2017-04-28,103.78300385744025,103.94599572753468,102.42063930981074,102.92498779296875,2145900
2017-05-01,102.49444832036329,103.34938845713003,102.26995086669922,102.26995086669922,1334400
2017-05-02,102.43909309803001,103.13411732587625,102.26072130761011,102.93114471435547,1320900
2017-05-03,103.34323803767471,103.73995529839439,102.15308625551566,102.77122497558594,1116300
2017-05-04,102.98955709306962,104.21968944774197,102.68202928354681,104.13358306884766,2321700
2017-05-05,104.40111966482264,104.42572047768273,103.39548489157305,104.019775390625,1387200
2017-05-08,104.0997442028201,104.3642223166578,103.66919827241317,103.86909484863281,1068000
2017-05-09,103.6507842242004,104.44421888600822,103.52162109682355,104.06288146972656,1083000
2017-05-10,104.07208999645411,104.24738580797737,103.52468476169861,103.85374450683594,940500
2017-05-11,103.41706068419585,103.57390766075955,102.16232710486217,102.91271209716797,1186500
2017-05-12,102.89731480684274,103.26327929225621,102.58363498440917,102.73124694824219,771000
2017-05-15,102.64206594207901,103.17717427568944,102.5313516885819,102.69434356689453,1220400
2017-05-16,102.7250602873946,103.61690485067442,102.59589722309316,103.60153198242188,1746900
2017-05-17,103.60156776680087,103.60156776680087,101.2522411713269,101.27073669433594,2122500
2017-05-18,101.12582371507425,102.57488179981172,100.78668035921397,102.11858367919922,2106300
2017-05-19,102.30047384763992,102.88934549295355,101.82875695619389,102.47312927246094,1551900
2017-05-22,102.95103380186752,102.95103380186752,101.62838154450833,102.18950653076172,1419000
2017-05-23,102.2912398518068,102.84312055199912,102.05692324779582,102.3313217163086,1362900
2017-05-24,102.33130979950633,103.12675124391203,101.93667284011114,102.59954071044922,1086300
2017-05-25,102.92018574161268,103.145258095908,102.26965289554207,103.00343322753906,1581900
2017-05-26,102.82769882138834,103.41348678647776,102.6827972399887,103.26858520507812,1214400
2017-05-30,103.26857533676713,103.57996481136566,103.01575618508127,103.39498138427734,1363500
2017-05-31,103.48130145348765,103.59229573932208,102.03224349564177,102.28813934326172,3105600
2017-06-01,102.51627503519315,104.59428608582542,102.27579099208424,104.49871063232422,2511300
2017-06-02,104.7731360367737,106.94056277873375,104.40932962001506,106.49042510986328,2207100
2017-06-05,106.45345378784202,106.47812389846023,105.11230584635707,105.5223617553711,1261500
2017-06-06,105.46993868520751,105.82757764499947,104.82557321618592,104.92423248291016,1837800
2017-06-07,105.18627429385359,105.33734339816618,104.24592416150196,104.90570831298828,942300
2017-06-08,104.90571344950334,107.27970300588687,104.90571344950334,106.66616821289062,2656800
2017-06-09,106.76790963088625,109.33613388820956,106.76790963088625,108.80583953857422,3853800
2017-06-12,108.68252066418384,109.1511538795544,106.75557794137715,107.27354431152344,3493200
2017-06-13,107.65276774912361,109.19123400506938,107.48011228400075,108.91067504882812,1824300
2017-06-14,109.32071016460206,109.33920568461957,107.20878428655595,108.73799896240234,2029200
2017-06-15,107.66201397359288,108.42970871209553,107.44619288817726,108.37112426757812,1342200
2017-06-16,108.43894683523747,108.49136375036112,107.46160564949304,108.0782241821289,2610300
2017-06-19,108.71335830934984,110.06684112548828,108.62703410371162,110.06684112548828,2385000
2017-06-20,110.06684569613462,111.17060017477318,110.06684569613462,110.36282348632812,2122200
2017-06-21,110.16551827400036,110.89004754766478,109.4132421817561,109.57356262207031,1590900
2017-06-22,109.41321266177121,109.66294101828042,108.85825526989932,109.37313079833984,1056300
2017-06-23,109.37311961649377,110.13773047993902,109.16654985095306,110.09764862060547,1793100
2017-06-26,110.37512375986252,110.86841992140765,110.1253883881855,110.6772689819336,1820700
2017-06-27,110.78828307193244,111.46965363226406,110.12233132819956,110.42447662353516,1411500
2017-06-28,111.01953114886446,111.784142253684,110.98561680436303,111.30934143066406,1529700
2017-06-29,111.26001222923168,111.64231424267327,108.6517056522544,108.72261810302734,2106900
2017-06-30,109.05250177257096,109.36697507445703,108.08440470290826,108.20464324951172,2954700
2017-07-03,109.07715832639771,109.71844700230913,108.34337792347975,108.90450286865234,920400
2017-07-05,108.98775366203311,109.1449903083709,107.86550373771384,108.24163818359375,2367300
2017-07-06,107.72365049856248,108.17686479499552,106.94670464801248,107.8562240600586,2074200
2017-07-07,107.81000151484437,108.94150271298516,107.29512595327435,108.53453063964844,1700100
2017-07-10,108.45129039377926,108.95692172306605,108.14606133823419,108.50370025634766,1211700
2017-07-11,108.5252787409491,109.10181541412011,107.97031429590119,108.91683197021484,1650000
2017-07-12,109.45021517408854,110.0976643145936,108.7596004053277,109.7461929321289,1802400
2017-07-13,109.97432915027828,110.31347249690812,109.42861603282246,109.49644470214844,1138500
2017-07-14,109.56118477086777,110.14081219739268,109.43169496362965,109.90341186523438,1357500
2017-07-17,110.26723231729406,111.383314634843,110.0668300554322,110.80677795410156,1483200
2017-07-18,110.60945800704428,110.85610259892712,109.94967384442522,110.42755126953125,1838400
2017-07-19,110.83452884347587,111.25382890459446,110.34739304820602,110.90544128417969,1861800
2017-07-20,108.55302003590518,110.25180645177869,104.14109385062288,108.14913177490234,9246300
2017-07-21,107.9117384264349,108.96615959616783,107.07313833428834,108.57769012451172,2723400
2017-07-24,108.44509757550018,108.92914244887913,107.9209708453875,108.41735076904297,1761900
2017-07-25,108.86136301314507,109.12034271595601,107.88709830717264,108.59313201904297,1503600
2017-07-26,108.7688467839075,109.15115580600106,107.91791159483886,108.0936508178711,1252800
2017-07-27,108.10289062242919,108.29096489083493,105.88614477575196,106.54592895507812,2633700
2017-07-28,106.5459257042854,106.59216803669047,105.13077484470271,105.559326171875,2364300
2017-07-31,105.58090665199904,105.69806141469859,103.94685810330212,103.98385620117188,2665500
2017-08-01,103.94686313624369,104.86562693171983,103.07434872951046,103.9283676147461,3249900
2017-08-02,104.02397662423515,104.6590979358889,103.39502284062362,103.92223358154297,2301900
2017-08-03,104.31991904703062,104.31991904703062,102.26040289349336,102.98493194580078,2553600
2017-08-04,103.40426229472006,103.90680286593842,102.89246337583003,103.30560302734375,1574700
2017-08-07,103.54300125140048,104.20586223605504,102.8955449714269,103.095947265625,1357500
2017-08-08,103.0219373904919,103.51214988836799,102.19874903431007,102.51322937011719,1654200
2017-08-09,102.03227415491708,104.15961940432464,101.91203560163194,103.49366760253906,2286600
2017-08-10,103.16993187858077,103.4566583514251,102.05076574317782,102.37140655517578,2422500
2017-08-11,102.19873734435285,103.04042818342319,101.93050643047324,102.32205963134766,1527000
2017-08-14,103.0620175330439,104.15960434183295,102.66429676763998,104.057861328125,1887300
2017-08-15,104.02395306207455,104.02395306207455,102.51323364065438,102.5348129272461,1785600
2017-08-16,102.75116004531736,103.40336684526442,102.38951311513456,103.0633544921875,1671300
2017-08-17,102.83770388467299,103.16844121638032,101.7929406713448,101.86712646484375,1394700
2017-08-18,101.76513836580506,102.2102461202773,101.10057193623578,101.68477630615234,1661400
2017-08-21,101.69404856125676,102.39879958807217,100.97693794960128,101.88569641113281,2089500
2017-08-22,102.36170305120079,104.8777805072406,102.36170305120079,104.79432678222656,2601000
2017-08-23,104.19465878844375,104.52230446952119,103.02316558931065,103.7866439819336,1548000
2017-08-24,104.11120557097206,104.12048056490742,103.34155086827582,103.72174072265625,1330800
2017-08-25,104.09577316788304,105.11271170306227,103.44356622988926,104.83451843261719,1588500
2017-08-28,104.42031020132526,105.85144674307436,104.38321729967815,104.76032257080078,1443600
2017-08-29,104.22250353098123,104.3925097441374,102.97373962402344,102.97373962402344,1727700
2017-08-30,102.9706142313852,104.87776070977844,102.80988306652468,104.4759292602539,2228100
2017-08-31,105.06017816176197,105.48982769692181,104.58725238410958,104.8685302734375,2238600
2017-09-01,105.16218719937228,106.83750918194914,104.74798889617534,106.21312713623047,2123100
2017-09-05,106.08636424420123,107.97187645933367,105.87926515682624,106.63346862792969,1884000
2017-09-06,106.68296641005097,107.15897682538571,105.5949335074642,106.00912475585938,1536300
2017-09-07,105.89473861008605,106.00910192186574,104.37395771699292,104.95507049560547,1576800
2017-09-08,105.07869536996999,106.72310728534664,103.94120327940628,106.50055694580078,2180700
2017-09-11,107.13111796273473,107.42167076620288,106.2378178998477,107.4185791015625,1894200
2017-09-12,107.72151245820464,108.92391546749575,107.62878373127502,108.29335021972656,1691700
2017-09-13,108.26553587799722,108.76627950962181,106.97967909450688,107.23313903808594,1109100
2017-09-14,107.2269485185065,107.58550382859596,106.56856538257321,107.11567687988281,1436400
2017-09-15,107.03222423436623,107.03222423436623,105.30125962641279,105.39708709716797,2881500
2017-09-18,105.57016511898546,105.57016511898546,104.61504586495748,105.00141906738281,1946700
2017-09-19,105.46506848908626,106.38001023941864,105.02305947508653,105.94108581542969,2140500
2017-09-20,106.2440423023202,107.52062437716181,105.89476188515052,107.27025604248047,2290200
2017-09-21,107.34750271881862,108.7013619013493,107.22694901009275,108.06461334228516,2082300
2017-09-22,108.21300379782943,108.28409087976235,106.35530902662838,108.11100006103516,1710600
2017-09-25,107.38149839710178,109.09082113789025,107.32585550566851,108.80335998535156,1562100
2017-09-26,109.73067382709738,111.27617388390203,108.48808620652453,108.84664154052734,2572500
2017-09-27,108.83118006194294,109.23918785034483,106.90857486097636,108.13570404052734,1722600
2017-09-28,107.64422822259688,110.54049541421813,107.56695075604597,110.36122131347656,3196200
2017-09-29,110.351955495802,112.50638607172525,110.20358387964609,110.67032623291016,2349900
2017-10-02,110.60850698865569,111.18961971843243,109.88521304739204,111.0999755859375,2297100
2017-10-03,115.83541152728085,116.60507348025725,113.58206856990658,115.71795654296875,6070500
2017-10-04,115.91267188846994,116.42886672971741,114.74736183979823,115.65612030029297,2115000
2017-10-05,117.47672091571006,117.76727374075224,116.33922878500486,117.42726135253906,2491500
2017-10-06,117.1645433431566,118.58331350901949,116.83998923246068,118.53076934814453,2153400
2017-10-09,118.38546596223848,118.53692923377187,117.30361678231091,118.07637023925781,1712100
2017-10-10,118.11346764485535,118.4874741913983,117.29743792567535,117.91255187988281,1315500
2017-10-11,117.5169089117967,118.61730109615695,117.33453605289124,118.39784240722656,1389300
2017-10-12,118.09492602121328,119.00059286015416,117.8260077605935,118.5616683959961,1328400
2017-10-13,119.14897993401922,119.67444986323427,118.61422793372776,119.26333618164062,2194500
2017-10-16,119.46733660939327,119.51370451354609,118.33294307514275,118.71622467041016,1422300
2017-10-17,118.86768104152333,119.00368601414108,117.89711039111317,118.28657531738281,1557000
2017-10-18,118.63895074467905,119.07786815211375,118.25875375119838,118.72240447998047,1360800
2017-10-19,118.54620268741586,119.84443308353244,118.37929523406285,119.79806518554688,1151700
2017-10-20,120.39153242237603,120.73462938393169,119.73005766751933,120.45643615722656,1587600
2017-10-23,120.57699872973309,120.64809994874841,119.07785959447504,119.49205780029297,2357100
2017-10-24,118.21855857009767,121.81649243041554,118.19074066082685,120.21226501464844,2487300
2017-10-25,120.58626230520206,121.60321486817766,119.19531026893267,121.33428955078125,2174700
2017-10-26,121.66813396798071,123.09000283213187,121.11176157291969,122.558349609375,1793400
2017-10-27,122.57070301101407,123.01890250019173,121.44867614231823,122.80252838134766,1804800
2017-10-30,122.75306303848687,123.03125628366861,121.69285543621729,121.86286163330078,1234800
2017-10-31,121.89069103636936,122.81180917765164,121.85050646331537,122.14105224609375,1335300
2017-11-01,121.36830878756598,122.46253190943719,120.99121051876755,122.33271026611328,1125900
2017-11-02,122.69126570614338,122.69126570614338,120.82429594591746,121.20140838623047,1535700
2017-11-03,121.5383079135686,123.05908171070111,121.16739299699856,122.74688720703125,1021500
2017-11-06,122.08852177852859,122.93853874066943,121.58777103294541,121.76705932617188,1134600
2017-11-07,121.98958973568895,122.41615461646659,121.5846735850533,121.78868103027344,971700
2017-11-08,121.98958496905848,122.52742147185097,121.01591568209788,122.25232696533203,1121700
2017-11-09,122.04214639049921,122.04214639049921,118.97278080486969,119.63115692138672,1343700
2017-11-10,119.47351285328445,120.60482172991962,119.47351285328445,120.38227844238281,750300
2017-11-13,119.7856846977006,120.78098842170733,119.56931063174412,120.45952606201172,909600
2017-11-14,120.31428994133574,120.61411781588387,119.53226130526211,120.28028869628906,814200
2017-11-15,119.47352110561343,119.77334896602984,118.72859248988229,119.30043029785156,1002600
2017-11-16,119.29112381705256,120.45590035152732,119.07427214346436,120.20498657226562,1526100
2017-11-17,119.71550764649014,120.29169885450084,119.45529134734177,119.87969207763672,968100
2017-11-20,119.73721755341502,120.67276272277782,119.65667101828731,120.09966278076172,676800
2017-11-21,120.48377441996136,120.88959844067983,119.9788413042397,120.85552215576172,1046400
2017-11-22,121.05066408183629,121.35115363594124,120.46518450560546,120.98870849609375,977400
2017-11-24,121.43481645844362,122.33628520039854,121.41622552686107,122.06367492675781,444600
2017-11-27,122.05435180747925,122.36414389209283,120.78734670888139,120.88028717041016,1518600
2017-11-28,121.47820188389882,123.18510778417081,121.25206181019453,123.15103149414062,1762200
2017-11-29,123.18198073434016,123.59400172237896,121.6082888697172,122.0419921875,1395300
2017-11-30,122.097758508023,124.62867788516037,121.99862104771705,123.73340606689453,2121300
2017-12-01,123.87901753992858,124.45211751152324,121.20559565283786,122.38587188720703,1964400
2017-12-04,123.06119047583762,127.21537789322377,123.06119047583762,126.05987548828125,2682300
2017-12-05,125.81204743468484,126.73830415614407,124.94776048989938,125.63237762451172,1683600
2017-12-06,124.81767823468962,125.42485454561066,123.71484287255942,124.28174591064453,1116900
2017-12-07,124.23212777798908,125.96071542127534,124.23212777798908,125.91735076904297,1127700
2017-12-08,125.91735599486428,128.24381721500714,125.77485389925654,126.6546401977539,1727400
2017-12-11,126.48113233252137,126.97679109709632,125.60445175736179,126.31694793701172,938700
2017-12-12,126.62371725632424,126.96448022105035,125.87094733457975,126.08779907226562,1066800
2017-12-13,126.21166876022835,126.56481138684659,125.57350771605398,125.60138702392578,1518600
2017-12-14,126.15901582700438,126.59890200609948,123.29353032334329,123.98434448242188,1335900
2017-12-15,124.6627398808289,125.59208787880159,124.08035168306368,125.09644317626953,2597700
2017-12-18,125.62614858901075,126.61436065424051,125.62305719132941,126.43778228759766,1209300
2017-12-19,127.01091961300396,128.22836343067866,126.73211232954752,127.59020233154297,1263600
2017-12-20,127.92473374633053,128.5535921186799,127.41049816349319,128.35533142089844,1122900
2017-12-21,128.7921803531586,128.7921803531586,127.36408161154075,127.48490142822266,1255500
2017-12-22,127.94022982885434,128.16326424489458,127.29587194288966,127.96810913085938,1208700
2017-12-26,127.55613696981733,128.13543391870647,127.37337573809025,127.4415283203125,548400
2017-12-27,127.82564571991799,127.84732805240218,126.82194800186814,127.0728759765625,1040100
2017-12-28,127.34548002063089,127.99291528761016,126.39134399243234,127.96194458007812,920400
2017-12-29,128.18809865388408,128.77668396864507,126.82195563712882,127.02330780029297,1086600
2018-01-02,127.19366490809611,128.18187714197273,126.93655416990366,128.15708923339844,1099500
2018-01-03,128.43900392866027,128.7983435238586,127.6924170696231,128.6713409423828,1014600
2018-01-04,129.47990538230806,130.61680285957652,127.94028935670666,127.97126007080078,1669500
2018-01-05,128.98421743980117,130.72519943998145,128.63107480228507,130.6229705810547,1619100
2018-01-08,130.6012819307362,131.53062999211238,130.4309005074355,131.3478546142578,1276200
2018-01-09,131.4748736839506,132.3794338520887,131.25493061930175,131.4129180908203,1569600
2018-01-10,130.70352581580295,131.035000324972,129.7401013589715,129.96315002441406,1050600
2018-01-11,130.29148992534843,131.78463513143348,130.25430806569494,131.76914978027344,898200
2018-01-12,132.4568837584669,134.41470311338193,131.4376866392273,134.08633422851562,3062100
2018-01-16,134.53865395399305,134.801975927585,130.86463954675114,131.3076171875,2764500
2018-01-17,132.0944367756419,133.49464161440656,130.88937290088612,132.2586212158203,2194500
2018-01-18,132.2741192186605,134.2815145551247,131.97362961595576,133.44200134277344,1922100
2018-01-19,133.65889504037628,134.259860254001,132.89991393738603,133.45443725585938,1959600
2018-01-22,133.20652076862712,133.44816028588627,131.07212345050814,132.3329315185547,1710900
2018-01-23,132.2772064766772,132.9618377685547,131.3014023287729,132.9618377685547,2137800
2018-01-24,133.31186347001082,134.43327510225498,132.2307250931482,133.01446533203125,2255100
2018-01-25,129.81443086057158,133.48845830082354,128.87268888181882,131.55230712890625,4416900
2018-01-26,131.5646931677288,131.89616760574987,129.58828303509526,131.24871826171875,2871900
2018-01-29,131.28592474980002,132.37326049300393,129.93837263287529,130.35348510742188,2216400
2018-01-30,129.9972787147542,130.78101948726768,128.7457580901943,130.5301055908203,1974900
2018-01-31,130.71281296161297,130.833632760181,129.02760366322957,129.21347045898438,2184600
2018-02-01,128.4916527885328,129.10502588820208,126.51215113883711,127.67073059082031,2628900
2018-02-02,127.59949062409838,128.18187885685404,124.6751413251412,124.8826904296875,1980600
2018-02-05,123.91307181887655,125.99481660990719,121.81275027648694,121.81584167480469,3576900
2018-02-06,120.19567255234018,125.7841546275472,118.9224703024978,125.46198272705078,3170400
2018-02-07,125.6819641514116,127.32071764111251,124.72784211261386,124.99114990234375,2379000
2018-02-08,125.07477665298974,125.42173653637919,120.00054330874195,120.08727264404297,2378400
2018-02-09,121.23964262662737,124.68752999977893,118.178988319741,123.55992126464844,3061800
2018-02-12,124.47375004710094,125.95142393358066,122.55000733560557,125.05615234375,1611900
2018-02-13,124.56674069123557,126.16831220044955,124.0555963221049,125.69744110107422,1312200
2018-02-14,124.8423999237163,126.43778809210583,124.3498466576916,125.66642761230469,2192400
2018-02-15,126.54622309889461,126.70730195405521,123.94404588251783,124.250732421875,2195700
2018-02-16,124.00289656688929,125.38453879091122,123.11073043001176,124.62557220458984,2297400
2018-02-20,124.32818191631819,124.62558010127152,122.31149833455349,122.8814926147461,1653900
2018-02-21,123.32142322141847,125.60452066297721,122.88152281312907,123.0240249633789,1595100
2018-02-22,123.73339216627802,124.44279712009082,122.677027411463,123.56611633300781,1615200
2018-02-23,123.9976583396787,124.36088666730777,122.5447308177955,123.62200927734375,1811700
2018-02-26,124.3608456488157,125.73303794251431,123.94483644158424,125.48468017578125,1518300
2018-02-27,125.53129936740007,125.88520505848237,123.94488438544933,123.99766540527344,1485300
2018-02-28,124.54713152393997,127.15493107619176,124.2211512506469,124.67131042480469,2775000
2018-03-01,124.6712990132633,124.85756734751067,122.14110795280693,123.09730529785156,2257800
2018-03-02,122.67202339868516,122.90176435920378,120.99557947887942,121.15081024169922,2024700
2018-03-05,120.41814667683458,122.62545627814612,120.26912627714779,122.03871154785156,2588100
2018-03-06,122.03249182805148,125.91934317766089,121.37433502646937,124.50057983398438,1613400
2018-03-07,123.09111678879897,127.07110917050946,122.77136106554089,126.60233306884766,1932600
2018-03-08,126.74515971802278,126.9779987605807,124.66823943758894,125.53129577636719,1563900
2018-03-09,126.54336401938137,130.84002901618965,125.612007807068,130.75,2475000
2018-03-12,130.70028109186444,130.77169319634186,128.55817376209586,128.91519165039062,1304700
2018-03-13,129.59821669076544,130.01422608324836,127.3660654504243,128.4557647705078,1264500
2018-03-14,128.9959406384402,128.9959406384402,126.53716067001031,126.98110961914062,1375200
2018-03-15,127.3970954296257,127.71686537920341,126.26083986104929,127.36915588378906,1085700
2018-03-16,127.22325655968983,127.63304133067047,126.46264997992031,126.98420715332031,2133000
2018-03-19,126.84451297383748,127.09598315030271,124.984912691215,125.8355484008789,1116900
2018-03-20,126.21117789572487,127.11148220044996,125.58096061900724,126.01558685302734,1030800
2018-03-21,125.83242000386977,127.25428135246631,125.63371668879968,125.8044662475586,1165500
2018-03-22,124.92901947158799,125.09665676271,121.95178061280636,122.03871154785156,1689600
2018-03-23,122.47023293251048,122.94521944239057,120.34672788311896,120.58577728271484,1775400
2018-03-26,121.8586257415626,123.05076038358128,120.73479092418145,122.6068115234375,1351500
2018-03-27,122.95144545066759,123.72757092007616,120.67893393212468,121.29984283447266,1401300
2018-03-28,121.68166455273627,121.985915682682,119.4277845744092,119.60164642333984,1791900
2018-03-29,120.44608478324349,122.76826484031692,120.1884042706773,121.73445892333984,1682700
2018-04-02,121.44880994127254,122.30566991947951,117.39431491104632,118.55540466308594,1836600
2018-04-03,119.13598339066584,122.67203476270024,118.69825192642296,122.01387786865234,2206200
2018-04-04,120.3249823470144,123.28670182567892,119.81894406963963,123.08180236816406,1799400
2018-04-05,123.656145310633,124.8451676149554,122.35223832886138,123.19356536865234,1773900
2018-04-06,122.14733173583718,123.15319790489909,119.46192387420768,119.74444580078125,2106300
2018-04-09,120.71614678177984,122.78687047569251,120.0145317218421,120.8030776977539,1454700
2018-04-10,121.89897177989766,122.36464976413839,120.24427158168392,120.50814819335938,2121900
2018-04-11,119.66064571706238,121.1880693819657,119.56751861989818,120.65099334716797,1772100
2018-04-12,121.1632249141745,121.83069015930573,119.80343874409998,120.0362777709961,1501500
2018-04-13,120.48334118797493,121.33399106208829,119.32535626236259,119.65754699707031,1736700
2018-04-16,120.37157299177001,120.92106971397757,119.87795536519478,120.42745208740234,2132700
2018-04-17,121.18494987184717,124.10319701243782,120.83724038255187,123.69029998779297,2817900
2018-04-18,123.55991609698413,125.4878158667337,123.31465633370755,124.45401000976562,1866300
2018-04-19,124.40125338366522,125.5468175206125,122.67823874396291,122.99800872802734,1991400
2018-04-20,123.42950090845132,123.42950090845132,121.14147138002909,121.81824493408203,1930500
2018-04-23,121.6816623357767,121.69719535828929,120.16665971459277,120.36534881591797,2231100
2018-04-24,118.47158233857795,120.38397011235512,113.7371942036724,114.58161926269531,7386300
2018-04-25,114.2308549197493,117.00318761054588,113.42678272584313,115.71170806884766,3668400
2018-04-26,115.91039227789821,116.20842600555935,113.59131711248239,115.26155090332031,3774000
2018-04-27,115.2615168112032,116.98141882842876,114.64681843277037,116.46296691894531,2651700
2018-04-30,116.42261959250453,117.88174322567194,114.10974811654953,114.14079284667969,2572500
2018-05-01,113.03247997728145,116.13389743882885,112.49539692728705,116.05317687988281,3220200
2018-05-02,116.18667456022132,116.20840373945411,115.09698961840725,115.21806335449219,2925000
2018-05-03,115.13422010576859,115.71165622209921,113.52607643851478,114.94483947753906,2064900
2018-05-04,114.61889981953853,118.3350089951165,114.2401526637809,117.20496368408203,1836900
2018-05-07,117.27325603148486,117.9872990412364,116.55611494381183,117.55266571044922,1585800
2018-05-08,117.02487282575096,118.86895356906132,116.89758874827423,117.33222198486328,1476600
2018-05-09,117.92521003731463,118.71065095596892,116.5250706648309,118.2232437133789,1536900
2018-05-10,118.39712370924751,118.90315505573872,117.4564518319387,118.11150360107422,1753800
2018-05-11,117.79793900138831,119.59234451841276,117.79793900138831,118.3101806640625,1656300
2018-05-14,118.63301691628885,119.51780225445708,118.4467485626794,119.39362335205078,1833600
2018-05-15,119.07078226161588,119.40918334791408,117.58061377906448,117.86312866210938,2072700
2018-05-16,117.86311839234729,118.82551923091013,117.06525675401008,118.3194808959961,2276700
2018-05-17,117.87764603491853,119.03513756708857,117.68784417295011,118.31015014648438,1168500
2018-05-18,118.27904196909337,120.97363603324663,117.97410981687669,120.59403228759766,2303100
2018-05-21,121.03898336054245,122.69120183640791,120.70604135401341,121.595947265625,1965900
2018-05-22,121.68616619113706,122.13422418130952,116.68903127553344,116.98462677001953,3249000
2018-05-23,116.9939808869248,119.6387939453125,116.93485608178187,119.6387939453125,3694800
2018-05-24,119.20004939025199,120.59401868160744,117.7127281545686,120.25485229492188,3125700
2018-05-25,120.12106187323404,122.31470435217244,120.02148551734639,122.05021667480469,2874000
2018-05-29,121.0731956289162,121.78262195964827,120.04327615730426,120.71847534179688,3083700
2018-05-30,120.86471965505818,121.35012413979942,118.62752757468333,119.87214660644531,2177700
2018-05-31,119.97171279708641,120.41044132335803,117.91809809059606,118.00521850585938,4695900
2018-06-01,118.76130359920649,120.9393776291758,118.60260959000605,120.1054916381836,2011800
2018-06-04,120.43221737205621,120.77448885725788,119.17204441134092,120.36998748779297,1275000
2018-06-05,120.39797708432175,121.86040057017301,119.94369470572427,121.48390197753906,1653000
2018-06-06,121.50881077791222,123.12992131227665,119.88147583087873,123.08325958251953,1890300
2018-06-07,123.0209882136936,123.91711827400333,122.44224615519396,122.93075561523438,1420800
2018-06-08,123.22947848287434,123.90157251140643,122.48581084154665,123.85489654541016,1461000
2018-06-11,123.70867586510278,124.39320456973238,123.01480341985773,124.00115203857422,1243800
2018-06-12,124.46164937404723,125.43556333685827,123.96381035409621,125.22087097167969,2345100
2018-06-13,125.08396655476888,125.32355657631996,122.91211669530105,123.26371765136719,2662800
2018-06-14,123.71799788903871,125.15864307763742,122.99612275256624,124.83504486083984,1346100
2018-06-15,123.9731297279876,125.56001283977012,123.79576960638455,125.11817932128906,2874300
2018-06-18,124.4616722633503,124.4616722633503,123.63089113904097,123.94515991210938,1652700
2018-06-19,123.15170992597466,124.06339417082958,122.6600952320948,123.718017578125,1642800
2018-06-20,123.7273320503309,124.45855095442269,122.74098345400755,123.80823516845703,1168500
2018-06-21,123.11749238118965,124.14430698489745,122.83434565477674,123.02415466308594,1761900
2018-06-22,123.5313398156825,124.11941160539533,122.83434790641789,123.25752258300781,1559400
2018-06-25,123.1330291651717,123.58419221532928,121.49635062990872,122.89031982421875,2217900
2018-06-26,123.45041303695061,125.26133252794716,123.17037144412001,124.70747375488281,1832100
2018-06-27,124.77282251924835,126.54639552832198,123.68377821480433,124.00115203857422,1968900
2018-06-28,124.09139145092826,126.69886496570112,123.84559123655276,125.97698974609375,2249700
2018-06-29,126.20410180538862,128.48485721090952,126.20410180538862,126.81708526611328,2359500
2018-07-02,126.25076430865938,126.90418500906091,125.54444323809348,126.56503295898438,1366800
2018-07-03,126.64290913603091,128.4631589308621,124.51771996283951,126.61801147460938,1140300
2018-07-05,126.70197090367455,127.6167600964601,125.71250300730355,127.52963256835938,1324200
2018-07-06,127.42074448174877,128.9360685988319,126.85133175060086,128.68714904785156,1236900
2018-07-09,129.1289538700363,130.21177361616472,128.8302533241935,129.18185424804688,1350300
2018-07-10,129.07913670686025,130.43887829908684,128.41326727236137,130.33619689941406,1502400
2018-07-11,129.5086006723817,130.0593401642135,128.89251196448092,129.2161102294922,1579200
2018-07-12,129.83525462636197,129.8943794068109,127.99322786009321,128.84268188476562,1948500
2018-07-13,128.9889461302912,131.55284838675337,128.85203755281216,130.18377685546875,1618800
2018-07-16,130.18376983910082,130.60694437277516,129.28763972176247,129.70458984375,1567800
2018-07-17,129.64548081584877,132.24050502294344,129.31565821011034,132.04136657714844,1525200
2018-07-18,132.04139922467417,134.36883127558494,132.04139922467417,132.7165985107422,1725300
2018-07-19,132.24051555096378,133.55047658232002,131.7302134505778,133.51002502441406,1721400
2018-07-20,132.44278167123252,133.03709207310226,131.40663762847603,132.58901977539062,1792800
2018-07-23,132.52678136714022,132.85972336236492,129.85397288175366,131.1732635498047,2668800
2018-07-24,131.9293432713998,135.35204336879053,130.06241853527854,133.72781372070312,4554000
2018-07-25,134.11986767040563,136.41308630384367,132.86592641778387,136.06459045410156,2673600
2018-07-26,136.90166316270376,139.9229685545461,134.7920280341595,139.7176055908203,3939300
2018-07-27,139.7081908813277,140.2776034346409,137.77591714937014,138.0808563232422,2482800
2018-07-30,137.97823786467112,138.3858444002706,136.49091627072917,136.99497985839844,1597200
2018-07-31,136.90783803584944,138.29558295993533,136.4971122570242,137.13497924804688,2122500
2018-08-01,136.53750572757792,137.2469317978524,135.18086920079736,136.36325073242188,1675500
2018-08-02,136.2481875272258,137.2096527257686,135.51386353222014,136.40065002441406,1701300
2018-08-03,137.2843528827862,138.5818653408816,136.80827783586398,137.80397033691406,1577100
2018-08-06,137.57367780489182,138.70627853463955,137.3434173147186,138.2862091064453,1311000
2018-08-07,138.15240193730858,138.75292224325955,137.05092340739228,138.18040466308594,1051500
2018-08-08,138.28002699841377,139.29127327690748,137.85995748497888,138.04666137695312,984900
2018-08-09,138.3267014543392,138.57874033688697,137.48969592203983,138.1680145263672,1293600
2018-08-10,137.97507386032802,138.43558064424664,136.811365198272,137.83816528320312,1521900
2018-08-13,138.27692964208092,139.04860025260407,134.79199867625636,135.3987579345703,2430000
2018-08-14,135.3520166244352,137.03847581426365,135.0035208473577,135.7689666748047,1872000
2018-08-15,135.55117093172694,136.8237853040012,134.81684707124364,136.47840881347656,1744500
2018-08-16,137.5945529489407,138.15262526308638,136.41297354261235,137.90943908691406,1742700
2018-08-17,138.11210952443497,138.7231719456769,137.52286821261401,138.2336883544922,1217700
2018-08-20,138.40513081829823,138.69507036343458,137.37007689771553,138.4425506591797,1272300
2018-08-21,138.73564621751163,139.9827177630729,138.458179863013,138.6732940673828,1893600
2018-08-22,138.73563039861645,139.01311099296862,136.8307431728202,136.88998413085938,1323300
2018-08-23,136.96790547141458,137.4760846568349,135.70213855630288,137.1206817626953,1540500
2018-08-24,137.17053036649037,139.95459758312592,137.0427006664232,139.480712890625,1879500
2018-08-27,139.84233814554756,142.6076951632354,139.43704225589954,141.86569213867188,2661000
2018-08-28,141.9717532849736,143.06915949547775,140.82134276123958,141.1112823486328,2238600
2018-08-29,140.80573321468594,142.61709910789318,140.48773590269556,142.29908752441406,1209900
2018-08-30,142.14320218713138,142.99119970385988,141.60383985942948,142.23361206054688,1422000
2018-08-31,141.77845819987843,143.10034065502668,141.22040014102043,142.0341033935547,1313100
2018-09-04,141.60699830713872,143.39652908670644,141.37317420119544,143.20947265625,1287900
2018-09-05,142.7854687306394,144.03254016138612,142.7854687306394,143.92965698242188,1689000
2018-09-06,144.03561822794114,144.9553299855596,143.3372572455797,144.15721130371094,1284600
2018-09-07,143.43392954817847,145.20475016389705,143.262457608898,144.19775390625,1641900
2018-09-10,144.9709179259064,145.9716917580318,144.54691201420079,145.59756469726562,995400
2018-09-11,145.59752870106496,146.80406855044583,144.46270306169967,146.3520050048828,1944900
2018-09-12,146.50788960308287,146.76354899782228,144.9708934081935,145.9529571533203,1412400
2018-09-13,146.23050235291387,147.03798344963067,145.7784385278944,146.48927307128906,1080000
2018-09-14,146.48609438727493,146.501693123896,145.50091928417453,145.8999786376953,1174800
2018-09-17,144.64046513769117,146.5172944982066,144.4752298280466,146.36453247070312,1796400
2018-09-18,146.50171429155193,147.97324765421394,146.14629709764512,147.45883178710938,994500
2018-09-19,147.3092071555062,149.09250154067058,147.04108861992069,148.10108947753906,1989300
2018-09-20,148.45329887097776,149.47901903346573,147.94511983677984,149.01759338378906,1494900
2018-09-21,149.53518013954138,149.53518013954138,145.77839612351445,146.5172882080078,5647500
2018-09-24,145.66614603060975,146.44555477088224,144.2632017352268,145.46974182128906,2667600
2018-09-25,146.01221030995836,146.01221030995836,143.20944699730663,143.91091918945312,2160000
2018-09-26,143.77371071705412,144.21330100462518,142.50170751138822,142.8228302001953,1619700
2018-09-27,143.29050980127317,143.42768734737967,141.51967498271418,142.015380859375,1935300
2018-09-28,141.98111435191495,142.78859532182105,141.41994504796165,141.91876220703125,2406900
2018-10-01,143.05357462901745,144.1821640416486,142.4487488916969,142.476806640625,1976100
2018-10-02,142.83842322827232,143.40582897145083,141.41989459883993,141.54147338867188,1820100
2018-10-03,141.89382837366193,142.06841152314536,137.33892503251266,137.86581420898438,4476600
2018-10-04,137.45730873582497,138.0184919624776,136.2133777963637,136.95225524902344,2236800
2018-10-05,137.1767769406262,138.1027110191129,136.45659489064664,137.7847137451172,1848900
2018-10-08,137.86263879710916,138.46746436680564,136.8306961993363,137.97488403320312,1512300
2018-10-09,133.25786693257436,135.64911136967655,131.5338001587335,132.4160919189453,3801000
2018-10-10,131.6086730172169,132.325729779964,129.1394911087961,129.31719970703125,3026400
2018-10-11,128.71551652344525,130.5861097670192,126.07486201402685,126.95716857910156,2781600
2018-10-12,129.09894638592166,129.62271002739456,125.68823180422358,126.8791732788086,2586300
2018-10-15,126.79193701181312,126.92598915767121,125.1333324885154,125.42328643798828,1985100
2018-10-16,126.0218540581813,129.46373828718268,125.33596616055716,129.36085510253906,2589900
2018-10-17,128.87757057465703,128.99292699678682,126.99450506997599,128.03268432617188,2503500
2018-10-18,127.98908283816314,128.80589733334241,125.75372498803166,126.83243560791016,2580600
2018-10-19,127.05067106298998,127.49649819444502,125.07095826740813,125.75997161865234,2690100
2018-10-22,126.57051277389347,126.78564117837463,125.18004173444803,125.87840270996094,1754400
2018-10-23,123.94543721046769,126.2462575138446,120.9680771504781,125.3140869140625,2438700
2018-10-24,125.22681371386852,125.86593376626378,120.43810150475093,120.93380737304688,2993100
2018-10-25,114.72968292236328,117.46075368041055,110.76402840670875,114.72968292236328,7341300
2018-10-26,114.0593701359042,117.81926490207744,111.66501411794889,115.4903793334961,6425100
2018-10-29,117.15833700625471,117.99075015767032,112.98690915225193,114.33061981201172,3220800
2018-10-30,114.67355046934472,120.12944740199737,114.19654740460908,119.96732330322266,3907800
2018-10-31,121.5137095052782,124.8215413766543,120.81536264485493,122.67035675048828,4759200
2018-11-01,122.4240764969938,124.98055754885004,122.0655480543664,124.03902435302734,3300000
2018-11-02,124.8713827776813,127.62428117408557,123.84256558439797,125.44815063476562,3701400
2018-11-05,124.72799735758282,126.73264194729217,124.53157886551598,125.99063873291016,2103300
2018-11-06,125.55103768768372,126.67651569433052,125.55103768768372,126.28680419921875,1752300
2018-11-07,127.60872927536859,129.70379854008402,126.59238498829488,129.3140869140625,2089200
2018-11-08,128.65001291685434,130.04672076958212,127.65236445062024,129.48866271972656,2431200
2018-11-09,127.58998584698926,130.14021484413195,127.04751237608151,129.33274841308594,2014500
2018-11-12,127.93294491738575,129.47617801559912,127.32499379423493,127.52764892578125,1938600
2018-11-13,127.74587213681774,130.46135095418302,127.55570456053843,129.9313507080078,2666400
2018-11-14,130.67024205146163,132.9367683907999,128.927465043908,129.35147094726562,3978900
2018-11-15,128.27056013672248,132.5693670738654,126.85533406386384,131.5227813720703,2204400
2018-11-16,130.3980668570955,133.44096166406078,129.87008335647113,132.45062255859375,2403000
2018-11-19,132.4381850295484,132.73809421307593,128.3736869497242,129.73268127441406,2545800
2018-11-20,127.42077336975343,128.8234999463727,125.7024923055662,128.10182189941406,4481700
2018-11-21,128.7047693196067,130.935402461687,127.50197273285833,128.2330322265625,2163000
2018-11-23,127.90506199103876,130.8698595738156,127.75198260669997,129.6826934814453,879900
2018-11-26,131.21343974813541,131.22280698828206,127.86437252367669,128.57041931152344,1795800
2018-11-27,127.66446093943915,128.7547793679358,125.51194011117651,126.03990936279297,2560800
2018-11-28,126.30230198588349,130.15748616997573,124.88395882774498,130.11373901367188,2668800
2018-11-29,129.9888063664561,131.94451494061656,129.5295683755423,131.13848876953125,1713000
2018-11-30,131.16347495536152,132.5505846436796,130.73858832601783,132.4849853515625,1809300
2018-12-03,133.57533409498535,135.58727499660276,130.29186496340782,130.69488525390625,2961300
2018-12-04,130.96035185231779,131.90384008965657,126.9364724112808,127.02708435058594,3169800
2018-12-06,124.98396152965184,126.51791548571951,123.10948326700554,125.28700256347656,3864600
2018-12-07,124.85587379630043,127.17085573429569,121.21626352376799,121.68488311767578,2209800
2018-12-10,121.48803790524855,123.52809426869358,120.10091398715541,122.92201232910156,2130300
2018-12-11,124.5746814415782,125.13701622895996,121.21311470159684,122.10662078857422,1608300
2018-12-12,123.33131079142885,124.0186233957335,122.22224338035039,122.3253402709961,1359300
2018-12-13,122.65334885597734,123.44687579885198,119.96347028271015,120.55706024169922,2412900
2018-12-14,120.13217837558044,121.41619131330266,119.85725339212267,120.5914306640625,3093900
2018-12-17,122.55023450382983,123.40312532629548,116.45193212268651,117.60785675048828,3198600
2018-12-18,118.92314705361184,121.3287336686138,118.5763731541557,119.93849182128906,2797500
2018-12-19,121.21624440676737,123.39376349107285,118.03276218872747,118.79192352294922,2316300
2018-12-20,118.0733716770749,120.27899953090788,117.36106803907398,118.5263671875,3437100
2018-12-21,118.45763250233036,121.19125092393762,117.55788395181055,117.63911437988281,3852000
2018-12-24,116.90183624449071,117.57976718863438,114.0932365879137,114.1057357788086,1065600
2018-12-26,114.9148906540728,120.85073372858129,114.13698045764893,120.81636810302734,1957800
2018-12-27,119.35425662052288,122.20658874511719,117.54226032483442,122.20658874511719,1804200
2018-12-28,122.75018226788983,123.88423335034452,121.12876294362611,121.70984649658203,1665300
2018-12-31,122.07225341525972,123.03447642473516,121.52552117008268,122.92201232910156,1544400
2019-01-02,121.6473911980048,123.45625583740022,120.76638413588377,122.53776550292969,1522500
2019-01-03,122.11600280660038,122.11600280660038,117.96715828156395,118.83879089355469,2587200
2019-01-04,121.08815077537207,123.95296770138066,118.29830037971296,121.9878921508789,3172500
2019-01-07,122.12536099767982,125.77435204745207,122.12536099767982,123.70929718017578,2589900
2019-01-08,124.08105549737867,125.58376108128898,122.74704604834031,124.587158203125,1773900
2019-01-09,124.84020682759136,125.84930881392164,123.15942370023451,124.38408660888672,2947800
2019-01-10,123.90616312635036,125.17767718284475,122.35346012171973,124.82465362548828,1305000
2019-01-11,123.57495086870414,124.61528658761746,122.85952252758987,123.69366455078125,1699500
2019-01-14,123.73741039472145,124.98393994019449,122.0378925015222,124.27789306640625,1699200
2019-01-15,118.09213033879601,119.80415486441517,115.90523665270335,119.16683197021484,7717500
2019-01-16,118.89189429778104,121.27872473595131,118.89189429778104,120.88508605957031,3243900
2019-01-17,120.27275662789039,123.81553338136592,119.66043217046271,123.25630187988281,2452200
2019-01-18,124.15293601947575,125.68688996439147,123.66245002317909,124.50597381591797,4287600
2019-01-22,123.3875032292762,124.64653194985314,121.95666071394238,123.08134460449219,2798700
2019-01-23,123.3094096122249,123.97172364390063,121.20062187136341,122.90015411376953,2224200
2019-01-24,122.62834147984945,123.35626907422552,121.35369592858923,121.92229461669922,1858800
2019-01-25,123.41875885946459,124.57469079422992,122.6127327326854,122.7251968383789,2723700
2019-01-28,122.00354377494234,124.02796936035156,121.53179227705884,124.02796936035156,2150400
2019-01-29,123.86862837158921,125.98991532915822,123.48435694605237,125.90243530273438,2018100
2019-01-30,125.43071934316184,127.98937826286549,125.0995622671268,126.59913635253906,3128400
2019-01-31,124.96523381352365,133.61596275108192,124.02799452416939,131.68836975097656,5006700
2019-02-01,132.1507300651014,133.86587955442303,129.47022532294116,130.28250122070312,2394600
2019-02-04,130.9916772061646,131.135389314127,128.99223548915577,130.88858032226562,2223000
2019-02-05,130.87293092147354,131.80392029241563,130.12938648340196,131.78517150878906,1850400
2019-02-06,131.23849335170976,132.09450214891203,131.23849335170976,131.54153442382812,1495800
2019-02-07,130.88854354538032,131.60397193555602,129.75447814113969,130.62298583984375,1401600
2019-02-08,130.5386686458779,131.73833362277477,129.65454390275366,131.52902221679688,1531500
2019-02-11,132.12258622486883,132.44749365536353,131.016636741069,132.3725128173828,1267500
2019-02-12,133.0879433028039,136.8306498571573,132.68493738128984,136.59947204589844,2229000
2019-02-13,136.54322718394238,137.18055717289496,135.25921426510203,135.58412170410156,1233000
2019-02-14,135.18739636619102,136.35269584774832,134.4813349705138,134.8937225341797,1430700
2019-02-15,136.0371039441176,137.31174942930832,135.70594695980188,137.2055206298828,1247400
2019-02-19,135.8996455064882,137.78974021081703,135.2748147830928,136.69630432128906,1780800
2019-02-20,136.75878876558488,138.49267224930782,136.64006077190396,137.23365783691406,1489500
2019-02-21,137.508561072057,137.66790427059382,136.0995850707785,137.36798095703125,1673100
2019-02-22,137.59348759735164,138.36088485224766,136.93260718051513,137.77828979492188,1050900
2019-02-25,138.12912412740363,138.67725079302673,136.72590896654313,137.0892333984375,1614300
2019-02-26,136.4220962850043,137.25838774346482,135.97419207476122,136.03683471679688,1759800
2019-02-27,136.09636184318282,138.42983986273674,135.00635971718108,137.91615295410156,2252400
2019-02-28,137.51837197108418,137.97879326594438,135.0063574326092,135.68603515625,1564500
2019-03-01,136.61000936513773,137.15188464853733,135.87708049638368,136.75721740722656,1162200
2019-03-04,137.1988818990652,138.03831344353904,135.6484584605701,137.11119079589844,1647000
2019-03-05,136.96395998025307,137.2176705713721,134.95624103969263,135.1316375732422,1641900
2019-03-06,134.92176143392064,134.92176143392064,131.63297309949058,132.2593994140625,3070500
2019-03-07,132.18109832189663,132.27819511653513,129.30575998805043,129.68788146972656,2679300
2019-03-08,129.1084327733397,130.78101547306395,128.5289919942498,130.6024932861328,2157900
2019-03-11,131.4293853729397,134.22329859880472,130.70586219896643,134.0541534423828,1677300
2019-03-12,134.41752757676477,134.5459385642636,132.2813829840321,132.3972625732422,1467300
2019-03-13,132.9829513344569,133.79731997000528,132.67912952053265,133.18341064453125,2411100
2019-03-14,133.08629891834016,134.42374562082594,132.77308576208154,134.31411743164062,2280300
2019-03-15,134.26084179915858,135.68285364494386,134.26084179915858,135.0063018798828,2403900
2019-03-18,134.67741556854975,135.2975904012136,134.04158366562032,135.10653686523438,1437600
2019-03-19,135.54194401740315,136.6476030135218,134.3297825052282,134.76829528808594,1205100
2019-03-20,135.13475240296754,135.7862415066972,133.7659915464499,134.45193481445312,1253100
2019-03-21,134.24833382675118,136.3281007130494,134.24833382675118,135.82069396972656,1293000
2019-03-22,134.46133982180345,134.6148135678587,131.6549094957215,131.77706909179688,3214800
2019-03-25,131.78642225473462,132.80437557957518,131.21010728520116,132.3000946044922,1305300
2019-03-26,133.40573204194084,133.57800280332592,131.02214417802577,131.67677307128906,1636800
2019-03-27,131.96498338607302,134.1512384667269,131.3134942835366,133.64695739746094,1866000
2019-03-28,134.3611013284512,135.45735453079283,133.72526930942064,135.0658416748047,951600
2019-03-29,135.0752740406955,135.24440489291442,134.11369718378958,134.90614318847656,2536200
2019-04-01,135.2538081523285,136.39704723817354,134.47701923963234,135.7267608642578,1785900
2019-04-02,136.24985706991868,136.96086340939203,135.05022653873118,136.92953491210938,1263600
2019-04-03,137.5026658032137,138.3170343288727,137.31473791374907,138.02886962890625,1734900
2019-04-04,138.40162497324175,139.95518828455198,137.9725178624013,139.18780517578125,1194600
2019-04-05,138.98423017327949,140.88858667736366,138.98423017327949,140.70692443847656,1268700
2019-04-08,140.478227847634,140.478227847634,139.02802744437113,139.82986450195312,1209000
2019-04-09,139.05313312524794,139.71715374727617,138.26695289664517,138.9873504638672,1164600
2019-04-10,139.03742314098824,139.2253653568071,137.1142701498546,138.97792053222656,1372800
2019-04-11,139.4477586725035,139.56991825506879,138.67410999221505,138.83697509765625,1077900
2019-04-12,139.45089045308748,139.57617572059414,137.0767073916748,138.2951202392578,1827300
2019-04-15,138.6615843420581,139.11575418919676,137.99756382303147,138.99673461914062,1232700
2019-04-16,139.05936890195545,141.1391357563834,138.85890961885372,141.09527587890625,1345800
2019-04-17,140.9480961069057,141.26130931892712,138.42669032068338,138.72738647460938,1665300
2019-04-18,139.4540344427337,142.0913195086241,139.13141555002804,141.70919799804688,2285400
2019-04-22,140.83535953049082,142.66141643871538,140.72573130831174,141.54010009765625,2366700
2019-04-23,140.94805718367564,145.67765423800643,139.28800611141756,144.21804809570312,3760500
2019-04-24,144.03328422933987,144.34335738937276,142.7898085576016,143.42250061035156,1734900
2019-04-25,142.8555823545625,143.23143818222385,141.1829995469022,141.3552703857422,1479600
2019-04-26,141.28947476490274,143.53524682335586,141.03890423612154,143.0372314453125,1015200
2019-04-29,142.80856873043672,142.80856873043672,140.76325617681468,141.42727661132812,1792500
2019-04-30,141.57456513092012,142.82116686780333,141.40229424542312,142.46096801757812,1721100
2019-05-01,142.8273402438085,142.8273402438085,139.88309435226708,140.1649932861328,2129700
2019-05-02,139.6951894746529,142.0787779069278,139.10632872915664,141.7843475341797,1487700
2019-05-03,142.23539630020383,143.2032386024289,141.26755399797875,142.7991943359375,1099200
2019-05-06,140.74131736408862,142.774098293252,140.63482921404278,141.69976806640625,1357500
2019-05-07,140.2840352093261,141.1579062720085,138.70228385138066,140.00213623046875,1632300
2019-05-08,139.70459295809914,140.1086515436134,138.9184128949034,139.22850036621094,1317000
2019-05-09,137.85035446152116,139.27549228488493,136.88563784005544,138.4298095703125,1125900
2019-05-10,137.90989790004338,138.8996776028906,136.71967318262608,137.79087829589844,1503000
2019-05-13,135.36653819020984,136.20282958553008,133.79105220429284,134.96249389648438,1632900
2019-05-14,134.874762960921,136.84177581147608,134.2013511527438,136.0649871826172,1262100
2019-05-15,135.08464719681558,136.0712867156112,134.58977176642844,134.97189331054688,1039500
2019-05-16,135.21686219577538,136.6583117016326,135.16033701918187,136.0679168701172,1781400
2019-05-17,135.4178236501037,137.6914808941734,135.22940163759725,136.82159423828125,1376100
2019-05-20,135.63135277783772,136.3819068106797,133.14414523154093,133.313720703125,1578900
2019-05-21,133.7094492142958,136.45416872663534,133.61523101851586,135.6407928466797,1300800
2019-05-22,135.90772218894347,136.77134098441698,135.23880756268994,135.49005126953125,1023000
2019-05-23,134.90595507306514,135.81981706751105,133.51474861541996,135.21685791015625,1966800
2019-05-24,135.8951375223904,136.0804255954665,134.9247507190089,135.263916015625,1095900
2019-05-28,135.27020883304024,136.35992819908432,134.10511779785156,134.10511779785156,1521600
2019-05-29,134.0925540699123,134.45683370082088,133.18182624128875,133.91983032226562,1309500
2019-05-30,133.15984156550547,134.85253423820038,133.03109301499754,133.3325653076172,1253100
2019-05-31,132.08268222305585,132.83638449331423,131.14369187632533,131.72467041015625,1446000
2019-06-03,131.61164077461032,134.15850765525107,131.1091677236181,134.03604125976562,1567500
2019-06-04,135.48690345665946,136.7305145263672,134.20876201069245,136.7305145263672,2294400
2019-06-05,137.59411625379403,141.28724198968735,136.12127066679665,141.24642944335938,2216700
2019-06-06,141.31864995434236,146.51918029785156,140.73767136555097,146.51918029785156,2589000
2019-06-07,146.516049787039,150.42272659498005,145.96333371117788,148.84938049316406,2902200
2019-06-10,149.70671308949602,149.8103473508812,148.0422971118049,148.0862579345703,1480200
2019-06-11,149.12887231847597,149.91398560771648,146.2993650809901,147.87271118164062,1880100
2019-06-12,148.75829417544162,149.0346521829118,147.14725522292605,148.8148193359375,1341600
2019-06-13,149.56851513323707,150.46981251553413,149.1225816638155,150.42898559570312,1673100
2019-06-14,150.14636509365306,150.14636509365306,148.1679124254843,148.74574279785156,1434300
2019-06-17,148.74573055617853,148.94043472135473,146.50661828097577,146.89602661132812,1250100
2019-06-18,147.970074648152,148.12710019320554,145.2347710196644,145.9570770263672,2081400
2019-06-19,145.9633107561618,146.58826451675006,144.66318899889086,146.02926635742188,1707300
2019-06-20,147.448800834204,148.35951468810157,145.2724950313935,148.120849609375,1603200
2019-06-21,147.599483865227,148.10509078309005,145.95076627983335,146.24595642089844,2250000
2019-06-24,146.70762406818065,147.72512022398118,145.67128139773237,146.33078002929688,1151400
2019-06-25,145.69014043235128,146.73276536394744,144.54389560048426,145.50485229492188,1453800
2019-06-26,144.9489930716044,145.37609449251624,142.63764266241404,142.65963745117188,1312200
2019-06-27,143.21864927254194,143.79962807395296,141.62960454122185,142.81039428710938,1122000
2019-06-28,142.89517631894427,143.92208862304688,142.08494863504686,143.92208862304688,1647300
2019-07-01,144.93636853696356,145.6084168720093,143.69277219651133,144.86727905273438,1261500
2019-07-02,144.98351470798102,146.05440198749542,144.45906127301066,145.52366638183594,1002000
2019-07-03,146.32758759312918,147.684248724748,145.5770336398187,147.6497039794922,642300
2019-07-05,146.28679821941535,146.76414260584286,144.59097136969626,146.38729858398438,683100
2019-07-08,146.07953813092143,146.6605168132638,145.1217154049575,145.33526611328125,946800
2019-07-09,145.08402405484162,145.4797145787218,144.1042066260814,145.13111877441406,852600
2019-07-10,146.24911827416312,146.7044678692958,142.90142542751002,143.68653869628906,1485600
2019-07-11,143.77760275635168,146.1234976467616,143.52950731854372,146.0920867919922,1232100
2019-07-12,146.50034639495865,147.91353301613188,146.4124103744334,147.5146942138672,1272900
2019-07-15,147.69368906718054,148.8525123600525,147.22890906616524,148.8148193359375,1000800
2019-07-16,148.85564465382174,148.8996054724723,146.6353645497907,146.82693481445312,1507800
2019-07-17,146.65735195776696,146.91486343745214,143.39446170607337,143.46983337402344,1735200
2019-07-18,143.11808881609718,144.38681394721115,140.57435638422115,143.73361206054688,1743000
2019-07-19,144.02881535430913,144.7950819891857,143.04273026430062,143.3913116455078,1464600
2019-07-22,143.58292386765638,144.9898285198488,142.5057541823817,142.7601318359375,1603200
2019-07-23,147.28543686760455,154.59004893313073,146.34959467810774,153.95254516601562,6339300
2019-07-24,155.45051944981762,157.4729471766352,153.44378996215792,157.37559509277344,2743200
2019-07-25,157.2059814260658,160.32755855907826,156.7600479966389,159.9412841796875,2669400
2019-07-26,160.04182925812998,161.20692051615316,158.49674568434384,160.88345336914062,1778700
2019-07-29,160.19570783172477,160.88345468327051,158.95837877799696,160.2051239013672,1946700
2019-07-30,158.93011434553844,162.18044091855495,158.38368042337632,161.73765563964844,1707000
2019-07-31,161.11894810623895,163.22302947214953,159.37916073265941,161.11581420898438,1909800
2019-08-01,161.5963416425521,164.325363204341,160.51603805247797,161.0876007080078,1615500
2019-08-02,159.94758533622948,161.29796450017702,158.8013407773605,160.30873107910156,1261200
2019-08-05,157.72110280935374,158.94900171912292,154.98579859746465,155.56362915039062,1532700
2019-08-06,156.60305570099737,157.5765909742499,154.8036089893593,156.66586303710938,1704600
2019-08-07,155.40025832520217,161.64026453526571,154.46126797203334,161.10011291503906,2234400
2019-08-08,162.23380332001324,164.38499387000311,162.18984250244407,164.3410186767578,1599900
2019-08-09,163.4868408062744,164.55772811565222,161.87581618365564,163.22618103027344,992100
2019-08-12,162.71115589481946,164.0929459533475,161.51465393517165,161.96060180664062,969300
2019-08-13,161.86954472055095,165.49986343373368,161.6591279218686,165.1387176513672,1571400
2019-08-14,162.372001772866,164.66765376721187,161.7564783747703,161.81300354003906,1548900
2019-08-15,163.61960290290776,164.17039311863073,162.13406852824923,163.7234649658203,1291500
2019-08-16,165.20263769674278,167.44353032850148,164.44729325645548,166.8361053466797,1806600
2019-08-19,167.2043639253735,168.92908747270968,165.467048420837,166.3168182373047,1446900
2019-08-20,165.3695033642634,165.57408669438973,163.5000007233817,164.91944885253906,1209300
2019-08-21,166.56861720097257,168.10136398702244,165.15862039957443,166.07135009765625,1467000
2019-08-22,167.23584113756786,167.3271112227599,164.48194820874164,164.76205444335938,1248000
2019-08-23,164.39064834881353,164.62669709466076,160.59182528896736,161.33145141601562,1839000
2019-08-26,162.53060469976572,162.94919363861823,160.2991484732485,161.60214233398438,1047000
2019-08-27,162.95861185484472,163.65732134258866,161.30312981680723,162.2095489501953,980700
2019-08-28,161.2811202293366,164.56061921160335,161.25907710000777,164.50711059570312,899400
2019-08-29,166.2538611885793,166.75428339761518,164.59208313661793,165.13340759277344,1246200
2019-08-30,166.1436955527676,166.74797976275823,164.9728885927293,165.78489685058594,1274100
2019-09-03,165.3978218149261,166.38921522013374,163.654195769006,165.92027282714844,933300
2019-09-04,167.5631759952084,168.47904653492637,166.7700554475999,168.27761840820312,1065600
2019-09-05,169.84183260930854,169.84183260930854,167.27046538871102,168.23040771484375,1296300
2019-09-06,169.61520824745145,169.6403921623244,168.10449031510308,168.2996368408203,984000
2019-09-09,168.1139509278221,168.19892503437927,163.64791186014986,164.6141357421875,1382400
2019-09-10,163.2985528637935,164.4536273247223,161.73748139253735,164.20498657226562,1447200
2019-09-11,163.98151696682598,167.01237517873017,163.50626422244187,165.989501953125,1540500
2019-09-12,167.88103749053786,172.7814125119158,167.0942130193252,169.62464904785156,1878600
2019-09-13,168.7182154866643,171.04092723742002,168.6867355949934,170.43350219726562,1188300
2019-09-16,168.69934833419546,168.69934833419546,165.98006164975524,166.01783752441406,1257900
2019-09-17,166.43955678617317,169.64037733919383,166.08075806695553,169.17457580566406,1038000
2019-09-18,169.67497508705287,171.2077069929541,168.32162810924723,170.8489227294922,969300
2019-09-19,169.99918947860888,173.33219730420004,169.1746034981562,173.033203125,1564200
2019-09-20,173.78542943509237,174.38655860737637,171.67358214500194,173.2724151611328,2411400
2019-09-23,172.50442450830383,173.30699602535236,170.31704037417305,170.4744110107422,1451700
2019-09-24,172.25892648034286,173.76334816371445,169.61517777730066,170.74191284179688,1599900
2019-09-25,171.83088572387715,172.00398908861732,169.41060821720228,171.38397216796875,1399200
2019-09-26,171.6074245700081,173.2723576142032,170.3705315453959,172.58309936523438,849300
2019-09-27,173.6248806262067,173.6248806262067,170.5404996664679,171.30215454101562,1079700
2019-09-30,171.81834926106208,173.266122014907,171.69561367716727,173.06153869628906,1012200
2019-10-01,173.4486228109124,174.0812317473303,171.0535145775908,171.4846954345703,1458000
2019-10-02,171.07555216173628,171.67039966726304,168.32165947399602,170.2729949951172,1507800
2019-10-03,170.27616006835294,171.557125339321,168.97002528710624,170.95913696289062,1047300
2019-10-04,171.768032138498,173.86728794765682,171.768032138498,172.73741149902344,1071600
2019-10-07,172.35334340855448,174.19767591032831,172.10785790308068,172.8758087158203,915000
2019-10-08,171.6326233178739,173.41715127240846,170.4649571291722,171.82460021972656,1085700
2019-10-09,171.52879823550543,175.3307485182703,171.52879823550543,174.8838348388672,1212000
2019-10-10,175.10724605085002,175.88778880068833,173.92700236687426,175.840576171875,1318500
2019-10-11,177.31981696287423,177.64713577036977,172.72157769534095,173.10556030273438,2163600
2019-10-14,173.46436696326083,174.96249290490377,172.84750513531247,173.21258544921875,859200
2019-10-15,174.97823867599723,176.1112698875309,173.94905509200493,175.900390625,1248300
2019-10-16,175.68957239685358,177.87066129954226,174.96883394039796,177.58425903320312,1210500
2019-10-17,177.56845594567883,178.45284631515918,175.97276416817346,176.419677734375,1245900
2019-10-18,175.52900857945653,176.9264132142816,175.30869255999383,176.52041625976562,1362600
2019-10-21,176.7376179047519,177.11844544120535,172.92306096771708,173.23150634765625,2399100
2019-10-22,175.46293830949622,182.02824732790125,171.89703676324288,178.41827392578125,3324000
2019-10-23,179.39708041807032,179.39708041807032,175.739894565653,177.4677734375,1838400
2019-10-24,178.40564572511147,180.97071654058323,178.21995038844207,180.67172241210938,1363500
2019-10-25,181.2068071511106,182.54440746372748,180.3727699470716,180.94871520996094,1298700
2019-10-28,180.9801372444103,182.92833169566472,180.9801372444103,181.9904327392578,1586400
2019-10-29,181.08092274110268,183.58617522746346,181.08092274110268,183.05113220214844,1845300
2019-10-30,183.28396669168154,184.79152908664594,181.84564563952623,184.505126953125,1610400
2019-10-31,184.90489924319334,185.37699687054385,179.89437993938841,180.1272735595703,2370900
2019-11-01,181.24138029252532,182.67340551599418,180.34438352793546,182.43106079101562,1533300
2019-11-04,183.8914284931642,183.97012102130336,179.67403052820862,179.7117919921875,1831200
2019-11-05,178.92810565979508,180.6528435725784,175.85633091198542,177.79507446289062,2490600
2019-11-06,177.9147008626859,181.22568015819806,177.69124401353724,181.04629516601562,1567500
2019-11-07,181.96841249183242,181.9715676846507,178.4748936783477,179.22711181640625,1793400
2019-11-08,179.83139356662167,183.00388947570758,179.53868100226046,182.96926879882812,1129500
2019-11-11,182.05653902671366,183.48856432634523,181.81105350334832,182.3586883544922,976200
2019-11-12,182.38072283983172,185.47138553262428,182.1824355363001,184.8230438232422,1352400
2019-11-13,184.64051468325258,186.66424702449913,184.11806365673638,185.60989379882812,1080000
2019-11-14,185.10219740540953,187.62487524506795,184.67964359851604,187.1361083984375,857700
2019-11-15,187.62487441566984,188.25555109026325,186.39191458045443,186.9216766357422,1131900
2019-11-18,183.2133627433067,186.58431007494545,183.0651592539717,184.81211853027344,1452900
2019-11-19,185.35760681271395,185.61934102278155,183.89445310651098,184.21925354003906,2064000
2019-11-20,184.21602824501434,184.21602824501434,180.57074694357271,181.63973999023438,1882200
2019-11-21,180.69060282975113,181.83527840508904,178.67561640827049,179.28736877441406,2166600
2019-11-22,179.71307439881335,181.6334687732359,179.1864592394778,181.2645263671875,1986300
2019-11-25,182.18216589098827,183.58856132044767,181.73754111403858,182.89797973632812,1281000
2019-11-26,183.23855617863887,185.23463315979967,182.69301675276682,185.15895080566406,2161800
2019-11-27,184.5630012962362,185.09907152221157,183.59806911550604,184.4274139404297,918000
2019-11-29,184.2854502470605,184.96343013284275,183.14393582516348,183.88182067871094,709500
2019-12-02,183.07455125780214,183.07455125780214,180.6874611233753,181.2645263671875,1001400
2019-12-03,180.2838590706638,182.368234581163,179.7414808837672,182.2357940673828,1374600
2019-12-04,182.68044060536107,183.84086503791255,179.9906203642107,180.1545867919922,1279800
2019-12-05,181.13521415402266,181.5041565223192,178.96886320888248,180.52976989746094,1192200
2019-12-06,182.23894150379508,183.11873626149443,180.76947971543038,182.4344482421875,1000800
2019-12-09,182.21687730436105,182.65519407439035,181.1352677019143,181.81324768066406,765900
2019-12-10,181.21723368323194,181.5546502192913,179.85498027826978,180.00950622558594,1243200
2019-12-11,180.86091905016232,181.5420457965701,179.7950869055747,181.47267150878906,813900
2019-12-12,181.39700315627653,183.0619717565975,181.29608853220014,181.88893127441406,1304100
2019-12-13,181.318188950936,182.64259426110974,180.3721810336875,180.4447021484375,1213500
2019-12-16,181.09428227208926,183.1755111644548,180.13881950600125,182.74034118652344,1358400
2019-12-17,182.93268771372556,183.10296219156047,181.6965666019153,182.30831909179688,1136100
2019-12-18,182.80969395314648,182.80969395314648,179.81715911253113,180.5644989013672,1004100
2019-12-19,180.9933378806649,182.79074664704416,180.27752407610672,182.2168426513672,1141200
2019-12-20,183.29534851635324,183.71790239118596,181.68082982020698,183.2039031982422,2224500
2019-12-23,183.4971052301438,184.21606584837122,182.7245332774434,183.9228057861328,697200
2019-12-24,183.01147775200937,184.1403759349528,182.64569661046286,183.25428771972656,294300
2019-12-26,183.53183933135,183.5822894287994,182.03083706148405,183.39939880371094,453300
2019-12-27,184.07101266095978,184.49041959477546,183.17230826266587,183.427734375,525300
2019-12-30,182.34300129133115,183.15026050124462,182.00558472542514,182.4975128173828,696000
2019-12-31,182.29569068764454,184.1025689560115,181.89836916451034,184.01112365722656,867300
2020-01-02,184.48727265152002,184.50934366344683,179.34414947526534,180.32484436035156,1945800
2020-01-03,178.2720066567581,180.22392708229677,177.94089817795285,177.99134826660156,1635600
2020-01-06,177.29136278957802,178.3918823504054,176.87826377604497,177.6634521484375,1926600
2020-01-07,178.38552223297205,178.52427080238598,176.39575342291226,176.70162963867188,1803600
2020-01-08,177.23137560859828,179.84551274434395,176.90342841102012,179.514404296875,1886400
2020-01-09,180.24915645721524,180.7316151942396,177.45843659102547,178.3634490966797,2245200
2020-01-10,179.06348518002247,180.11670104681852,178.562087853526,178.82382202148438,1002000
2020-01-13,178.94368488505248,181.39700297212744,178.58421172229703,181.27401733398438,1306500
2020-01-14,181.2361381963935,182.57001238013441,180.5487035032752,181.1510009765625,1810200
2020-01-15,181.6744992283549,185.3513078724033,180.99022561789278,184.33277893066406,1460400
2020-01-16,185.9914443221659,185.9914443221659,183.45928276830966,184.4652099609375,1494900
2020-01-17,184.8940753511114,187.64696152158902,184.10257907666522,187.45774841308594,2143500
2020-01-21,187.45145460688252,188.64974183384578,186.1585896883401,187.0131378173828,1596000
2020-01-22,187.96540255971217,188.13253018712936,186.3288134239652,186.9720916748047,1093800
2020-01-23,187.359987857121,188.13886796980182,185.8747631698857,188.11048889160156,1297200
2020-01-24,188.88620513971145,189.18577327640048,186.65677324999865,187.57440185546875,1400400
2020-01-27,185.3828322299288,186.0324186380626,183.69893958633327,184.24131774902344,1233300
2020-01-28,184.3138516148293,186.9816005887095,184.3138516148293,186.37930297851562,1189500
2020-01-29,186.99420450175327,188.57087447113008,186.1301727294922,186.1301727294922,1906500
2020-01-30,177.34488903106802,179.98425838342882,175.16908304559362,179.3945770263672,3222900
2020-01-31,176.7047786437709,177.84945435562153,173.8131585316178,175.63894653320312,2703600
2020-02-03,176.3736741703377,182.2893689854873,175.91328646058756,181.28976440429688,2517900
2020-02-04,182.52905461640245,186.04504352345415,181.7596293604748,185.0927276611328,1922400
2020-02-05,185.08958062307423,185.25354703156106,180.03474121024576,183.6642608642578,2439900
2020-02-06,184.17508423334388,184.65439615917248,182.6740966717286,183.49395751953125,1985400
2020-02-07,183.31109659604112,183.31109659604112,180.25549520491055,180.5456085205078,1704600
2020-02-10,180.09152196847754,181.24250596247296,179.3820160329796,180.46046447753906,1518600
2020-02-11,180.76634550037014,183.2574978146391,180.5834548664435,181.9614715576172,1223700
2020-02-12,181.99611918442224,183.52235346278852,181.52311531772622,182.93898010253906,1109400
2020-02-13,182.02136293473745,183.70525565166062,181.66503660458807,182.81915283203125,838500
2020-02-14,183.01150112668512,184.6134033203125,182.63310380745946,184.6134033203125,916200
2020-02-18,183.87870006463515,184.11834883970783,181.69657108452833,183.45614624023438,1239300
2020-02-19,184.47152563173404,186.80185804511189,184.45260143347753,185.74864196777344,1479000
2020-02-20,184.71433506368328,186.45183917387737,182.89484052957332,184.18141174316406,1021800
2020-02-21,182.99253843907988,183.90071202309912,180.49507912668878,180.79464721679688,1149600
2020-02-24,177.01697153021297,180.3626859113367,175.64526313344257,178.82701110839844,1697400
2020-02-25,179.67520702564767,179.99369931356904,173.51355625764305,173.73744201660156,2530500
2020-02-26,175.06189563990898,178.20579532592257,173.07212664148452,173.6271209716797,2172300
2020-02-27,171.02558656727527,172.9144552366094,165.51981457820787,165.6648712158203,2345100
2020-02-28,160.64770569832095,163.3665313720703,157.33453578868927,163.3665313720703,4074900
2020-03-02,165.03260938248857,170.18572998046875,162.18732860342638,170.18572998046875,2520900
2020-03-03,170.8812341433619,174.6401657208249,167.74825329189133,170.9001922607422,2212800
2020-03-04,174.91203158784504,181.73753206723563,172.39236778183675,181.71224975585938,2210100
2020-03-05,177.36848059685937,178.9491824659255,173.6443246488091,175.43052673339844,1775700
2020-03-06,171.58940306989706,172.145816637841,167.39420280016742,171.03298950195312,1971900
2020-03-09,158.49794545058296,170.19205096867836,158.22921773965405,166.65757751464844,3484500
2020-03-10,171.43449197104408,172.75912902314076,162.9460738331673,172.62002563476562,2829300
2020-03-11,168.5038844415124,169.02550776341224,160.45805743738654,164.43829345703125,3127800
2020-03-12,153.8570057863854,161.0302819430877,148.9062149863274,152.5829620361328,3269100
2020-03-13,158.88363200453088,159.79728305168382,146.332778930008,157.8593292236328,4273800
2020-03-16,141.9479195119657,142.4727121450561,128.1767547386678,128.3759307861328,4736700
2020-03-17,131.2306610727677,137.2658111571847,119.40693943413281,132.89988708496094,5943600
2020-03-18,122.91298907091449,129.6784338131623,102.88221327541082,127.36111450195312,5138100
2020-03-19,126.09020204245233,141.9352530076086,122.69483191108365,140.7212677001953,3081600
2020-03-20,143.28202769445298,144.4865340281234,128.34745741194735,130.47193908691406,3788400
2020-03-23,129.87760971513518,133.66814878969498,123.53895428278581,125.41368103027344,2876700
2020-03-24,132.32451457205067,145.55506587602662,131.65744935541906,143.534912109375,3735300
2020-03-25,142.98168544626395,150.11386008939036,141.39464485818445,142.78883361816406,2766900
2020-03-26,147.0156645751409,149.620683971504,143.5286150121748,147.36659240722656,2562900
2020-03-27,142.58014952863113,149.0579059496966,142.2640121034602,145.3179473876953,1990500
2020-03-30,149.1084774789788,153.7968770223344,146.33907325381315,152.32681274414062,2259600
2020-03-31,150.63861076948382,152.3015123150934,144.6508714225611,145.273681640625,3840600
2020-04-01,139.07414768937443,140.5315637020964,133.2223417168777,134.35414123535156,3430500
2020-04-02,132.8429878662354,139.09311739915472,130.25378659106488,138.125732421875,3257700
2020-04-03,137.52188526318716,139.92140389658348,131.59106293286607,132.7892303466797,2051400
2020-04-06,139.98461415945104,146.36752165170904,138.50507085693346,144.98915100097656,2193300
2020-04-07,150.28140441271307,153.31952237319322,146.06721744842514,146.48452758789062,2435700
2020-04-08,148.6659088128715,155.53252442021704,146.07353822906512,154.3754425048828,1770900
2020-04-09,157.5178765759341,163.8154298304485,154.16677633070108,155.58941650390625,3194100
2020-04-13,152.47858406770035,155.6716229613845,149.49735509455556,154.65679931640625,2571900
2020-04-14,158.071165553123,161.43806969917682,154.91290202513247,159.4590301513672,2263200
2020-04-15,155.15001109673588,158.0648437302815,153.59459143067073,155.7570037841797,1869900
2020-04-16,157.97315312442169,158.70027656281894,150.51534769977127,153.3385009765625,2226000
2020-04-17,157.29343574656733,163.78067218383208,157.29343574656733,163.3665313720703,1824300
2020-04-20,160.22728598968035,162.78488155226398,155.83606362806523,156.76551818847656,1747200
2020-04-21,154.40075803583977,155.8233986176235,151.62819791031205,153.29742431640625,984600
2020-04-22,156.38610361526943,159.76567023928138,156.38610361526943,158.16282653808594,1117200
2020-04-23,158.21026085662047,160.8121106784764,157.32189210268137,157.66017150878906,915300
2020-04-24,158.5738070312212,160.20193299032715,156.36080146324025,159.98695373535156,807300
2020-04-27,159.3230552952943,162.76267990413595,157.214391762411,161.69412231445312,1401000
2020-04-28,164.07782648584913,164.356033207369,159.67080278297172,160.83103942871094,1564500
2020-04-29,169.45225737987886,176.92269575611775,165.6522260371542,170.35641479492188,2886600
2020-04-30,166.88202455772273,171.86126549033273,165.54158437176295,169.56922912597656,2059200
2020-05-01,166.1770521563939,167.47639248612845,164.4161467318033,166.42996215820312,1241100
2020-05-04,165.72491956515137,167.5142906105209,163.43289799190913,167.18865966796875,1184400
2020-05-05,168.80736100449897,170.63466334204577,167.40684793117686,168.40586853027344,1121700
2020-05-06,169.13611776770097,169.64195217757762,165.48151372241222,165.66488647460938,1025700
2020-05-07,167.47949223196582,168.5986286552571,166.35718647545286,167.10011291503906,1172700
2020-05-08,170.4196752887803,175.010072824029,169.04130421343305,173.77711486816406,1477200
2020-05-11,171.73166242435684,178.23154721542898,171.60203810215523,176.67295837402344,2395800
2020-05-12,176.11972515842066,178.22838898741523,174.9721221923828,174.9721221923828,1867800
2020-05-13,174.0173269248319,175.36409110268244,170.62195760102156,173.34710693359375,1466700
2020-05-14,170.81802780032814,172.49357825991092,166.9832198630153,172.47145080566406,1631100
2020-05-15,170.87171771974351,179.68893432617188,170.49550767898847,179.68893432617188,2658900
2020-05-18,183.36255872300745,185.29735801501388,180.8018085747386,180.91246032714844,1856700
2020-05-19,180.48564605826706,181.98731719338033,177.83320264616316,178.22206115722656,1665000
2020-05-20,180.45400556635852,181.97464912763252,178.4022453019482,178.50341796875,1890000
2020-05-21,179.30519509384726,181.02592935073068,178.41155057217264,180.6298065185547,1605300
2020-05-22,181.16532740394703,182.95260158334773,179.97697365151004,182.94309997558594,837600
2020-05-26,185.38318406734643,185.6652149937535,183.59907226774374,184.79058837890625,1377900
2020-05-27,185.38318603232557,185.54163803529838,181.43785736286412,184.7050323486328,1355100
2020-05-28,186.9676628281331,188.84367187909712,185.65887800400085,186.9708251953125,1647900
2020-05-29,186.41942739070637,188.9640885196796,185.45290353510873,188.1876983642578,1315500
2020-06-01,188.05141055588422,188.52991434928538,183.8113586466799,184.5782470703125,1040700
2020-06-02,183.90965685056952,189.87678364666533,183.5420678674869,189.22080993652344,1582200
2020-06-03,189.91794801051321,191.20136136377005,187.94686485956512,188.2859344482422,1545900
2020-06-04,187.1482701567601,187.91832096932424,181.20966451760094,182.26492309570312,1907700
2020-06-05,184.76207014681364,187.26871032168143,179.46993574242734,185.47508239746094,2654400
2020-06-08,184.8856501153233,185.15184017567896,180.78820900098782,182.2142333984375,2092500
2020-06-09,180.85481885532147,185.66211165128377,180.70904528879151,184.35968017578125,1523700
2020-06-10,184.76208706893289,185.63037452790857,182.96213424553736,184.1029510498047,1123200
2020-06-11,181.95121649861008,182.58817235983693,172.37150711191404,173.12571716308594,2883300
2020-06-12,177.52421504127176,177.86962387965255,170.8599177155463,173.5376739501953,2205600
2020-06-15,169.85535522542858,181.2635504008767,169.8458391121027,180.63291931152344,2628300
2020-06-16,185.83954448711745,186.44164190197364,179.38757442729454,182.64524841308594,1303800
2020-06-17,183.88430455718765,186.333891878423,182.70861463142396,184.43252563476562,1228800
2020-06-18,183.16496475782182,185.39589916631397,183.0223535766091,184.33746337890625,834900
2020-06-19,187.49686573865284,187.53172430891325,183.4311205119612,185.2786102294922,2114100
2020-06-22,188.37787559891794,188.37787559891794,181.93542135552568,184.58148193359375,1333200
2020-06-23,186.86624811773345,186.86624811773345,181.9417171418311,182.63571166992188,1479600
2020-06-24,182.2046882219198,182.27440534595297,179.39383768308113,179.56813049316406,1248300
2020-06-25,179.87873225834872,181.99241199249045,176.6780976385505,181.64700317382812,985500
2020-06-26,181.52020454580804,181.85928857740328,176.14885237250238,176.67807006835938,1648500
2020-06-29,177.80628607940068,180.5664385605131,175.245783462418,179.36224365234375,1030800
2020-06-30,179.86927418150418,183.76074220052578,178.63972225523733,183.11744689941406,1443300
2020-07-01,183.09206823274053,184.41351725881808,181.10198152118093,183.02552795410156,1906800
2020-07-02,184.7018319756446,185.88066937562786,183.85888722180988,184.73985290527344,1351500
2020-07-06,186.9676524982039,187.83276296177615,184.99023021267897,187.6521453857422,1644600
2020-07-07,185.53848873837495,187.46837436545826,185.09800574053685,186.5684051513672,1329900
2020-07-08,186.96766498690639,188.75493919595414,182.34100569983573,185.7381134033203,1419000
2020-07-09,186.0486581149039,186.25147029254867,181.26356147184418,183.70046997070312,1049400
2020-07-10,184.51486401883676,185.89651358312355,181.4631657618304,185.0028839111328,820800
2020-07-13,186.56843212261825,187.17052960166663,182.40443469656236,182.5438690185547,1142100
2020-07-14,182.29349626817665,186.0582079715211,182.29349626817665,185.92193603515625,1150500
2020-07-15,186.96762802669812,189.51545104751597,185.99158823911065,189.3253173828125,1210200
2020-07-16,188.49827133200375,191.2489071292835,188.01659056683673,189.746826171875,1049700
2020-07-17,190.13660279454268,194.29742216427502,189.8038579371436,193.3340606689453,1822200
2020-07-20,192.89680868514267,194.17072079950546,192.20281395213544,192.69715881347656,970800
2020-07-21,194.88997216178865,194.89631140098058,192.67171715146745,194.3829345703125,1511100
2020-07-22,193.71754747898507,198.35054700574224,193.71754747898507,198.34420776367188,1146900
2020-07-23,197.3776482910555,199.1490817157526,194.21503435376533,195.99916076660156,1140600
2020-07-24,195.68861983427365,197.05760591730004,194.54464056612693,196.48086547851562,1344600
2020-07-27,198.44560007169991,200.23921371786,197.59315343213024,198.22377014160156,2471700
2020-07-28,205.98134896385423,209.1090900680903,196.9720393516316,200.7684326171875,3127500
2020-07-29,201.2373897916685,206.29185298115456,201.07577543713245,205.23025512695312,2015400
2020-07-30,203.23382971244584,206.04150377277261,202.58101854802325,205.23025512695312,1373100
2020-07-31,204.7390792707833,205.822857246008,202.89158967261613,205.32215881347656,1772100
2020-08-03,205.5661935131687,206.821102112395,203.09442626681042,203.17364501953125,1411500
2020-08-04,203.091274417651,208.46898230123995,203.091274417651,206.2697296142578,1848600
2020-08-05,206.96369496220566,208.80168314044965,206.21266174316406,206.21266174316406,1410600
2020-08-06,206.07003546225152,208.8016678188954,205.78166530278997,207.4295196533203,1289100
2020-08-07,207.2679246337071,208.37704519861992,206.80526158605574,208.11085510253906,1127700
2020-08-10,207.8827146155458,208.89359877354565,205.74367758655828,206.37745666503906,1049100
2020-08-11,207.56580962878078,209.5400698909199,206.00035065136757,206.74188232421875,1179300
2020-08-12,207.95245244392453,214.13823260642434,207.4137329205081,212.91818237304688,1722300
2020-08-13,211.5776737076223,213.76108521178202,210.83297973707093,212.0751953125,834600
2020-08-14,212.37625147565853,213.57728378780476,210.19919364163715,211.22909545898438,678900
2020-08-17,212.5536822690621,213.6406225501109,210.94702586409417,212.63607788085938,1032900
2020-08-18,213.9037127519552,214.23011842148588,211.8977706876748,212.31289672851562,887400
2020-08-19,213.07657410636412,213.20966913903888,210.37029877113036,210.76324462890625,949800
2020-08-20,210.6299200649363,212.87487905297095,210.6299200649363,211.96990966796875,957900
2020-08-21,212.07154126652722,215.26910287091826,211.0014478600046,214.59593200683594,1068600
2020-08-24,215.92318296230772,216.43122974675688,212.1667444594472,213.195556640625,786300
2020-08-25,214.24027727412306,215.48184660796232,211.59204372382595,212.83995056152344,810000
2020-08-26,212.7256341092699,215.57392044430796,211.83336883812675,214.87852478027344,917100
2020-08-27,216.00255899294717,216.00255899294717,213.08441516283668,213.31939697265625,800400
2020-08-28,214.00846423935806,214.77373231405306,212.64624985537168,214.62448120117188,1015200
2020-08-31,214.76737852696533,214.76737852696533,212.63989608560058,213.08126831054688,1129800
2020-09-01,212.58910747738318,217.8411102294922,212.0937501585749,217.8411102294922,1512600
2020-09-02,217.3679874317177,222.213561306752,217.03457078441286,222.0071563720703,1393500
2020-09-03,221.3212868030879,221.3212868030879,213.141618936638,215.55487060546875,1576800
2020-09-04,216.16448371209432,217.36158846813876,209.91541577251914,215.802490234375,1858500
2020-09-08,213.0114109524195,213.79572060410482,210.11232293193444,212.5255889892578,1951800
2020-09-09,218.08238637897787,221.483168493961,216.59949810259934,220.5051727294922,1585200
2020-09-10,221.292704202643,225.2396607559019,220.05114945157092,223.1185302734375,2507400
2020-09-11,223.95999911604642,226.39230689840423,222.39773175930674,225.0491485595703,1420800
2020-09-14,226.71936783703666,228.9452851796052,225.76676545116675,227.86248779296875,1336200
2020-09-15,228.86587962652922,230.5011880531322,226.67172259829783,227.43380737304688,1062000
2020-09-16,228.22128559337295,229.1611983849948,226.4081782216806,227.0749969482422,1212300
2020-09-17,225.4492079275832,226.59232774032617,223.15343297667522,226.2589111328125,1413300
2020-09-18,224.8839580688888,226.54784302699676,219.74308118897446,220.8417510986328,2295900
2020-09-21,218.428570886023,219.0414191868091,214.07518505904295,216.8218536376953,1043700
2020-09-22,217.28226347879445,221.84840591416258,217.00600064000295,221.10537719726562,1332900
2020-09-23,219.72722955297493,220.18447454445567,214.59905625341113,215.07217407226562,1137600
2020-09-24,216.34550258446373,219.40017898634642,215.69772548098672,217.796630859375,902400
2020-09-25,217.45052636159267,221.71182846430483,216.48522000528317,221.4641571044922,856500
2020-09-28,224.09018590592333,226.13827517947075,222.8740247915377,224.5156707763672,1284600
2020-09-29,225.5984492580532,227.1448435981425,224.0615902435873,224.07427978515625,871200
2020-09-30,225.44922433517536,227.03688520459195,219.70503341270464,221.2387237548828,2412900
2020-10-01,223.8552059901501,225.29998238213346,218.67623003403014,219.35256958007812,1557000
2020-10-02,218.05383919637407,221.28951238017098,216.1676907533871,218.77464294433594,1234500
2020-10-05,220.21628043661676,222.73431896692006,218.06974172885012,218.97154235839844,1940100
2020-10-06,219.69550427756857,221.18474492503267,216.2312155460141,216.67893981933594,1562400
2020-10-07,218.38091725813425,220.26071377871318,217.60929715440307,219.67010498046875,1350900
2020-10-08,220.5655283334855,221.62610074629555,217.66010297081178,218.5523681640625,1477200
2020-10-09,219.52723230390666,221.9373153462425,219.0985641073304,221.76585388183594,1356600
2020-10-12,222.90889663364015,225.04908265800725,222.01663159943854,223.02955627441406,943200
2020-10-13,223.10262497412288,224.2901944871458,220.7338089152153,221.37840270996094,1303800
2020-10-14,221.88963338238668,221.88963338238668,219.28268129188527,220.365478515625,1297500
2020-10-15,218.57141005501913,219.9876093239074,216.87259596128231,218.46343994140625,1275300
2020-10-16,219.61926807584416,222.83271628978002,219.30809087641438,220.7877960205078,1140600
2020-10-19,221.1180794294855,221.981782408703,215.7708102696128,216.5043182373047,1038600
2020-10-20,218.30465280616298,218.6761670438162,213.89093168000767,214.31324768066406,1578900
2020-10-21,214.3355112879317,217.3520899956883,213.73855049195973,214.0402069091797,1533000
2020-10-22,214.7292229084842,216.1231971944196,212.42075869830046,215.2880859375,859800
2020-10-23,216.28520022645048,217.5267695736458,213.9291023217771,216.97425842285156,1108800
2020-10-26,215.0055335495273,215.87239065218864,210.91250923631404,212.8685302734375,1461300
2020-10-27,215.0213977161895,216.65669158897754,212.03657903934064,213.84970092773438,1791600
2020-10-28,214.08786373171458,217.8284153495537,211.4555031130441,215.49771118164062,2416800
2020-10-29,215.26270925763194,220.6957226873606,214.19898263191433,219.76217651367188,1851900
2020-10-30,217.9077493028216,220.68934593216906,216.33596151551535,218.4570770263672,2064900
2020-11-02,221.2768188875342,227.1765983555523,220.68621009751803,225.22694396972656,1852800
2020-11-03,225.42381339978326,228.22763531003082,223.9441081386487,225.47779846191406,1396800
2020-11-04,225.64927943765596,231.58400289633266,225.64927943765596,229.89154052734375,1410600
2020-11-05,231.79990589187946,235.20705537931033,231.32360470543344,231.7427520751953,1110600
2020-11-06,232.71440195260666,234.08615164449137,230.42181011760127,233.7368621826172,1279500
2020-11-09,236.72165014279105,240.69083087903599,219.31125158763982,219.33982849121094,3004500
2020-11-10,219.9146091478878,229.9264545588271,219.9146091478878,229.3898162841797,2378400
2020-11-11,230.6281805261507,231.93959300261682,228.79600265366426,230.99969482421875,1159500
2020-11-12,230.55432354939393,231.69955280084824,226.63826656550353,228.19068908691406,1688700
2020-11-13,230.04529836909305,231.76633849184194,229.11321878051368,231.04420471191406,979200
2020-11-16,231.62958230443581,233.60192575474716,229.83538046137528,232.76844787597656,1522200
2020-11-17,230.63708216355982,233.64967510758356,228.83970550273045,232.5712432861328,1476600
2020-11-18,233.30609451706758,234.83944054750364,230.19169609221134,230.19488525390625,1462800
2020-11-19,230.19483543018512,233.95500187844897,227.76438893468807,231.8236083984375,1563600
2020-11-20,232.22764958372315,233.0802187618504,230.20123597027188,230.39210510253906,968700
2020-11-23,231.40373169718998,234.31453338115645,231.09196566546154,233.54150390625,1046700
2020-11-24,235.2466049051515,237.43525786362113,233.27107238347085,233.91049194335938,1643700
2020-11-25,235.02074410149302,236.0387273721206,231.5023416977586,232.62530517578125,1005300
2020-11-27,232.85755281466666,235.8860624238553,232.35174301332435,234.07595825195312,418200
2020-11-30,233.4651040459788,238.14782623262673,233.03245577436388,237.83607482910156,2643000
2020-12-01,238.5900279871073,240.18063302781457,235.3833774284654,236.44589233398438,1743300
2020-12-02,236.5190737950027,237.42253841113856,227.13134816872824,227.66261291503906,1773600
2020-12-03,227.66578198130364,229.0082586339739,224.82815668799728,225.24488830566406,1362900
2020-12-04,226.68600266197856,227.13772772026218,223.673395532466,224.5641326904297,2087100
2020-12-07,225.08266322536136,226.8895925292518,224.75499510051782,225.89068603515625,1911900
2020-12-08,226.3201695160513,229.4250295699194,226.11976201333647,228.81105041503906,1317600
2020-12-09,229.63497319474348,231.86180881823876,226.864145264629,229.2500457763672,1691400
2020-12-10,227.94256866794277,230.6115908950699,226.75915681469212,228.9891815185547,1383300
2020-12-11,228.58833067003764,229.8576313252057,226.92456428804525,228.60423278808594,1086900
2020-12-14,230.33484656255035,232.22765033328588,228.66152700413008,228.6806182861328,1545300
2020-12-15,230.27118645835472,231.05375414594377,228.1588696904979,229.7908172607422,957600
2020-12-16,231.20016151656532,231.89684050354023,228.98286388660824,229.83860778808594,1149600
2020-12-17,231.3019181830326,232.0081499885409,230.18214387359984,231.03469848632812,1515900
2020-12-18,231.19374971830968,232.05266804091778,228.60107806867376,231.66456604003906,2662800
2020-12-21,229.02098753287166,232.125847270757,226.35196528505563,231.96360778808594,1051200
2020-12-22,232.22767502411173,235.40569666472592,230.9456610797256,234.47679138183594,1004700
2020-12-23,234.6199503274193,235.59976574583686,230.4589385235376,230.46212768554688,800700
2020-12-24,231.36554399497544,233.8850689867009,230.99653324862643,233.46832275390625,326100
2020-12-28,234.80446043795328,234.80446043795328,231.85866510705128,232.01771545410156,513300
2020-12-29,233.49377595160712,233.684645083974,230.95517426022158,232.41534423828125,586800
2020-12-30,232.87661174623534,234.10455537361142,231.24147482985518,231.31463623046875,642000
2020-12-31,231.73139464172704,234.08547641697882,230.2330420883312,233.7896270751953,920400
2021-01-04,233.81509947707886,234.42906408748388,227.35407615268227,230.1503448486328,1224900
2021-01-05,229.20233010006177,231.61686030821855,228.31159291779863,229.00192260742188,1171800
2021-01-06,227.45587293327347,230.9583735836047,226.9946094546036,229.7940673828125,1648800
2021-01-07,230.54481329861696,235.41523101291958,230.31576159544798,233.859619140625,1507200
2021-01-08,233.34425638928454,233.65283325932754,229.4250243297209,231.8363800048828,1203600
2021-01-11,230.86292173970196,234.96667361924514,228.7665067565366,233.79916381835938,781800
2021-01-12,233.51282919332834,235.6792307619506,232.10356944216142,235.14161682128906,926700
2021-01-13,235.80653648359228,235.80653648359228,231.22561835911375,231.635986328125,1207800
2021-01-14,231.08558263661848,231.6263857299577,227.92982759056824,228.6583251953125,1224300
2021-01-15,228.37840548354905,231.77275096625957,226.53011891030874,230.81202697753906,2126400
2021-01-19,232.06539255445492,234.65488957160366,230.7738259259636,230.83108520507812,1353300
2021-01-20,231.46735064577007,234.4545028445793,230.0326356925161,234.20635986328125,1271700
2021-01-21,234.45451226648808,237.94428520410148,233.455605665187,234.2477264404297,909600
2021-01-22,233.08973132252407,234.6039858165276,231.56593846979644,232.91795349121094,924900
2021-01-25,233.8405204578313,235.8446827505848,232.79390754935116,233.58920288085938,1200600
2021-01-26,234.5562714087779,234.5562714087779,229.38364117266164,230.2043914794922,1313400
2021-01-27,228.5183769767918,229.918098502513,224.44325476332418,228.2638702392578,1682100
2021-01-28,227.41129144019982,230.12485984065296,220.06272144639564,226.5173797607422,2002800
2021-01-29,224.5704983991456,224.5704983991456,218.18265167331185,220.07546997070312,2347800
2021-02-01,220.9725590107588,222.57906635249483,216.8274645503203,222.07962036132812,1426500
2021-02-02,222.56311741586464,227.48442945110247,222.56311741586464,226.0369873046875,1223100
2021-02-03,229.17690910237522,231.41647248856205,222.90358029161638,223.1103515625,1769400
2021-02-04,223.75296316432116,229.85132502365403,223.62571706336755,225.96707153320312,1771500
2021-02-05,227.01361339592768,230.9773908165295,226.80365302644634,227.95843505859375,1947300
2021-02-08,229.9880811414853,232.04313891210018,229.48227139945868,230.32211303710938,1424700
2021-02-09,230.36665722948146,230.713416664821,226.73372159316764,226.8227996826172,1220400
2021-02-10,227.64359717476762,228.27347856729685,225.22906639912375,226.6033477783203,1541400
2021-02-11,227.2299971117347,229.52364509808038,226.82280378457554,228.8206024169922,1203000
2021-02-12,228.19070226464768,231.3687234505668,228.17797474378028,229.38047790527344,1308600
2021-02-16,229.68267006165073,229.8067269728489,224.85995945911915,225.0444793701172,1562700
2021-02-17,223.6383988285927,230.2712137740659,222.34683215297443,229.49180603027344,1719600
2021-02-18,228.51833913316074,232.418493689733,227.46853724093566,231.1968994140625,1444200
2021-02-19,231.95729927880728,232.0431882202596,226.8387377649128,228.06350708007812,1486200
2021-02-22,227.00091126824833,227.45581086144622,223.23436651887124,225.4293975830078,1414200
2021-02-23,224.4814002521013,224.4814002521013,219.83686027182569,221.5992431640625,2318400
2021-02-24,221.7647105091276,222.06055988849954,216.38211870209904,216.96746826171875,2742000
2021-02-25,215.8826179770909,217.68318340580686,213.3153869482648,214.14886474609375,2021100
2021-02-26,215.47869771979094,220.3068792671463,215.434056539973,216.9615936279297,2456100
2021-03-01,218.44770462000614,224.40798913111436,218.44770462000614,221.2667999267578,1862400
2021-03-02,220.4280381790023,222.2011307879295,218.2563135935234,219.9401092529297,1482600
2021-03-03,220.33558747006614,221.2954750590808,214.56665634493328,214.68783569335938,1626900
2021-03-04,214.0212957647506,215.6221884406645,208.62229747768578,210.3347930908203,2100900
2021-03-05,211.588083743057,215.86455666595793,209.58857360723084,215.4786834716797,2087100
2021-03-08,216.31103783023443,224.09542008257912,215.89964702930027,219.439453125,1971600
2021-03-09,221.1424175896712,227.25896068636558,220.83627949394483,225.1573944091797,2317800
2021-03-10,226.44893332732903,229.4944458243723,224.7523786527779,225.176513671875,1690800
2021-03-11,224.98515797792018,227.07396512105686,224.28357033334626,224.50680541992188,1447200
2021-03-12,223.8371017895572,226.6243141983365,223.25670807802965,225.82386779785156,1228200
2021-03-15,225.82387990847306,228.64297485351562,224.6503190310235,228.64297485351562,818100
2021-03-16,228.815169220928,229.86435372883108,226.80290016515593,228.66847229003906,1269600
2021-03-17,228.89810630044713,229.18192379209287,225.96739362658093,227.1728515625,1074600
2021-03-18,226.05029437021318,228.42929847993028,222.8485232377566,226.46168518066406,1385100
2021-03-19,225.945045954486,227.70219746872877,225.08082019020742,225.22433471679688,2829900
2021-03-22,225.26577267428058,230.215118324059,224.93410247361646,229.6857452392578,1058400
2021-03-23,230.2629565427329,235.4132166729652,230.09712144236659,231.50347900390625,1797600
2021-03-24,230.14818758375387,233.6337761760255,230.14818758375387,230.93267822265625,1266600
2021-03-25,230.6647961711268,236.3795093913411,229.65387346352404,235.73533630371094,1431000
2021-03-26,235.77996429594438,242.3652823238269,235.08475607339392,242.05276489257812,1691400
2021-03-29,242.04638392663676,244.91649915106328,239.62910365430633,241.18853759765625,1092600
2021-03-30,240.2733371476285,240.410457699423,236.67931303497485,237.9708709716797,1084500
2021-03-31,237.97723562860915,239.07424376950635,235.33991693667687,235.3526611328125,1321500
2021-04-01,235.67475036530007,239.92252369709985,234.0770544676479,238.93711853027344,1474800
2021-04-05,240.79314098461575,245.39489079202718,239.3772213357576,244.82086181640625,1371100
2021-04-06,244.02677954858171,248.34149974354725,243.31881251145552,247.73880004882812,1908800
2021-04-07,247.71014709159977,248.4467996558822,239.52073752828036,240.80271911621094,1742700
2021-04-08,240.821804287453,243.93109580238507,240.23821360380086,242.50559997558594,1235900
2021-04-09,243.19446896242115,244.3329505331377,241.80724928477227,244.23727416992188,1554200
2021-04-12,244.65818667628005,247.95881629148926,243.99805783360603,246.44723510742188,1016500
2021-04-13,246.44724872354516,247.1647775751104,245.16526734564073,246.26547241210938,694000
2021-04-14,245.8732474753001,246.38987648154273,243.74936066777713,244.00767517089844,890600
2021-04-15,244.79215261112557,247.13609200819334,244.7634526232414,246.00718688964844,1181200
2021-04-16,247.58575144065617,257.6598562142524,247.38482232360286,255.36376953125,2133400
2021-04-19,254.27310630055422,256.2821930551766,251.3934143123846,254.1009063720703,1157300
2021-04-20,254.73229332737432,258.0807609678232,253.6703355507451,255.6698455810547,1056900
2021-04-21,257.0092870288727,259.82197332587424,256.72225796438215,259.22882080078125,1168400
2021-04-22,259.1809679372817,260.4438256071743,256.3969527453317,258.05206298828125,1053700
2021-04-23,259.343540416942,262.55808392632696,257.46840706765136,262.06060791015625,1108900
2021-04-26,262.3763731296322,263.0939019531408,257.3536713650723,257.87030029296875,1230400
2021-04-27,253.9861412498951,258.66441512654546,251.49870155526546,257.822509765625,1538800
2021-04-28,258.76009461205405,259.73592354868214,256.49270762648916,257.3154602050781,1290000
2021-04-29,259.0757552173531,262.30942344898705,258.37737911040915,261.6014709472656,1686000
2021-04-30,260.80742038528103,262.7399837959491,259.7550679019882,262.01287841796875,1279200
2021-05-03,263.0938840209058,267.36078029223876,262.67293147076674,265.8778991699219,1094300
2021-05-04,264.5385616890285,271.3215979892182,264.0889090814347,271.2259216308594,1644400
2021-05-05,272.5078689521832,272.9096979284321,268.3079488720858,271.0154113769531,1059200
2021-05-06,271.61818440620107,273.9525474949713,271.30245533145853,273.03411865234375,1065400
2021-05-07,272.412217892055,275.3110333587518,270.7571366510456,274.79443359375,887800
2021-05-10,276.2103846026011,280.362482185442,275.58853198422634,276.1529846191406,1497500
2021-05-11,274.91881162270664,275.52154061257426,270.92936700763744,273.4646301269531,1244300
2021-05-12,272.1825837038704,274.4212699924633,267.6382347668111,267.7243347167969,1869900
2021-05-13,268.87243975573716,274.59351821232093,268.0496580949989,273.4359130859375,1059300
2021-05-14,274.90919301819025,276.7652030905484,273.22538284211595,273.7037353515625,980400
2021-05-17,274.0290502270554,275.12925531478595,270.62318221484503,271.92431640625,1268700
2021-05-18,271.92429180326224,274.0673018113009,270.59445774541285,270.9101867675781,1034700
2021-05-19,268.4610088633707,269.9630429041572,265.2082173048809,269.0924377441406,1035600
2021-05-20,268.7665267295388,273.6360977513068,268.41185699267595,270.8849792480469,1029100
2021-05-21,272.1886912247019,275.44785603918103,271.1246526486453,271.40264892578125,1438400
2021-05-24,272.08327358719237,273.8566519809886,270.9905078805848,273.1664733886719,923300
2021-05-25,273.67447353463746,274.80559043242783,272.78300153486333,273.7607421875,835200
2021-05-26,274.20167718747325,275.1986081417695,273.31020519882264,273.8086853027344,960900
2021-05-27,274.30708755075494,276.4255398564459,273.7510951108311,273.9332275390625,2675800
2021-05-28,274.7384223643072,274.9972575194473,271.6422296857325,271.7860107421875,1444600
2021-06-01,274.05788484340786,276.6844126774001,270.9520964925777,271.1246337890625,1201600
2021-06-02,273.19518098692555,273.7415783697459,269.83055729153676,270.71246337890625,1304100
2021-06-03,269.14041421677007,271.2780574979367,266.6097789982368,270.8658752441406,1008100
2021-06-04,271.8915344484911,272.5529274657229,269.7730524492035,271.4697570800781,1049100
2021-06-07,271.2971634720708,272.4283095310659,268.824041197948,269.1787109375,849500
2021-06-08,270.2619069151819,270.5015517904877,267.1944408098574,269.36083984375,926100
2021-06-09,267.93258515454875,268.84321819455363,264.67339121150457,265.4881896972656,1879800
2021-06-10,270.27153805596544,270.7603937742799,264.97059387856024,266.3509216308594,1206800
2021-06-11,266.3509177204083,267.25198489858144,263.6573113431655,265.2773132324219,1151900
2021-06-14,264.61590272006066,265.7182927288785,260.2543769803651,262.4207763671875,1150000
2021-06-15,263.532714979447,263.532714979447,259.8900949683969,260.369384765625,1325600
2021-06-16,260.97327023775813,261.471721049092,256.4296127451599,257.35943603515625,1251600
2021-06-17,258.47139024578047,258.8260599799751,254.71374573678696,258.078369140625,1302400
2021-06-18,255.8065632200924,258.84527372306263,255.08762844925246,257.052734375,2048600
2021-06-21,258.8164834252455,263.13009148233294,258.01128009834576,261.7880859375,1041800
2021-06-22,262.10439197780767,263.7723402403826,260.72403512427525,262.1331481933594,672600
2021-06-23,262.1715093656815,263.1876013578587,259.9859491414761,260.1297302246094,591300
2021-06-24,261.8742939020375,261.8742939020375,258.02081546197246,258.8930969238281,892900
2021-06-25,258.6246639762198,262.70822084804445,258.61509807633234,262.64111328125,1840600
2021-06-28,262.40153243235505,262.40153243235505,259.0465043170734,261.20330810546875,936400
2021-06-29,261.93179565148563,264.16527256536443,260.8869477172231,261.48126220703125,647700
2021-06-30,261.3854936611919,262.01815974477864,259.89970689532646,261.1650390625,971900
2021-07-01,262.3440570928905,264.1174351980919,259.5833431728948,263.935302734375,790300
2021-07-02,264.2132725707206,264.52959093453507,262.6124319323208,263.82025146484375,549200
2021-07-06,263.60940880923647,263.82029750642505,258.4426503548811,262.1715393066406,686100
2021-07-07,261.68268125712075,266.1592616409916,261.35676764673366,265.91961669921875,674400
2021-07-08,263.3217704141834,263.74354768651324,259.91879602395494,261.7784423828125,1166500
2021-07-09,264.30920542934956,265.2581900222652,262.12364476593046,264.7789001464844,698300
2021-07-12,265.1431712888716,267.58753801069525,263.73405785121724,266.4564208984375,731600
2021-07-13,265.28693911257227,267.06031745599137,265.0281331178802,266.5330810546875,1217900
2021-07-14,267.2424461326275,268.03805442213246,263.75320193881953,265.45947265625,681200
2021-07-15,265.00886051345105,268.38307882276916,265.00886051345105,267.5586853027344,824000
2021-07-16,268.5940106927672,272.1119813782376,268.35436579716463,270.71246337890625,1032800
2021-07-19,269.3032824196685,272.40907012359946,266.83013133774426,271.2108459472656,2059700
2021-07-20,265.0280629532732,271.12461435358097,264.45290941936094,269.59088134765625,1661000
2021-07-21,270.5398882876962,271.1054466519015,267.44366613770103,270.15643310546875,1203500
2021-07-22,270.15652372406885,272.0928735818484,269.48553543714763,269.88812255859375,716300
2021-07-23,270.66451255060343,274.5755335667213,270.3385990081814,274.125,1092900
2021-07-26,273.9237050623599,274.86309431108265,271.63268586695085,273.6553039550781,1344200
2021-07-27,271.2684587767347,276.7132136820322,267.85591739967447,275.80255126953125,1709200
2021-07-28,275.8504594833576,277.3554365772595,274.2784040456327,275.6300048828125,1103100
2021-07-29,277.13492047190533,277.74842542739793,275.22735652293704,277.4033508300781,964400
2021-07-30,277.537533519578,279.5984736833891,276.8952723551308,278.97540283203125,1219300
2021-08-02,280.27905362819166,281.0459054709161,278.5823493145417,279.4930114746094,879600
2021-08-03,279.3588132084783,283.8257971336446,278.9562262054322,283.7203674316406,863000
2021-08-04,283.0494205659187,285.37876228124907,282.35924199246546,283.9600830078125,920900
2021-08-05,284.9761859835937,286.6057540288619,282.3592526988697,283.4136962890625,956700
2021-08-06,283.3081727540386,285.9155102859419,283.3081727540386,284.65020751953125,709500
2021-08-09,284.8323195610111,285.5129027980338,283.451962775189,285.09112548828125,862000
2021-08-10,285.37869579892316,285.75255584698397,283.53823953415827,283.806640625,622900
2021-08-11,285.0144747913524,290.4783905040599,284.77482987857627,289.807373046875,1151500
2021-08-12,289.06924779906217,291.73409778752097,287.1424935354928,291.13018798828125,1325300
2021-08-13,291.1301783969538,294.6002315855687,291.1301783969538,292.9994201660156,911100
2021-08-16,292.6927060708423,296.028573775568,291.0343527493196,295.0124816894531,853700
2021-08-17,293.35410939592435,293.76629159686456,289.9703246290716,292.29010009765625,869900
2021-08-18,292.29009346934,292.9514864551262,288.4174238405489,288.63787841796875,850300
2021-08-19,286.87094572072454,291.52857102864243,286.12188644594033,290.6354675292969,707500
2021-08-20,291.51889794129033,296.3205664794023,291.15396644326444,294.88006591796875,860200
2021-08-23,295.264239964665,297.68430004490267,292.4984737627155,292.6329345703125,686800
2021-08-24,292.93055382762316,292.9401665417822,290.5969502372802,291.0867004394531,555900
2021-08-25,289.0219318482023,291.55722609149996,287.68708366191345,290.72174072265625,920900
2021-08-26,291.35565818700206,291.35565818700206,287.52390675737047,290.2800598144531,673000
2021-08-27,291.41321101136555,292.7672554501817,290.52007858694833,290.856201171875,682200
2021-08-30,292.49853055747906,295.3027188642435,291.8070888727337,293.1995849609375,615100
2021-08-31,292.9017118363719,293.1994128710512,290.6065007483674,291.6244812011719,963100
2021-09-01,290.61615942363204,294.6015381404639,290.03995338223376,293.7756652832031,681900
2021-09-02,294.47670175068214,296.54141307724103,293.4395250768674,296.4549865722656,824600
2021-09-03,294.83205833840975,298.1163831773729,293.64122462272803,295.2353820800781,786800
2021-09-07,290.35689947947503,292.95939559532746,288.19614865876844,290.82745361328125,938600
2021-09-08,286.832471984378,287.50471731947135,282.4341563877782,284.9214172363281,1688300
2021-09-09,282.52054815963226,287.4470642870538,281.7138714409691,285.5071716308594,1708800
2021-09-10,285.46884961289965,292.0183041961562,284.2684323004684,288.71478271484375,1200200
2021-09-13,291.528543938778,292.757770052586,288.7723905723768,290.0880432128906,1190200
2021-09-14,290.0783895629975,290.5105514426055,286.0545890919259,287.00531005859375,1067200
2021-09-15,288.5226201882709,288.6954731972214,284.988599683471,287.5334777832031,606500
2021-09-16,287.05328875954564,287.37979863128623,284.575611928319,286.1985778808594,643400
2021-09-17,284.6525132776101,285.257528192944,281.39696799302635,282.0884094238281,1862100
2021-09-20,277.5555854857003,281.7042333569703,276.7105165996743,280.1965026855469,1101600
2021-09-21,281.83873390756696,282.0980134459809,278.1702522819969,278.84246826171875,802700
2021-09-22,280.28292783184276,282.6261439714941,278.9576921886117,280.40777587890625,812600
2021-09-23,281.7042484441606,283.9034205452431,280.73430215146715,282.5781555175781,854100
2021-09-24,281.34894504022543,282.1844306100482,279.5243170027765,280.225341796875,746700
2021-09-27,278.4679714343807,279.80282007257404,276.0479409977148,276.2015686035156,783700
2021-09-28,274.39606398762317,275.0970885902591,267.64492157798264,268.5284118652344,1619700
2021-09-29,262.61282814905815,274.136831792225,261.2203619597429,271.06378173828125,2580900
2021-09-30,272.06255520108795,272.92687907113395,267.71224423724146,268.6341857910156,1670800
2021-10-01,269.6424295274756,278.20861694299225,269.1238412496375,273.73345947265625,1797800
2021-10-04,273.67593168471035,277.53646293695925,272.45628902531945,273.9736328125,1483500
2021-10-05,274.7803297263763,281.2721959433175,273.73356934467915,279.7836608886719,1571300
2021-10-06,278.2279377410789,282.34777836414986,276.5377407045237,282.2037048339844,1409100
2021-10-07,284.5565051552273,287.89847732062987,281.3586065050801,282.0980529785156,1426300
2021-10-08,282.09801608373976,283.1639723920216,276.61451902388393,278.4871520996094,1171400
2021-10-11,277.53635120968863,280.878321975485,276.8352972806627,276.8545227050781,855200
2021-10-12,277.7285880389428,281.69474260560463,276.8450679162721,280.2830505371094,1237700
2021-10-13,281.85790259383623,281.85790259383623,275.22199411302574,278.4391174316406,838100
2021-10-14,277.2963639363728,280.7631546267688,273.7239212962348,280.62872314453125,1079300
2021-10-15,282.37654114815575,285.4495915322743,280.32141287692986,284.6333312988281,1058700
2021-10-18,283.11598096749816,285.59365837109044,282.5878091455926,285.55523681640625,757200
2021-10-19,287.005314388944,287.005314388944,284.28758292370907,286.4483337402344,656900
2021-10-20,287.44706585817437,289.9535225362501,285.5552074565582,289.905517578125,847100
2021-10-21,289.91521897873383,294.7648935151488,288.6475711802465,294.6112365722656,970600
2021-10-22,294.61117644277215,296.21494664479894,294.0925880297673,294.45751953125,653600
2021-10-25,295.78279508971656,298.4237129030176,294.57276518609024,297.4345703125,1052900
2021-10-26,297.4249462692156,306.20241047997445,290.03997766616965,303.4846496582031,1931600
2021-10-27,305.00198503276584,308.91055017485854,303.7631463698278,304.79071044921875,1365400
2021-10-28,304.11843945055205,310.9752354678489,302.0249192222281,308.6704406738281,1152000
2021-10-29,308.56478816070046,310.66792109941554,302.1209578795754,304.05120849609375,1524700
2021-11-01,304.0608023157525,305.414876130991,297.7514038916797,297.7898254394531,1284000
2021-11-02,298.9807344494215,301.7273045903423,298.5870233482005,300.3828430175781,994800
2021-11-03,301.7560730728052,302.43790183153254,297.96274302521795,301.79449462890625,1281600
2021-11-04,300.58443610203,306.2600115593338,300.53643114176964,305.95269775390625,1040900
2021-11-05,306.26962150618374,309.544333472664,304.72346908520257,306.375244140625,1098500
2021-11-08,307.61410129990907,309.6884256322376,306.74980682153694,308.0750427246094,765200
2021-11-09,307.9021685881886,311.7627285978235,306.6921388171619,311.19610595703125,781000
2021-11-10,310.4854951133221,312.76148135851315,310.4854951133221,311.7339172363281,973200
2021-11-11,311.100083930595,313.17437873297354,310.1877552804772,313.0687561035156,620600
2021-11-12,314.077120241762,318.35061686671764,313.0687815944192,318.25457763671875,1212700
2021-11-15,317.17902995399635,319.7911389277305,314.85500938259827,319.6470947265625,852200
2021-11-16,320.156033143363,326.58066753051804,319.67586632403635,325.2073974609375,1334500
2021-11-17,324.6216762731517,326.9456972723281,319.75277622804174,319.9448547363281,1131600
2021-11-18,320.68542212908784,322.7150625791498,317.79965737926295,318.14593505859375,1126100
2021-11-19,319.2810284973391,322.0224815566875,316.7800264810489,319.59844970703125,1355800
2021-11-22,320.02171230717835,322.7343383734642,317.2128882059248,317.2513732910156,971800
2021-11-23,316.4722867692611,318.63661091889884,313.67309067973315,315.019775390625,1024700
2021-11-24,314.5484218861337,316.0490175136625,313.8173519399705,315.5295715332031,907200
2021-11-26,311.5857350465561,316.21257674431655,310.700754038128,310.98931884765625,1030600
2021-11-29,312.95162551329565,322.49390239983916,311.2874902811647,321.55120849609375,1629500
2021-11-30,320.2622318527237,324.6774491909508,316.85702061628206,318.626953125,2644800
2021-12-01,320.7045902170782,326.7358562075837,318.2324451635172,318.347900390625,1813400
2021-12-02,319.09827134282415,329.8621766788472,318.1652061920213,326.7359313964844,1482400
2021-12-03,327.2073041973739,333.825330497744,324.06183066021623,329.36199951171875,1794700
2021-12-06,332.1515473443239,332.23814612915913,326.8994631439088,328.1403503417969,1123600
2021-12-07,331.49746426652337,332.65178209298745,328.1018817095597,328.7559814453125,1261500
2021-12-08,329.45817967311007,330.9780030307935,326.16839456841234,329.1888427734375,841200
2021-12-09,330.7952887169087,334.08504470278285,330.054590172876,330.7760314941406,668300
2021-12-10,333.21928016196915,334.86415795337393,330.6990501520164,333.2673645019531,659700
2021-12-13,333.56555923753325,335.2777785963858,330.12189265485915,332.82489013671875,1007900
2021-12-14,333.16160859592634,333.16160859592634,327.11111248511645,329.70831298828125,918800
2021-12-15,325.88943812341535,332.5363201272481,325.22570984848943,332.4786071777344,1413500
2021-12-16,334.22933139145505,336.4032839945727,332.3824580243741,334.9892578125,944500
2021-12-17,333.4598087153841,333.4598087153841,325.78366232140513,327.4766540527344,2325600
2021-12-20,324.75434377292993,325.1295072950729,316.4722127221272,322.907470703125,1153600
2021-12-21,323.95595197163817,326.37998381094326,319.8774138229771,321.7531433105469,1045100
2021-12-22,321.28187161985073,326.2934758288655,320.96445035174617,325.8221435546875,454100
2021-12-23,325.6296793897306,329.10223152316644,324.89863895809935,325.4950256347656,785600
2021-12-27,326.3415325419964,333.3346920302726,326.3415325419964,332.3919982910156,842000
2021-12-28,334.4601868276185,336.3551737508133,332.90184901500254,335.1335144042969,601200
2021-12-29,334.5274787548558,338.95232417763185,334.5082508900092,337.98077392578125,484700
2021-12-30,338.64454048748377,340.66458203443636,336.4513600707837,337.0188903808594,410700
2021-12-31,336.25899240692297,339.8180852602914,335.9415417910725,338.7503662109375,852100
2022-01-03,335.2104495812441,337.04772335905807,322.59001353643526,326.20684814453125,1484100
2022-01-04,321.5896558813761,324.8216985629484,319.74275338082094,322.93634033203125,1707700
2022-01-05,323.71549725308284,329.5255123382894,321.2722080006269,323.5423583984375,1182500
2022-01-06,323.0710510401696,324.61976044802043,320.1756862998368,320.858642578125,947100
2022-01-07,320.3198528637681,320.49299168485766,310.4024447526734,310.9122619628906,1325500
2022-01-10,310.0273970085289,311.1432298645796,304.9965645774289,310.98931884765625,1603700
2022-01-11,311.1047227069569,312.30712480713055,305.9584358471097,312.1435852050781,1063600
2022-01-12,312.9612257951474,313.5960976293201,307.1415819929911,309.3443908691406,1191400
2022-01-13,309.9695867423227,312.1435388100808,304.58284961861057,305.3042907714844,1064300
2022-01-14,298.426605591743,301.51439566178203,292.42422303892204,296.7143859863281,2622700
2022-01-18,289.259463945547,295.2618752687793,286.44104043171615,294.5596618652344,2738200
2022-01-19,294.98293984621444,297.42622941403533,292.0106050357403,292.22222900390625,1859800
2022-01-20,293.693977755792,295.8583018554204,285.450300695437,286.3256530761719,1501300
2022-01-21,286.3256327917758,290.35608728910415,281.61222206871696,281.69879150390625,2124900
2022-01-24,276.31201528475594,288.23023953860246,274.0514933617137,287.1528625488281,2987300
2022-01-25,283.29559519310686,287.5665302805018,279.45750729702155,283.05511474609375,2908000
2022-01-26,283.76692409499094,288.5669043664236,280.61182184198617,281.60260009765625,3524100
2022-01-27,279.22660828604484,283.7091665836996,269.15528769247385,272.3873596191406,3374500
2022-01-28,271.6275026820027,276.88921649160375,263.3549687187097,276.74493408203125,2316800
2022-01-31,276.0715825767227,277.8992282975887,272.41629113499056,275.6002502441406,2498700
2022-02-01,277.7356619593439,283.0935434978992,273.84949008648505,281.92962646484375,2221000
2022-02-02,282.51640623021416,284.48833391156916,279.1208239092267,283.11279296875,1190100
2022-02-03,280.4097976484371,282.8819140498282,276.4562842883841,276.8699035644531,998800
2022-02-04,275.1288200118536,275.20579018301333,269.9248203580224,271.002197265625,1459700
2022-02-07,271.4062228264576,271.9160401927638,268.5877990722656,268.5877990722656,1474900
2022-02-08,269.4342491302459,270.2999727091003,267.3949800116722,269.0206298828125,1125900
2022-02-09,272.22384178644637,277.51441114978724,272.18535669880356,275.70599365234375,1086400
2022-02-10,272.3969668096148,274.55169127534083,267.90480912658336,269.2707214355469,1215200
2022-02-11,268.3184556872223,269.2707488273528,261.83511247647454,262.7008361816406,1265100
2022-02-14,263.12401948017805,264.1917382713737,258.9300264091526,260.1805419921875,1074700
2022-02-15,264.2783709529896,264.5765643456394,259.94972309843473,261.2290954589844,1166900
2022-02-16,261.50801976379074,262.65270893738796,256.71766847630334,262.24871826171875,924000
2022-02-17,260.92125138400905,262.6623272475677,256.3136383934796,257.0447082519531,946100
2022-02-18,257.49683076764103,261.15212160675014,256.2174584250877,257.86236572265625,1317400
2022-02-22,255.7364846908288,256.5637526035292,249.26277054825053,251.6194610595703,2088600
2022-02-23,252.8892020530195,254.0435198032493,249.28199577795115,249.52247619628906,2101400
2022-02-24,243.86638809383118,249.69561644055239,241.85596063025028,249.0800018310547,2010200
2022-02-25,250.24659727608855,257.805603769663,249.87059185775243,257.68988037109375,1423800
2022-02-28,255.2410350410423,257.2368156503862,251.48080300530964,253.69837951660156,2315000
2022-03-01,252.14599568200612,254.01646015035823,244.84734446287172,246.37071228027344,2311200
2022-03-02,246.87203621895029,251.8181592871423,246.41889660971952,250.892578125,1449300
2022-03-03,253.39943504279606,254.46963386006013,247.03600086235818,248.790771484375,997900
2022-03-04,246.30323335333452,249.47529928455054,244.4327688521458,249.224609375,1643700
2022-03-07,248.22192753920496,249.23427938036062,234.19344270903008,234.2416534423828,2197700
2022-03-08,233.75957338051956,239.18777530298627,227.73359956316315,231.25277709960938,2049100
2022-03-09,233.30640826618995,235.77464467461695,229.47870869610838,233.0460968017578,1887100
2022-03-10,229.83545306663532,230.85745581073581,227.39614018893155,229.0352020263672,1672300
2022-03-11,229.47873020807984,230.55859477188324,224.95685159710305,225.2171630859375,1269900
2022-03-14,226.44166490539558,231.07925262798904,225.04364173323168,229.1123809814453,1340700
2022-03-15,231.1370249591108,235.71676419960025,230.69352160814003,233.74989318847656,1757500
2022-03-16,236.19889177700554,240.65330172816573,231.06959039717168,235.6204071044922,1651100
2022-03-17,233.81744244136465,238.65750918755583,232.83401401409492,238.6478729248047,1409000
2022-03-18,239.2359753949985,243.5746763505155,236.10246914934734,242.51409912109375,2068300
2022-03-21,242.19590614797514,242.8515396666929,235.38896933715017,237.00875854492188,1135900
2022-03-22,242.4755430363805,243.1118746718226,239.640922681944,241.20285034179688,1400300
2022-03-23,239.51557487034285,240.80754007266026,237.95364722908897,238.76353454589844,1276500
2022-03-24,239.55415532178068,241.04858503469342,237.76082495443552,240.97145080566406,1369800
2022-03-25,240.35436605740776,241.80059959584062,235.69750701008044,236.42062377929688,1143300
2022-03-28,236.73883627022272,241.63675007090052,235.3601003771053,241.5981903076172,1282100
2022-03-29,249.76456859000166,254.95173192483134,247.13244187250723,250.0538330078125,1904000
2022-03-30,247.78799576365202,248.85819438462747,243.1504095587026,243.94100952148438,1157500
2022-03-31,244.3652645638543,246.3417867344259,240.67254638671875,240.67254638671875,1816700
2022-04-01,242.35018931112842,246.21644856283314,240.691840248268,246.06219482421875,1378300
2022-04-04,244.72203409726427,249.79347363609926,243.27580038615653,249.7549285888672,1587500
2022-04-05,249.02215253809425,252.9076991367062,247.54699537841526,248.7232666015625,1603300
2022-04-06,246.73710440687483,254.1996605838061,245.18481304269687,253.2162322998047,1671300
2022-04-07,251.89540197937362,254.7396444800273,249.0704025821744,254.37326049804688,1559400
2022-04-08,255.5013454414774,257.207891005288,252.994533903348,254.30580139160156,1131300
2022-04-11,252.685927417481,254.98062282302192,251.38434068670819,251.74107360839844,995900
2022-04-12,253.56331733045042,255.69412277388383,246.6696094381107,247.73983764648438,857600
2022-04-13,246.5732198059105,250.41055592960626,245.1173350719967,249.1378631591797,1282300
2022-04-14,250.52623493803037,251.8953490953025,243.6903739724753,243.83499145507812,1246800
2022-04-18,240.80753757503086,243.52646388278302,236.58454534583942,237.34622192382812,1389300
2022-04-19,237.8090194273681,244.75095287634187,237.8090194273681,243.2082977294922,1275500
2022-04-20,245.88863771119404,249.3981787355331,242.02237848194721,244.01817321777344,1705500
2022-04-21,247.19991038532083,249.16676695826058,242.3212698629091,242.5912322998047,1408400
2022-04-22,242.14770786057477,242.14770786057477,235.87105929866007,236.14102172851562,1426500
2022-04-25,236.34348871894693,239.44807121403585,232.0722713671197,239.12989807128906,1738500
2022-04-26,259.1458448966898,266.049205291465,256.7740294083345,261.64300537109375,5011900
2022-04-27,262.96380647444306,273.81055769818283,262.6842225168476,269.3658142089844,3950200
2022-04-28,272.8561103393091,274.4951870825596,266.35770921183035,271.2266845703125,2367100
2022-04-29,269.9925556803007,274.7844113284858,264.0822757393731,265.1042785644531,3099500
2022-05-02,263.9858337648865,268.22814262287824,256.37866016358026,259.1457824707031,2870700
2022-05-03,258.86619877554784,261.3633589350274,256.3883405645373,259.71466064453125,2007000
2022-05-04,260.74628406679903,273.00069544275823,260.5245176511868,272.4029235839844,2059100
2022-05-05,270.0696555242692,272.04619248439565,263.80264309090484,267.02294921875,2130000
2022-05-06,265.8852805970422,265.8852805970422,258.5287952800413,263.5809631347656,1758600
2022-05-09,260.31238842181955,270.7734836674087,259.8592340651851,267.0422058105469,2280300
2022-05-10,268.6813079895583,269.96362224881227,255.6748263238122,256.8221740722656,2208700
2022-05-11,255.84831524368622,261.7393212450649,254.3249623459754,255.18307495117188,1376500
2022-05-12,253.01380643556092,265.2489178436789,251.64469209916666,264.6993713378906,2637500
2022-05-13,265.7791529754298,267.94850321213556,260.7944552628841,263.53265380859375,1501600
2022-05-16,260.9198883811569,264.8632828354345,255.809873421752,261.64300537109375,1278700
2022-05-17,265.4320921752501,266.5408949351935,257.1018009805422,259.6086120605469,1603800
2022-05-18,256.8511078023452,258.3744904944285,248.81005169298552,250.3527069091797,1526900
2022-05-19,249.07700344736614,254.4694686781575,246.58373368441627,250.6522216796875,1690300
2022-05-20,251.7539979391454,253.49348627408207,241.77118344580757,249.28004455566406,2576100
2022-05-23,251.8505757635431,253.00058081658776,248.7194854298599,250.5556182861328,1290300
2022-05-24,250.67161844382724,251.2804186473565,245.65604319732688,248.99008178710938,1450700
2022-05-25,248.56487532034433,256.5375835724302,247.1636143949201,256.2090148925781,1420800
2022-05-26,261.18589309519115,265.0514483356878,257.44597311870604,262.8287658691406,1363900
2022-05-27,264.88717912921385,267.0905444397491,263.3506244579579,267.0615539550781,1180100
2022-05-31,263.5438101977686,263.5438101977686,256.0929628202231,259.0307922363281,4118300
2022-06-01,261.0409346695266,261.0409346695266,254.5757913191113,256.34429931640625,1202100
2022-06-02,257.5909130651749,260.7026860627266,256.1606765702476,260.4320983886719,2271600
2022-06-03,257.83251566431477,264.2396780181928,257.4556393744753,259.8426208496094,1395800
2022-06-06,259.948952235934,266.61705953344,259.1661795517659,265.78594970703125,1220000
2022-06-07,262.98342830471114,268.95570490638477,262.3262909001972,267.9120178222656,1293200
2022-06-08,265.7762602571902,266.5010519201808,257.9581777247527,259.06951904296875,1154600
2022-06-09,258.31574207797615,264.6456070902549,253.06825741064122,253.18421936035156,1593100
2022-06-10,249.45392685039627,249.61819641857446,238.91062229848674,239.10389709472656,1513800
2022-06-13,233.3345510455732,237.00683109221072,228.67656513194592,229.86521911621094,1635600
2022-06-14,228.95685781631414,231.16022334209214,219.31230066429112,221.7669219970703,1539000
2022-06-15,223.93155631871483,225.6613853375831,216.85758504415296,221.29331970214844,1580200
2022-06-16,215.7849285150669,216.29712809748972,208.8559232355674,211.59080505371094,1553000
2022-06-17,211.2139222809025,218.6744445908047,207.0197986560389,215.30174255371094,2627900
2022-06-21,214.24836313700393,216.6256857306309,209.92860464381985,212.75045776367188,2509400
2022-06-22,207.89922545674193,216.03621731254776,207.78324877452184,213.76519775390625,2370500
2022-06-23,214.59627961607302,217.7467163219484,213.0790569736695,217.33116149902344,2481900
2022-06-24,219.3702494853252,223.87362466576334,218.40386072107265,223.47740173339844,2744300
2022-06-27,222.6173283484326,223.43876474078868,218.5778154277703,219.52488708496094,1633400
2022-06-28,221.3900327736303,223.59339831792005,215.32111157326386,215.80430603027344,1143300
2022-06-29,214.847571771016,218.71312709114864,213.6589028930104,217.83370971679688,1266800
2022-06-30,216.47111147577314,218.01733959896978,211.26227594572433,216.38414001464844,1548400
2022-07-01,217.43742699564797,227.57484834499823,216.83827080439858,227.32357788085938,2295800
2022-07-05,225.16859881881865,234.503918514878,223.206830661144,234.08836364746094,2331100
2022-07-06,234.67785256659042,238.73668257591174,232.29087105179528,234.5812225341797,1817700
2022-07-07,232.69675385476975,237.49970739502578,231.16987251936706,231.44046020507812,1528300
2022-07-08,230.4837251104964,231.60473963957307,228.22237889371672,230.28077697753906,923500
2022-07-11,228.29969329039469,235.4799549293567,228.0774132514042,233.8274383544922,1214200
2022-07-12,236.84259097859618,243.70394325142888,235.42199813033503,238.27284240722656,1691000
2022-07-13,231.93329949391145,238.28248064559986,229.87488674220793,237.46104431152344,1308500
2022-07-14,234.12701343806788,236.91987641740428,232.49381404345976,236.2240753173828,1098300
2022-07-15,240.26357507252212,240.6887884973839,235.61524737477154,237.31610107421875,1109600
2022-07-18,237.8379540471743,238.7850109657669,233.93374968670454,235.07408142089844,1269600
2022-07-19,237.9345925947787,239.67408063554433,234.88080045213928,239.16189575195312,1034900
2022-07-20,239.90602883912982,242.09973562847105,237.9055968680473,241.14300537109375,1062800
2022-07-21,242.04173004097558,248.44887735286414,241.32659706563442,247.96568298339844,1087000
2022-07-22,249.95645176925908,254.39217272547995,248.2266075972759,250.3043670654297,1496900
2022-07-25,249.14468873398778,251.10645677552137,247.17326211319715,250.3043670654297,1194600
2022-07-26,248.36188545328937,248.6324730982341,244.0517855443774,245.7429656982422,1366300
2022-07-27,218.5874766446341,225.43916943472846,213.32066083589464,224.17320251464844,7253600
2022-07-28,223.07151094565967,237.35473510768102,222.76225947591612,234.87110900878906,2498400
2022-07-29,234.83249054918775,237.7703061649712,233.3635753683342,233.80812072753906,1974000
2022-08-01,232.30052838472628,235.54759511782743,230.80262289921467,234.91943359375,2162200
2022-08-02,235.8858290289506,237.12280546280874,231.40178576973432,235.42196655273438,1980000
2022-08-03,234.62953978790202,235.05475323650998,229.8266008231896,231.27618408203125,1887400
2022-08-04,231.51775587025114,236.53330100854038,231.51775587025114,234.91943359375,1016700
2022-08-05,231.94296219896205,232.72574948525377,227.80681946408197,229.1114501953125,1955100
2022-08-08,231.74003446925212,234.74550419181384,230.69633280799133,232.40684509277344,1518600
2022-08-09,231.42111933120376,232.12657900261533,224.37613695846383,224.5500946044922,2056700
2022-08-10,229.88458345211092,238.9106517365721,229.19844088310447,235.54762268066406,2464800
2022-08-11,237.9635745480297,239.0265933408412,233.97238423414643,235.78919982910156,1624800
2022-08-12,236.87156410478124,243.35603957093724,236.4366920852509,243.15309143066406,1479100
2022-08-15,243.67493048183618,249.58922523031063,242.8921579117055,248.69049072265625,1333600
2022-08-16,246.76735677134127,250.2173714570455,246.54507675658556,247.6564178466797,1369200
2022-08-17,243.8778924995781,245.59806348506248,241.6455365996475,243.01780700683594,1419500
2022-08-18,242.9596659615095,244.07367992800874,239.6951514049376,241.17726135253906,1262600
2022-08-19,240.22795365047003,241.08039972462691,236.49845218951347,236.9246826171875,939900
2022-08-22,233.93138778937043,236.87622953072173,232.9045532877169,233.88294982910156,1065400
2022-08-23,231.8680630320476,233.31143154276825,229.5334921780681,230.6281280517578,1241300
2022-08-24,230.80247685625352,235.0938259176351,229.69815935095818,232.03273010253906,1464200
2022-08-25,233.76668677920918,236.97308135502303,232.5461153417822,236.87620544433594,825300
2022-08-26,237.3315465595379,237.3315465595379,228.15795457737389,228.3226318359375,1184000
2022-08-29,226.5111421786664,228.97163388573048,224.38968663193376,226.6855010986328,1255700
2022-08-30,228.55511173999056,230.71530889779962,227.07300171902838,227.64453125,1343600
2022-08-31,230.47315474697962,230.5409708574044,224.79657086213982,224.8353271484375,1742500
2022-09-01,223.85688161832235,226.10427273503646,222.87849993008456,225.05807495117188,1575000
2022-09-02,227.88671324850745,228.865095091491,223.6244384456028,224.55438232421875,1199100
2022-09-06,225.22277494148506,225.46494996830384,220.73768871481985,221.2317352294922,1303000
2022-09-07,222.41355814715223,231.23841701739767,221.09612536496746,231.18028259277344,1434500
2022-09-08,229.33971637904713,233.58262694953524,228.11915974615627,233.2435760498047,1179700
2022-09-09,233.6504583499244,234.7741539998775,232.01335283564947,232.8270721435547,1318300
2022-09-12,234.35761013808386,237.15716764139654,233.4567261322132,235.3650665283203,1477800
2022-09-13,228.739132035777,229.33003961748125,223.05285307640358,223.6340789794922,1084200
2022-09-14,222.85913327885078,223.19818421208367,216.86287754675885,218.78091430664062,1360900
2022-09-15,218.9165233611836,222.6653877175105,216.53351480259818,216.8628692626953,1100000
2022-09-16,212.82344579321008,216.18483690360986,212.82344579321008,214.62522888183594,2410700
2022-09-19,213.947066603186,216.51411549887726,213.66615012790174,216.19444274902344,1159800
2022-09-20,213.11401389684283,213.6177420684231,210.2757298067333,211.9806365966797,1188000
2022-09-21,213.20117982000613,214.22799945678582,206.97244590424046,207.1468048095703,1197100
2022-09-22,205.09318295423824,205.84876783721612,201.17962633765475,201.53805541992188,2213900
2022-09-23,200.00750044744083,206.27499095160113,199.93968434898963,204.60882568359375,1610600
2022-09-26,204.44418188882992,205.67443529192946,200.36594750874332,202.45834350585938,1783300
2022-09-27,204.79289041368918,206.0522034920883,199.59096085786067,202.03208923339844,1538200
2022-09-28,205.05441743665216,207.4858639977774,201.66396729558696,206.4009246826172,1579500
2022-09-29,204.62818343617116,205.02533918328197,199.86218144014703,201.3345947265625,1100800
2022-09-30,201.88678491106018,204.15353952484688,198.16698019389375,198.34133911132812,1512200
2022-10-03,200.36592992766882,209.29734624573229,200.1818745392772,207.66993713378906,1606400
2022-10-04,210.45976814299235,214.47018577020134,209.89792033864455,212.63934326171875,1704400
2022-10-05,209.81074508226288,212.83309935862016,209.81074508226288,210.5663299560547,1363200
2022-10-06,210.49853254594862,213.58868819851926,209.0939203714684,209.98512268066406,1178100
2022-10-07,207.02090765319457,208.07678722888002,197.66326101411792,199.1647491455078,1198900
2022-10-10,198.7288108255405,200.98588373259832,193.97250477831054,199.3584747314453,1621700
2022-10-11,197.7988646141065,202.02239740284733,196.03582343669564,198.1088409423828,1228300
2022-10-12,199.60065007475288,199.9009447279947,194.78620959995476,195.20274353027344,1399100
2022-10-13,191.92855920670874,200.60810399092605,189.12901645551582,199.2422332763672,1797200
2022-10-14,200.25938633958506,202.69083327887154,195.1543469756545,195.38682556152344,1181000
2022-10-17,199.18413419621763,203.58204146563622,199.18413419621763,202.5745849609375,1304500
2022-10-18,208.299544324763,211.99028868526545,204.70567586953078,205.97467041015625,1270700
2022-10-19,203.4464340438393,204.68636920206634,198.89354574898758,200.75344848632812,1046500
2022-10-20,199.87188717145636,202.26457752630824,193.53658043762854,194.9218292236328,1704800
2022-10-21,193.2653369464237,201.4217893949938,192.78098693322224,201.31524658203125,2082600
2022-10-24,202.535795609143,208.22205981839065,201.00524785175804,205.8778076171875,2003700
2022-10-25,217.86065751778386,221.4158000707593,212.28094998281753,213.30776977539062,2812500
2022-10-26,212.5812276524998,215.49702432655255,208.63862604923324,213.9664764404297,2100300
2022-10-27,215.2451335378738,217.49252459623926,214.37330946454955,214.90609741210938,1755000
2022-10-28,214.88674284828184,220.4858281888486,214.6736276458777,219.14901733398438,1469300
2022-10-31,218.1512189606537,221.16387630217443,217.17283736298225,217.98654174804688,1666000
2022-11-01,219.93367226828485,220.46646029906768,214.49926391668234,217.74441528320312,2148900
2022-11-02,217.95751488479942,218.36436713884157,208.6870481567281,208.9776611328125,1777100
2022-11-03,205.75190114457476,213.06559006258664,205.2384912595548,210.39198303222656,1767600
2022-11-04,213.62743430778482,214.15054064521965,206.34280533394102,209.46202087402344,1774000
2022-11-07,210.7794314802764,215.09014356550898,208.95828551396494,214.4411163330078,1343100
2022-11-08,216.533552373032,221.13487827733456,214.80926721665185,218.36439514160156,1273800
2022-11-09,217.2309973433211,218.9165408379159,214.50895242833505,215.05142211914062,988200
2022-11-10,226.79205653705796,237.19590065039299,224.4865604127352,231.51931762695312,2699300
2022-11-11,230.08565745949133,234.79354065068375,228.73916487914983,229.81442260742188,1913100
2022-11-14,229.33004142461255,230.1824873663541,225.86209367955064,226.7532958984375,2775900
2022-11-15,231.51931027405698,235.93658010509048,230.4246744955002,233.05953979492188,1799200
2022-11-16,232.47833293803373,235.5587920367433,231.62587215445578,233.2726593017578,1539900
2022-11-17,231.25273801171508,231.78684199016848,224.97929825391967,230.26219177246094,1521100
2022-11-18,233.06875144974074,237.8175266678047,230.7380698624882,233.1075897216797,1394800
2022-11-21,233.55427609939528,236.92406247430313,231.8451108479068,232.35008239746094,1583000
2022-11-22,233.10756098332936,236.54533294153478,228.81521378481298,236.41908264160156,2046800
2022-11-23,236.55502684892716,242.83817203339936,234.66134653618187,242.7799072265625,1380500
2022-11-25,240.83767570585198,242.6536647284517,239.8082912370391,242.31378173828125,403900
2022-11-28,240.2258638496811,242.58569231217186,238.03113876815698,238.4681396484375,817000
2022-11-29,237.92436354232808,239.81804428853218,232.69002813712137,234.5934295654297,1239100
2022-11-30,230.65066090655594,242.38178999807286,229.79608554944997,241.98362731933594,2873600
2022-12-01,245.9943454621764,245.9943454621764,241.70199787624185,244.34344482421875,1061000
2022-12-02,241.20673428276405,252.19009655921437,239.55581881196233,250.30612182617188,1769300
2022-12-05,246.42161805624,249.09219716817955,245.61558694609954,246.2662353515625,1431600
2022-12-06,247.06256011744196,248.16963595441626,242.177829336764,246.13999938964844,1150600
2022-12-07,246.04288238450198,248.08223963698583,242.7702138091269,243.86756896972656,1285700
2022-12-08,244.25605132688494,247.22767548415223,242.66341547967775,247.10142517089844,1153900
2022-12-09,246.84891613074336,247.84916822501694,244.6736026927496,245.57675170898438,972700
2022-12-12,247.32476601049007,247.32476601049007,241.83794545687232,246.54788208007812,1402700
2022-12-13,254.31683368631585,257.9682532693087,247.66465776415032,251.384033203125,1312700
2022-12-14,246.6643953560462,251.45200820046085,241.45919334950918,241.49803161621094,1742900
2022-12-15,238.90515600784857,238.90515600784857,234.26320495063854,237.13772583007812,1324600
2022-12-16,235.02066424502513,236.50647614356748,231.62174542543747,233.525146484375,2295300
2022-12-19,232.74826656875658,234.63224123736808,230.30104067213978,231.2333221435547,1026100
2022-12-20,230.24275417075793,233.5445698703132,229.59210578368942,231.68972778320312,952800
2022-12-21,232.56375247006864,235.31202312761465,231.63148581266407,235.2149200439453,1046500
2022-12-22,232.27239300373685,234.55453013038556,230.85456659926962,234.3311767578125,934200
2022-12-23,233.7388081937981,237.17656548874913,231.94223078135545,235.66162109375,605000
2022-12-27,234.84591077455602,235.68107442288525,232.1753312362851,232.50550842285156,653300
2022-12-28,233.06873156783803,235.27317746965488,230.33988753996235,230.6215057373047,861100
2022-12-29,232.39864121498601,235.10807333831087,232.09759649419658,234.35060119628906,605200
2022-12-30,232.69973379175406,233.90392774067087,228.31998860133393,230.4758758544922,877700
2023-01-03,233.6320011646856,234.12726692371885,230.0679933088558,232.45693969726562,1006100
2023-01-04,235.40911959888456,238.02143384699195,233.72907192331266,237.12799072265625,790100
2023-01-05,232.874527505785,234.17582446189226,219.9586313961628,221.1725311279297,1601800
2023-01-06,222.83315530823836,230.3593337406845,221.52213765405128,228.99005126953125,1400000
2023-01-09,230.2525015290526,234.30206915897514,227.31000983523762,229.1939697265625,1047400
2023-01-10,227.18372863096647,229.05798240432128,225.90184360657304,227.339111328125,865800
2023-01-11,230.31074241765236,236.91435907775303,229.9028739381019,236.72012329101562,1459100
2023-01-12,237.1085978803452,239.44899999632835,231.66061557825955,236.7007293701172,1077600
2023-01-13,234.0689939139653,239.33246122029936,234.0689939139653,238.7789306640625,827100
2023-01-17,239.3713138846575,241.27470030742975,237.73011912684848,240.6434783935547,1379100
2023-01-18,242.2943756867845,242.7022442003484,237.04061432496482,237.21542358398438,1382100
2023-01-19,234.8264232612901,236.6715593540956,227.11573142544265,227.57215881347656,1435400
2023-01-20,229.20369146151648,239.19650733984014,227.88296798621883,238.2253875732422,1648400
2023-01-23,237.22511508715957,240.56576916911737,235.1857578246752,238.9342803955078,1110900
2023-01-24,239.41014613076717,242.527446987673,236.37053663052538,242.15841674804688,1133300
2023-01-25,238.4390047027926,242.1681005746662,237.63297362112397,239.95394897460938,1608800
2023-01-26,214.42326130158202,223.62947313549896,212.74322814574109,218.5602264404297,7703000
2023-01-27,218.59905783123148,223.98876049503275,218.59905783123148,221.939697265625,2871700
2023-01-30,223.81394980877403,226.13492520949669,223.1438748707306,224.2121124267578,2315700
2023-01-31,225.1443986085581,230.23307141781981,224.65883873501403,229.75721740722656,2244400
2023-02-01,229.32991620537746,237.40963939744154,228.23256099687455,236.19573974609375,1818100
2023-02-02,236.90467508184454,240.59493332963498,235.38002468301465,238.26425170898438,1678000
2023-02-03,234.7973229873506,235.9723843598675,233.15612830173689,234.74876403808594,1691900
2023-02-06,233.923328944007,237.1474387923559,232.51519345910776,236.01123046875,1342400
2023-02-07,234.06898373712193,235.38970714233733,227.70814663981167,231.5537872314453,2156600
2023-02-08,225.581367693695,230.7574369933233,224.7073659719125,228.7083740234375,1268400
2023-02-09,229.77661431400836,231.8645155736999,224.16354408527758,224.8238983154297,1228200
2023-02-10,223.52262385957076,225.55226051516698,222.28929766783588,223.83338928222656,1451800
2023-02-13,224.87245058809847,228.8928851104641,224.2120963775393,226.3485565185547,1575700
2023-02-14,225.251220703125,227.18375432001983,223.37696671783684,225.251220703125,1246200
2023-02-15,224.9695855107701,227.3876639969047,222.64861010042503,225.9309844970703,1906700
2023-02-16,221.41530401488941,224.03732438828555,220.33736049472407,220.5704345703125,1712400
2023-02-17,219.61870798598346,221.61922695833977,217.77358653566782,221.39585876464844,1594900
2023-02-21,219.9100739858721,220.77437000822843,215.2098577478469,216.7733612060547,2326000
2023-02-22,218.2882952022832,218.4048248299445,215.608010039294,216.2003936767578,2339200
2023-02-23,216.56942327668352,217.7056316750721,213.0734008550522,216.6082763671875,1718500
2023-02-24,213.25364347758207,215.79516009692537,210.97504646945708,215.27906799316406,1423100
2023-02-27,217.92769675912646,218.77486400441248,215.0745695385732,216.1165008544922,1173900
2023-02-28,215.4640895285043,217.87901252371884,214.7435010766039,215.5419921875,1675400
2023-03-01,213.25363443936857,215.12325356103304,211.91958677770452,213.26336669921875,1515300
2023-03-02,211.06269082425862,219.27148869175196,210.57581033792815,218.14193725585938,1350100
2023-03-03,220.39128736775027,222.8159571497124,218.3269191915901,222.34854125976562,1297500
2023-03-06,222.97176491700554,224.50057664966982,218.58010864257812,218.58010864257812,1861500
2023-03-07,218.17114885760864,219.16438920990208,213.61393977999012,214.71429443359375,1310100
2023-03-08,214.64612075413228,216.5352193892435,212.7570369774341,214.25662231445312,1035000
2023-03-09,215.99965241630707,217.28500909248984,211.05294520527448,211.4911346435547,1502500
2023-03-10,212.99074215476426,214.15925239836125,207.81034129339918,208.48223876953125,1678600
2023-03-13,206.33994055800744,212.17277403135523,206.33020829747966,207.99534606933594,1727300
2023-03-14,210.3226258017966,212.990721204865,208.40431560672536,211.29638671875,1472000
2023-03-15,209.319658847296,213.00047402320368,208.13166930814987,210.86793518066406,1425700
2023-03-16,210.26415585121524,215.33745599861675,209.30014219867758,214.5681915283203,1390400
2023-03-17,213.876839072672,214.36371951263513,210.48815537088385,211.6177215576172,1756500
2023-03-20,211.7540431972975,214.54873211138644,211.45216484956907,213.78919982910156,1035100
2023-03-21,215.2011578988178,216.8176045513165,211.880629679247,215.00640869140625,1110000
2023-03-22,213.2341490793614,213.25362845692732,205.6193468763602,205.79461669921875,2572700
2023-03-23,206.27176943557322,207.6837197429175,200.03969087516703,203.57444763183594,1873400
2023-03-24,203.1362812464259,207.15791890027518,200.40974749565373,205.73622131347656,2237100
2023-03-27,208.19005633500657,209.11512609810075,205.56090521837723,208.31663513183594,1021700
2023-03-28,208.74510256781193,208.74510256781193,205.3856307050367,206.16464233398438,958900
2023-03-29,208.6087858982166,209.74808432698208,206.34966841833622,209.67019653320312,1005200
2023-03-30,210.91664470964668,211.58852733822206,209.50467933163603,211.32562255859375,1063800
2023-03-31,212.2019997448379,219.3688814480445,211.37431179269342,218.8722686767578,1484500
2023-04-03,221.02422085588577,222.53355305822774,219.28119557237278,220.69314575195312,1864700
2023-04-04,220.22579617102966,222.2804325205686,217.04159347062074,217.38241577148438,1747600
2023-04-05,216.56441413260802,218.78458775406645,214.67533050329908,216.98313903808594,1361200
2023-04-06,214.44163060501376,218.1516573261886,214.44163060501376,218.10296630859375,1366200
2023-04-10,216.30153047851567,218.6677625195241,216.0775547558487,218.49249267578125,1085200
2023-04-11,219.40780348856669,221.20925215944015,218.7359061197154,220.3426055908203,1096000
2023-04-12,222.4654304485986,222.9620431779844,219.5928237945693,219.85574340820312,1206000
2023-04-13,220.5957771337911,222.15380044218784,219.43701419961403,221.48190307617188,1318900
2023-04-14,221.27743235940517,222.5822683999428,218.9988205600401,219.72914123535156,1012100
2023-04-17,220.73211397922796,224.89007718822066,220.23550126858302,224.64663696289062,1269200
2023-04-18,225.97093185685765,226.72073184312123,222.71857430789635,224.0331573486328,887000
2023-04-19,223.9650322296933,227.81138524630308,223.0204828616167,227.46083068847656,1140200
2023-04-20,226.91550471390065,228.9798730979181,225.1140410787374,227.63609313964844,1213800
2023-04-21,227.64580162746321,228.46375714419574,225.4061487863435,227.5094757080078,1132600
2023-04-24,228.36642419658563,230.85924987353232,227.18816689884704,230.35289001464844,2008400
2023-04-25,231.83299996195007,232.87491641253914,226.31177736796613,228.6293182373047,2550100
2023-04-26,229.36939434330043,229.78810441903042,222.5725470845353,222.8938751220703,1538200
2023-04-27,223.49762165152202,226.59417439932818,221.46244993495344,226.58444213867188,1664400
2023-04-28,227.1200143909889,232.36858543417665,226.83761538848117,231.3071746826172,1911100
2023-05-01,230.94687618154674,231.7453672699491,225.8151519601666,225.85411071777344,1666200
2023-05-02,224.9971937353348,226.6817959511368,223.23468886363744,225.79568481445312,1230700
2023-05-03,227.295284558852,228.8338286793654,225.05563134903088,225.4451446533203,1486700
2023-05-04,223.84817809625704,225.98071701274546,220.1965744333422,221.37481689453125,1363400
2023-05-05,223.16652749934542,225.60092987554953,222.66018250315227,224.78297424316406,1008000
2023-05-08,224.79268716238647,226.9349579558412,224.58819085619544,224.87057495117188,1085700
2023-05-09,223.08865203407515,225.36724921817483,222.41675456374514,223.33209228515625,875400
2023-05-10,225.78590899666204,227.82108033451192,222.10509440933922,223.96498107910156,958600
2023-05-11,223.9650042200649,224.42267302605714,222.66016819627993,224.14027404785156,1503700
2023-05-12,225.3867029316004,226.37019608493895,219.97257988304926,221.46243286132812,2209600
2023-05-15,222.192734325499,223.7604898227482,219.4856804644219,220.65420532226562,1233600
2023-05-16,219.1059312269522,219.4175418419654,215.94120835298244,216.38914489746094,1477300
2023-05-17,216.38916096252953,223.22496703816046,216.01912704433244,221.65721130371094,1792200
2023-05-18,221.63279392777895,227.4909294500991,220.56856955007962,227.36399841308594,1224100
2023-05-19,228.8480491457514,229.2678899119951,224.94262571059338,227.266357421875,1046900
2023-05-22,227.64714281521438,228.60396741566638,225.16719051252164,225.1867218017578,1332300
2023-05-23,223.8491522135499,225.78233299052303,220.7443322767038,221.681640625,1445900
2023-05-24,225.1476564938475,225.28434571178173,220.87121326446544,223.3706817626953,1200700
2023-05-25,223.5855047630583,223.97604117025307,218.0007477317211,221.1543731689453,1947800
2023-05-26,221.6230391840025,224.92311211566744,221.5839766036935,223.72219848632812,1118000
2023-05-30,223.40976207127545,225.35270075913218,220.63690001907364,223.0387420654297,1229700
2023-05-31,223.14614636720302,223.3414145697387,219.09426039904506,222.39434814453125,1976200
2023-06-01,222.3943514516443,229.63891062891375,221.82806322726356,229.33624267578125,1722500
2023-06-02,231.43540586080223,237.09827330215052,231.3377792054398,235.13580322265625,1693700
2023-06-05,234.87217528863553,237.45952738853015,233.96417144352392,234.06179809570312,1253000
2023-06-06,233.81771289911634,237.09826940516317,232.61679928203048,234.6183319091797,944000
2023-06-07,234.1203470272035,236.87367749073763,233.77863144140778,235.06741333007812,1345500
2023-06-08,235.41893802594703,239.9590020576063,234.55975493471993,237.4985809326172,1623700
2023-06-09,236.27809986622893,236.27809986622893,233.37832199421192,235.06741333007812,1021900
2023-06-12,235.95594035195333,239.17791796250262,234.37424848230583,239.1193389892578,1026600
2023-06-13,239.19744836705553,241.6676277164595,238.86547602321534,241.34542846679688,805900
2023-06-14,243.8644072992674,243.88392368989963,238.9142759385183,240.03709411621094,1168900
2023-06-15,240.58385607507765,245.07508418630286,239.02168070716812,243.57150268554688,1045000
2023-06-16,244.791943251161,244.791943251161,241.71642824080917,242.0288543701172,2244800
2023-06-20,239.5293974034379,243.26884232986134,239.19743996926155,242.4975128173828,1210400
2023-06-21,242.11675003456645,243.56176760130168,239.95901167693063,241.4333038330078,970500
2023-06-22,242.9954402605649,243.27857689208992,239.6563051575079,240.4569091796875,820500
2023-06-23,237.88908328674157,242.18505771982925,236.7077011186976,241.1989288330078,1608500
2023-06-26,244.14753362353798,246.0123768126477,242.1655325035548,245.75852966308594,1109500
2023-06-27,246.02213093075125,252.57348492033637,245.50466354729156,250.6207733154297,1795300
2023-06-28,251.48975721403374,254.42859821345482,248.53141471982275,249.96664428710938,1837500
2023-06-29,249.31245894742952,256.1664659219701,249.08788638735234,255.1120147705078,1410700
2023-06-30,256.29342034230217,260.20861698397096,255.53186394226856,259.24200439453125,1769000
2023-07-03,256.72299141477663,258.28516662342696,255.91259943085794,257.8848571777344,753100
2023-07-05,256.400806915353,256.8987579558128,251.86075796933153,252.661376953125,2068700
2023-07-06,249.22461732954866,251.6166864552411,246.83254820385625,251.28472900390625,1300800
2023-07-07,250.53293659718796,252.32942792569497,249.12698167991843,249.38082885742188,1018900
2023-07-10,249.35155141295658,253.6377535396133,249.17581448881592,250.85513305664062,1047300
2023-07-11,252.0951008394683,255.36586920980255,251.6264392891915,255.1999053955078,770500
2023-07-12,258.73431874006144,259.1639177284434,255.08275713483314,256.98663330078125,917900
2023-07-13,257.1722047076688,260.15010885154805,255.8834074348298,260.0036315917969,1154100
2023-07-14,260.0426132061514,261.36069956129677,258.05083893162083,260.72607421875,1137100
2023-07-17,260.8237173607849,261.9172311508294,259.3005748149187,261.49737548828125,945600
2023-07-18,261.82937934010664,264.7681903886249,259.5446802741103,261.3607177734375,1623600
2023-07-19,261.83918163092915,263.9090518736994,260.59922006369123,261.6732177734375,1385800
2023-07-20,260.7651343952062,262.31756657846194,259.26156768315195,260.0328674316406,1256000
2023-07-21,259.1638797841736,263.3621977061167,255.52206201005055,262.3760986328125,2298600
2023-07-24,262.0832013314357,262.444448239141,259.3494167898679,261.6828918457031,2275500
2023-07-25,268.605211296983,276.289155941295,268.38066854793,269.43511962890625,4040500
2023-07-26,272.8524069599699,274.79537543013817,270.77276415999046,274.25836181640625,2289000
2023-07-27,275.019976683648,277.089846830121,269.1130342488909,270.50921630859375,1889700
2023-07-28,273.252737182389,275.4397649934572,272.09087120875427,273.496826171875,1202000
2023-07-31,274.8246653801602,275.3225866204791,266.22297241249095,269.96240234375,1780000
2023-08-01,269.6792706406985,274.9515868512617,268.77126675139436,273.574951171875,2013400
2023-08-02,270.85092707188227,272.871991184239,269.14230403695694,271.1145324707031,1239800
2023-08-03,270.47991647782834,271.3488876680755,266.232761683252,266.769775390625,1580600
2023-08-04,269.5328395038924,270.4506165429907,266.0570144691876,267.0919494628906,1218400
2023-08-07,268.4978993022297,270.030785369291,266.28158191455685,267.833984375,1096700
2023-08-08,265.5688037659638,266.5256432708045,262.95217711519626,266.3596496582031,964300
2023-08-09,266.13510184517355,267.87301431031653,264.9634925383021,265.0904235839844,1339800
2023-08-10,265.82262713242716,269.552283467929,265.59805458243096,266.4084167480469,1112400
2023-08-11,266.84782893278106,267.95111586833235,265.0806271355587,267.2481384277344,1240600
2023-08-14,266.8869090941643,270.1772239301113,266.0374841716521,270.08935546875,1359200
2023-08-15,268.7810289876501,271.3878826027319,268.53694000816955,268.7517395019531,1026800
2023-08-16,269.4546939269114,270.17718770970316,266.20341231231765,266.6134948730469,1662000
2023-08-17,267.0685035017053,268.1350908999199,261.82363007244703,262.27374267578125,1189100
2023-08-18,260.60050253788734,265.16042767597764,259.3969073428256,264.3482360839844,1440600
2023-08-21,264.53415390430445,266.27592529370503,262.0389298441688,264.57330322265625,964300
2023-08-22,266.2955182925773,267.2838071617127,262.61625873710267,264.6026611328125,1016000
2023-08-23,265.5518336564972,267.74371774304876,264.77879137654406,266.2074279785156,1784700
2023-08-24,265.6007634577179,267.5284569416741,263.09574439438774,263.4480285644531,929200
2023-08-25,263.8589564368464,264.25036001369205,258.65320226448176,258.94677734375,1478100
2023-08-28,258.88802097270076,262.82167547347774,258.69230428896776,260.6395568847656,1731300
2023-08-29,260.5711225892973,264.74940864973263,258.93697463165614,264.65155029296875,1461800
2023-08-30,265.091920436956,266.1976572515386,263.9079148476348,264.3188781738281,944100
2023-08-31,264.92555728969415,267.1761802293295,264.05468652677956,265.884521484375,1490100
2023-09-01,267.342468928081,269.27016193567994,266.6183708993564,268.91790771484375,1575700
2023-09-05,267.8513038788616,268.29162162775344,261.9605720770715,263.8002014160156,1463900
2023-09-06,264.4167087780943,264.4167087780943,261.57899566240724,263.2914123535156,1083600
2023-09-07,262.76296473906837,266.3150105043873,261.97036294077753,265.33648681640625,1038400
2023-09-08,264.739635390211,267.93942772982274,264.6026575693416,265.6203308105469,1088400
2023-09-11,266.138922694149,268.74179967186876,265.9236462565278,267.7730407714844,1035800
2023-09-12,266.21718080904037,266.39330792490733,261.86273798410235,262.9587097167969,1358100
2023-09-13,262.2835557258958,263.4480015612354,259.75894732944295,262.69451904296875,910000
2023-09-14,263.6730600331622,264.2993297064754,260.7864322451197,262.31292724609375,1035500
2023-09-15,262.1465337474227,262.1465337474227,255.1402993898136,256.0111999511719,2620100
2023-09-18,255.57085957099642,255.923143695798,253.62360660752594,254.36729431152344,1471400
2023-09-19,253.45721366540587,255.98182169002595,251.9698682999987,255.80569458007812,1264400
2023-09-20,257.43001706460007,258.6336120370862,253.99541898097544,254.23025512695312,864500
2023-09-21,252.42003380990317,252.58639602341844,248.7799383944006,248.91693115234375,1207700
2023-09-22,249.70952021015808,250.4727676692252,248.24173433793825,249.20068359375,1091800
2023-09-25,248.27111113221696,251.5198179877474,246.93053802661467,250.70762634277344,978300
2023-09-26,249.50400875768096,251.392567564953,247.33168460169406,248.4178466796875,1030900
2023-09-27,249.3866023609848,249.86608444834943,243.59374265055223,245.23765563964844,1243200
2023-09-28,245.96179388885537,251.34366097202192,245.32575925960688,250.70762634277344,1371500
2023-09-29,252.6939882904631,253.40832144801814,248.59398592018528,249.572509765625,1450900
2023-10-02,248.7016560695906,249.64103072040305,245.29638189989558,247.2240753173828,1217700
2023-10-03,246.09876479071133,249.13219490172074,243.1925475666877,243.42739868164062,1787600
2023-10-04,247.77203706738624,251.33386337670896,246.0987546707211,250.9522247314453,1872100
2023-10-05,250.9033039328643,252.2340820348645,246.99898839662504,248.2710723876953,1220800
2023-10-06,246.76414390735928,251.8524800079381,245.8051946894887,249.37681579589844,1196800
2023-10-09,246.4509996158626,247.59587064574637,242.61518819329558,246.411865234375,1140100
2023-10-10,245.80518983528114,250.9326602199663,245.60948805014428,247.76223754882812,1277300
2023-10-11,248.9951940392002,252.02860912029934,245.81499141687863,250.05198669433594,1470700
2023-10-12,249.8758558331394,249.8758558331394,242.03788501613417,243.720947265625,931900
2023-10-13,243.71115407076917,246.07918005801773,240.3841788661266,241.63668823242188,939600
2023-10-16,244.6505661397219,247.28279799701795,243.5937584647987,246.95008850097656,1132900
2023-10-17,244.6701033063976,249.09303540519522,244.06342328142202,247.40997314453125,934100
2023-10-18,242.536917501802,242.6739102409848,236.68534916943796,237.08653259277344,1540600
2023-10-19,235.82428401570144,238.09446686277641,231.988471727177,233.7595977783203,2148400
2023-10-20,234.08248376932858,235.4719858872052,232.5266343835818,232.59512329101562,1663600
2023-10-23,231.26431533034625,235.56982908387434,231.26431533034625,233.51492309570312,3265800
2023-10-24,239.73834598437927,242.44886126049946,227.1153941478415,229.93353271484375,3721400
2023-10-25,230.14879543450633,236.03951290812242,229.356193543205,233.48556518554688,2266700
2023-10-26,234.80659817636354,236.07866728287,232.37006832583938,232.60491943359375,1536400
2023-10-27,232.22328740512614,234.74786580046595,229.97267956239446,230.9609832763672,1426800
2023-10-30,232.7516906212479,233.9552708125664,227.07624913280506,230.3640899658203,1920000
2023-10-31,230.84358447416216,234.10207096075982,230.77508063197135,233.0941925048828,1249000
2023-11-01,232.5951390014392,234.07271971594614,230.84358770760238,233.77915954589844,1327600
2023-11-02,236.30374995792448,241.65627706597974,234.84574392254618,240.05149841308594,1495500
2023-11-03,241.7345258786756,247.18491090237188,241.7345258786756,245.52142333984375,1444600
2023-11-06,245.01258577846693,246.57822990818173,244.56245823857,245.12022399902344,1048200
2023-11-07,245.60948781903713,247.4099681303448,244.13192217189157,246.57823181152344,1017200
2023-11-08,247.20449514487345,251.1968594772996,246.8130766301623,250.59017944335938,1173800
2023-11-09,250.8837463949441,251.05987352253746,246.7837141080879,246.9794158935547,1116300
2023-11-10,247.8013721880087,250.8739363190555,246.28465731362226,250.25746154785156,1518300
2023-11-13,249.43552222993728,250.1400606078439,247.3219070962174,248.4374237060547,1079300
2023-11-14,253.48663812698624,262.9294189099716,252.96802158536823,260.6200866699219,1664000
2023-11-15,260.62003250655005,263.34032755119426,259.0152689585602,259.10333251953125,1201300
2023-11-16,259.4515142446249,264.6691599452555,259.4515142446249,264.11993408203125,1327700
2023-11-17,265.17916766240677,266.17953689380585,263.12937300566233,265.0810852050781,1104400
2023-11-20,265.0811045217494,269.14148509264095,264.1003397381214,267.78802490234375,1987900
2023-11-21,267.99392072213107,269.3473806275679,265.7381741667761,268.2783508300781,1838300
2023-11-22,271.4658858617852,272.45643791499833,268.30782214247165,269.3670349121094,764700
2023-11-24,269.81817070641233,271.4854827208911,269.5631922292044,270.5243225097656,364900
2023-11-27,269.59259496413165,271.19124615139776,268.74912179128006,270.0829772949219,1378500
2023-11-28,269.30818072802305,269.8966455458188,267.50357723586313,268.19012451171875,1249600
2023-11-29,269.31803391194956,270.78918118758236,267.95475640319063,268.4549560546875,1037400
2023-11-30,268.1508585644237,273.75101616863105,267.10143323683377,273.4371643066406,1648000
2023-12-01,272.8291845023656,277.1543614901587,270.8186283426085,276.89935302734375,1537100
2023-12-04,275.71256410579696,280.05734448721523,274.6239296695606,276.0460205078125,1608800
2023-12-05,275.437971529281,277.81143541726226,273.093959317434,277.5564270019531,1786800
2023-12-06,280.58690761549394,283.8332356628534,280.4496161516334,281.1949768066406,3189700
2023-12-07,281.9894419023925,287.20711703315277,280.95965099025705,285.9713439941406,1923800
2023-12-08,285.3240864394326,286.814838043676,282.72503597853193,284.2452392578125,1265600
2023-12-11,287.36402845837625,287.7073020552748,284.4707609095234,286.0203857421875,1360800
2023-12-12,287.0208056363202,289.6786697980369,285.29467998378965,289.1490783691406,1890000
2023-12-13,289.97290749816705,298.2407470980683,289.21772942108345,297.5542297363281,1864600
2023-12-14,300.3690015068419,304.223399529153,299.1332284280149,300.8691711425781,2130800
2023-12-15,299.7119033526207,305.8711049290822,299.7119033526207,303.8114929199219,2849100
2023-12-18,303.03669757757797,303.0563020972089,300.64362923776974,302.43841552734375,1255400
2023-12-19,303.05629743816644,304.48820554388595,301.03592451635706,301.30072021484375,1789300
2023-12-20,301.09477092153537,301.79110549652887,297.60325089096204,298.3584289550781,1567000
2023-12-21,301.26152694397007,301.9284398028477,299.2803629571274,301.026123046875,921800
2023-12-22,301.79110328601644,305.3316794853012,300.28074716884714,305.2826232910156,1347900
2023-12-26,305.45919699471045,307.9895569103733,304.39995429098906,306.6557312011719,548500
2023-12-27,305.93979754567005,307.38152310934885,305.8122933230108,307.24420166015625,694100
2023-12-28,307.11666557456977,307.9601088308121,305.9691577320902,306.8224182128906,664200
2023-12-29,306.88127742337093,308.09744603894706,305.5180300152631,305.9005126953125,682000
2024-01-02,298.74094823271554,300.5357345521419,295.10231939812303,299.04498291015625,1968500
2024-01-03,295.2101688107399,295.4357554622424,290.48287586771124,291.0615234375,2153200
2024-01-04,289.55118861303146,292.2188699366621,287.53081561762355,290.0807800292969,1711200
2024-01-05,289.2863501053308,293.5134436054958,289.2863501053308,290.9732666015625,1343000
2024-01-08,291.1694783492061,294.5727336331113,288.90391390208487,293.70965576171875,1334500
2024-01-09,291.7481145419516,292.9740705767817,289.40407223668416,291.787353515625,1730400
2024-01-10,291.74811318282786,293.06233445437533,290.7967701070089,292.66021728515625,1824100
2024-01-11,293.2486613032263,293.5919349530722,290.6202189471216,291.6990661621094,1341200
2024-01-12,293.1211639563328,296.75979289649837,290.68888646623566,296.691162109375,1515300
2024-01-16,296.1909427428254,297.0147815084557,292.94461394363225,294.307861328125,1177800
2024-01-17,292.0325477906817,296.9559765032807,291.7775393549764,295.092529296875,1562600
2024-01-18,296.0830911735109,300.8986198616813,294.8178962379795,300.4768981933594,1215500
2024-01-19,301.5067435775244,301.74211756391526,297.1030890450093,298.172119140625,1673700
2024-01-22,299.15287923100533,302.51692536267245,299.0842484397788,301.5655822753906,1169100
2024-01-23,302.76210997036105,303.2230706300364,299.172507160445,299.58441162109375,1409500
2024-01-24,300.5945885533746,301.90880977000626,295.072878040061,295.26904296875,1847000
2024-01-25,289.325621379797,300.094429859039,286.3833269250872,298.0642395019531,3830800
2024-01-26,298.42707421996647,300.368999052173,294.8571063655648,296.0438232421875,1721500
2024-01-29,296.04379589315266,302.4677919510467,295.9653179652591,302.16375732421875,1564200
2024-01-30,301.62441176256044,304.0370847643253,300.7711511845318,301.7126770019531,1367700
2024-01-31,301.5851582085446,302.79150961638203,298.152481611049,298.5251770019531,1910600
2024-02-01,299.0253887248946,303.5761217490883,296.5538423189053,303.134765625,1503100
2024-02-02,300.4279226748748,305.5769385939483,298.593897031639,304.0273132324219,1526400
2024-02-05,301.19283748706147,302.11475867542015,297.0441921394474,298.6330261230469,2267500
2024-02-06,298.6428655894389,302.13438569580944,298.04461346018365,301.9578552246094,1517400
2024-02-07,304.14487985790004,306.95969925459025,303.53681062654107,303.8996887207031,1828500
2024-02-08,305.12571767930837,306.41054708287214,301.5557494283225,306.1457214355469,1260000
2024-02-09,306.21439972465697,306.96957787690303,303.43884839525134,305.7436218261719,912500
2024-02-12,305.9593306143525,307.23434261260934,304.2528097079319,304.448974609375,991600
2024-02-13,299.77072965134863,302.32072390069516,296.17133990243826,301.30072021484375,975000
2024-02-14,303.0268380227153,305.85144484435057,301.5164521663153,305.0472106933594,945700
2024-02-15,306.9793444116243,308.33280445702565,305.5768581045165,306.498779296875,977400
2024-02-16,305.8318687752677,306.8715069802187,302.85036538825193,303.134765625,1699200
2024-02-20,302.0559201607607,306.00840066632605,300.48669066981915,305.2728271484375,998200
2024-02-21,305.7729912228312,308.71528524083647,304.6647522843884,308.2445373535156,1097000
2024-02-22,308.9408962013981,315.05107136794027,308.4995400917416,314.4527893066406,1020700
2024-02-23,315.28341188192616,317.35743645140866,314.34959086879354,316.5415954589844,1387800
2024-02-26,316.5415671685207,318.9694715882123,316.0402496170685,317.0133972167969,1532200
2024-02-27,319.460969263681,322.4983022640618,317.868584001099,322.1346130371094,1434000
2024-02-28,321.7807207890203,325.093310373443,320.24731059444713,324.0611877441406,1340300
2024-02-29,325.22102127607974,327.1574470672839,324.1103054647167,326.37109375,1852500
2024-03-01,324.67069220118304,330.2145842012057,323.3437242201374,329.5166931152344,1596200
2024-03-04,328.6123087793683,331.73810442628667,328.44522291006314,331.3547668457031,1146100
2024-03-05,329.9392955878514,333.7138462431596,326.5874091731657,327.599853515625,1277800
2024-03-06,330.54868392405837,331.68891731661586,328.5139563184397,330.7550964355469,1097600
2024-03-07,338.13713359493363,340.2406755108459,334.20530646010883,338.785888671875,1581400
2024-03-08,340.16204898446256,341.78392180593755,334.27414698510785,334.8835754394531,1297500
2024-03-11,334.4903518925957,334.83439274536744,330.2046449787718,334.5886535644531,992700
2024-03-12,334.81474698217136,337.43925488852113,333.3697992579373,336.85931396484375,1305100
2024-03-13,335.8862157904275,336.17128170929607,327.90461004183646,331.0697326660156,1835200
2024-03-14,330.79446015694185,332.9569771777227,326.72503448733295,329.2119140625,1417100
2024-03-15,325.7814284991706,332.19032728224187,325.18183913312913,328.9563903808594,1623800
2024-03-18,332.0428183997531,332.57362350838355,328.99567610335976,329.5559387207031,1083200
2024-03-19,330.61753653905913,331.62014170890507,329.123422955608,330.8435974121094,855800
2024-03-20,332.02313838386704,337.00673643437267,330.40126570400207,335.2373962402344,1222700
2024-03-21,337.1738335112618,341.6954408279589,334.21515391719055,341.3121032714844,1332200
2024-03-22,341.0860141427397,341.0860141427397,336.8199851736181,337.0263977050781,889300
2024-03-25,335.4635040170012,336.68236088074406,334.3331096678079,336.1712341308594,1168800
2024-03-26,336.3973249996827,338.5991386883696,335.9648215969104,336.1712341308594,1127200
2024-03-27,339.1201328384223,341.1253733275395,338.20599011451014,340.9779357910156,958500
2024-03-28,340.673152277953,342.4326533375327,338.7564045291855,341.4103698730469,995100
2024-04-01,340.53554839830394,340.5650359017307,332.0526266088503,332.39666748046875,992200
2024-04-02,329.1233865440271,329.29050238591066,325.9484555253663,328.2682189941406,1608100
2024-04-03,327.81607661665606,329.78199011960453,326.5087573360775,328.5926208496094,1095100
2024-04-04,331.885561670592,334.2053254129116,323.058598453247,324.2381286621094,1316700
2024-04-05,325.42750877768765,326.85277811206714,323.7564702505279,326.1942138671875,870300
2024-04-08,326.81346013411775,327.8553918545542,325.29969839033964,326.6365051269531,1097700
2024-04-09,330.91242097222766,331.1385118491503,321.74144666585016,328.84820556640625,789900
2024-04-10,321.82001093170174,323.42223511919303,315.538933347147,315.6863708496094,1563100
2024-04-11,316.99373604989694,316.99373604989694,313.84829221676034,314.4675598144531,1323300
2024-04-12,312.1871337857264,313.8090067561555,309.6805755610037,312.8260498046875,1280100
2024-04-15,316.5612355174586,316.5612355174586,308.07834326130734,308.61895751953125,1745200
2024-04-16,305.28672412392206,306.59407352807546,301.69893763443184,303.1242370605469,1440700
2024-04-17,305.49316898466105,306.092758266683,302.59343426703373,304.8739013671875,1523900
2024-04-18,306.1713930013151,307.90137656052195,302.4164908487573,304.107177734375,1127500
2024-04-19,305.5422558402223,305.84697001624085,300.1654815122313,300.74542236328125,1563300
2024-04-22,300.9125979430369,306.6727109274594,299.7232285038151,303.9892578125,1638000
2024-04-23,292.75399425307563,299.4774447886748,289.5298973283982,297.206787109375,4426500
2024-04-24,296.66617662332527,299.00561850610035,295.2408773257644,298.553466796875,2287900
2024-04-25,298.10128944138256,302.29853405614114,294.7101065765038,299.61505126953125,2004800
2024-04-26,300.9715944423827,304.62819553907224,300.68652852425635,301.2271728515625,1820300
2024-04-29,302.26904177350247,304.490503644795,299.7133482072543,300.87322998046875,1645300
2024-04-30,300.1163668384882,300.1163668384882,294.0121837266305,294.503662109375,1779400
2024-05-01,296.0567539105095,302.4951087975282,293.28480860142014,298.17010498046875,1954600
2024-05-02,299.4577908079195,301.0305277277855,295.51615433700675,299.2710266113281,1521000
2024-05-03,310.073709673785,310.1916596807251,305.6504044287807,305.9944152832031,2027800
2024-05-06,308.29458383729417,310.11302991157794,306.34831858250027,309.6215515136719,1533900
2024-05-07,309.9557489708095,314.37905449125986,309.2185313840678,313.3174743652344,1820400
2024-05-08,312.59005390229083,314.49699220331064,312.05924891194087,313.56317138671875,933600
2024-05-09,313.5730347876872,315.40131989942586,311.9413230226904,314.9884948730469,1287500
2024-05-10,316.5120951803035,316.7774827218965,314.26111566932826,315.3915100097656,1075700
2024-05-13,316.0205930131585,317.4851889616842,310.26048089543156,310.4865417480469,1153700
2024-05-14,310.13267866638154,310.7224286896517,306.61367687442754,308.6975402832031,2196100
2024-05-15,310.95837900751025,314.3888885225889,310.2211614328113,310.97802734375,1509100
2024-05-16,311.2785372453693,311.66277320103825,308.5003429195799,309.3672790527344,1139600
2024-05-17,311.2095810681025,311.2095810681025,306.62845446469476,307.7712707519531,968600
2024-05-20,307.1309439717134,307.7713072082911,304.3034722490638,304.8354797363281,1424400
2024-05-21,305.4166783263032,306.7663746097587,304.09653633863843,305.3674011230469,1529700
2024-05-22,304.52017929237064,306.05706291209964,301.5449063355182,302.66802978515625,1876300
2024-05-23,302.98329050237453,303.20003203814593,298.3726096564568,298.5992126464844,1569900
2024-05-24,299.27901122675956,302.8355389249977,298.9539139344342,300.32330322265625,1011200
2024-05-28,299.7716050689565,300.91442142583645,296.57962045983726,297.2593994140625,1735100
2024-05-29,294.9047443479157,295.84068044222136,291.3974944556854,293.0230407714844,1711700
2024-05-30,293.5649421390395,298.0770686022687,291.9590884862213,297.5746154785156,1149100
2024-05-31,297.63371334918435,300.10653306156934,296.3628485349334,299.2986755371094,6144800
2024-06-03,300.46123460440316,301.13115207940893,293.7915239565585,297.554931640625,1971300
2024-06-04,297.54509420934727,302.40207145881,295.59445022372614,301.3085021972656,3117700
2024-06-05,301.633580253638,303.8206883537139,297.4859369676683,303.6630554199219,1607500
2024-06-06,303.35766336520885,303.9487493092502,298.520409620409,299.5548400878906,1727100
2024-06-07,289.3384768462524,290.84580604608345,277.9103449061192,287.624267578125,3302700
2024-06-10,286.5405655381356,290.5305458313001,285.8804795059117,288.7670593261719,2137400
2024-06-11,288.83603368115587,292.60930256988553,287.4469216154838,291.6142578125,1082400
2024-06-12,299.07214422513147,301.7518443857005,293.9689012194355,294.8555603027344,1639800
2024-06-13,294.5008237409992,296.25444873549566,291.6142440142584,295.9983215332031,1333100
2024-06-14,293.93926535825835,295.5057332116659,290.03794803596696,292.5895690917969,927900
2024-06-17,291.8112996502752,298.66816686283147,291.5452809227339,298.3627624511719,1535400
2024-06-18,298.008097142506,298.008097142506,294.31365963924014,295.7421875,1973200
2024-06-20,294.79642586543724,299.27899810034535,293.63388665790916,296.885009765625,1786400
2024-06-21,298.17557626776284,302.3527437699343,295.22988787027947,296.79632568359375,2312700
2024-06-24,297.52536010337496,300.0572884298865,296.07713943270574,296.0968322753906,1602300
2024-06-25,295.7914601793203,297.4071754183134,287.9395471251584,290.3138427734375,2654500
2024-06-26,289.4665513665737,293.0132170996985,288.69810962984724,292.46148681640625,1617500
2024-06-27,292.61914963068546,293.5156700926635,291.19065180346246,292.5994567871094,1133200
2024-06-28,292.59943486798284,295.1904717111174,291.48617294842387,294.00823974609375,2175800
2024-07-01,294.1559881277418,294.68799547676906,290.31377964122333,291.4073486328125,1818500
2024-07-02,291.131544564517,292.02806503067444,287.99863862753034,290.2842712402344,2354000
2024-07-03,290.2842642351545,293.2792299979614,289.2104180056693,292.8161926269531,1007000
2024-07-05,292.363048147799,292.363048147799,289.95919814179246,291.3187561035156,1097900
2024-07-08,292.02806105716877,296.0081801334618,292.00833814835903,295.8013000488281,1660500
2024-07-09,295.6338183837379,295.6338183837379,293.44671005575555,294.4811706542969,1229200
2024-07-10,295.5549688178443,301.3675438581807,294.3924598228583,300.84539794921875,1241800
2024-07-11,303.8797623442213,310.1356514529276,302.0867217500873,309.3179626464844,1603100
2024-07-12,309.80073121383754,315.32762514504617,308.3919263145639,313.6528015136719,1494700
2024-07-15,312.79568329640057,316.0861917585044,312.0666573090179,313.7513122558594,1961900
2024-07-16,315.4853381587078,321.6919824802025,315.15037936049345,321.56390380859375,2239900
2024-07-17,319.76096102961816,322.75589670943083,317.57385283169447,320.97271728515625,1824100
2024-07-18,320.1156408562111,324.95289504736485,319.6526034470461,320.6377868652344,2013900
2024-07-19,319.9875411638829,320.2436984567027,316.1453320986361,317.0812683105469,1537700
2024-07-22,317.56399108482844,318.53931296090605,313.2981604933588,317.5738525390625,2350500
2024-07-23,333.9771820644163,340.4301214911184,326.8247407567951,339.39569091796875,4163100
2024-07-24,339.06072700186894,339.4942101087911,326.77548864001426,327.1005859375,1919900
2024-07-25,330.4305306026697,342.9916198747354,330.4305306026697,337.6617736816406,2536100
2024-07-26,339.1099674276886,346.7746930258098,337.91790393997644,344.0457458496094,1928900
2024-07-29,344.3018651462747,348.5381412441465,343.6220862746272,347.32635498046875,1322900
2024-07-30,347.7007382896075,351.40503715514757,344.43978393961237,346.62689208984375,1358200
2024-07-31,349.237623759942,350.4297172183451,342.90290225934626,345.602294921875,1785300
2024-08-01,346.17375152554536,348.34113698898256,341.7207032690761,345.1885681152344,1351600
2024-08-02,343.2575665653326,344.16391833288804,337.4942384495623,342.1048889160156,1446500
2024-08-05,336.0263010111102,339.9670341439809,331.13980034466465,334.0657958984375,2539100
2024-08-06,334.5978374965909,341.37590398853513,332.8639051199323,339.02130126953125,2579200
2024-08-07,341.52367222131306,342.38077694668567,333.83922386075756,334.6766357421875,1909700
2024-08-08,336.53866298137274,339.4744903371832,335.00177924822594,337.6322021484375,1774100
2024-08-09,336.6864210380214,341.5433678990381,336.6864210380214,340.518798828125,1763100
2024-08-12,340.2724649634705,340.7748879880324,336.9819263753432,338.154296875,1790000
2024-08-13,338.1543389758831,345.3067800465667,337.92776603683126,343.9078063964844,2487700
2024-08-14,344.2230275096316,347.13916156191635,343.16887419814304,346.9322814941406,1230800
2024-08-15,349.78931993705936,352.340971151089,348.59725655794944,351.18829345703125,1277800
2024-08-16,351.341273108483,351.9730419179903,347.214937986733,349.85064697265625,1023700
2024-08-19,350.26533018161405,351.92375748880795,349.02149463830034,351.43017578125,1457500
2024-08-20,350.9167817601759,353.89800374981286,349.8308962255963,350.778564453125,1739800
2024-08-21,350.7786334085011,354.2732002246197,349.8803111135689,353.3748779296875,1238400
2024-08-22,354.47054634156507,355.6847679151256,352.1013607018301,353.3155822753906,1077700
2024-08-23,354.7568603816365,356.0698044043923,352.68381148443365,354.1250915527344,1358600
2024-08-26,355.2603366527871,358.46861740875056,354.7173787570471,356.0599365234375,1359200
2024-08-27,356.0599473600808,358.2514511789627,354.4508662964459,355.35906982421875,1380200
2024-08-28,356.15871498523313,358.26137798589195,354.9049981041022,357.0570373535156,1156500
2024-08-29,358.1823421213754,358.4883603462395,354.74700285814174,355.98095703125,847500
2024-08-30,358.07379073207113,365.5169810734109,356.51405569045323,364.6285400390625,1882200
2024-09-03,363.6314973120427,366.42518661794384,357.7677744036176,359.0806884765625,1446200
2024-09-04,358.8832236820047,360.94642159331846,356.8200558965256,358.0441589355469,990300
2024-09-05,358.4587486730352,358.774648173333,353.4143584453158,355.457763671875,874300
2024-09-06,355.9316273663555,359.6334900567859,353.3156504236185,356.1981506347656,1171200
2024-09-09,358.1921893738395,360.03817982134325,356.2178628843883,359.22869873046875,1169700
2024-09-10,360.91674099708507,367.56036050798133,359.4952536343272,367.07666015625,1480900
2024-09-11,365.0825966660159,367.2543680161007,355.6058529132224,366.82989501953125,1743800
2024-09-12,366.3856563479416,369.45574990635725,363.1082669297348,369.1694641113281,902600
2024-09-13,370.18625640765504,373.99669247987714,369.7519021234033,370.58111572265625,1006400
2024-09-16,372.18030072447374,375.2503942875837,371.0845639094973,374.1941223144531,1154300
2024-09-17,375.3787343429707,377.9157211840591,372.2592946313563,373.1477355957031,830400
2024-09-18,373.7301428913932,374.76668241181153,369.5840751872174,370.49224853515625,1172500
2024-09-19,375.12206549076285,376.09934754743244,371.4596979708103,374.8752746582031,1069300
2024-09-20,373.8190215332546,374.64823515740994,370.8871450894247,373.66107177734375,2543500
2024-09-23,374.27314184130296,377.4912740045233,372.6541794226154,376.96807861328125,1213700
2024-09-24,375.36886675137197,378.78444353365234,374.86540379869666,376.66204833984375,1079200
2024-09-25,378.508043852758,378.508043852758,374.16453104850376,376.28692626953125,759400
2024-09-26,375.43797220139646,380.2849478611132,375.0727265823227,379.0016174316406,981700
2024-09-27,378.5672707941248,380.3046879640917,375.7242354708462,377.8170471191406,1325900
2024-09-30,377.52088408342416,378.5672748558807,371.77558598314204,376.7706604003906,1706700
2024-10-01,378.14278652364226,378.89304030213725,372.87133790435087,375.6946105957031,1255500
2024-10-02,372.6048170395736,375.6551481639536,371.46955509087945,373.3056945800781,794300
2024-10-03,372.4270925760794,372.4270925760794,367.540652247954,368.3106384277344,713800
2024-10-04,369.7124197430284,369.7124197430284,363.52291617043755,366.53375244140625,883700
2024-10-07,361.30177991547055,364.2928836097374,359.1793847744672,363.0589294433594,805300
2024-10-08,365.2504317125862,370.52188027409477,364.34222819458256,368.6067810058594,1013400
2024-10-09,370.5021694058134,374.3027544685381,369.327442565956,374.0954284667969,834000
2024-10-10,371.4893397184943,373.84864459049305,369.55447775451563,371.61767578125,975500
2024-10-11,372.46660331028625,374.20402045649763,370.9957395506347,374.1250305175781,945400
2024-10-14,374.0362095600396,380.06779365309563,372.50611832677146,379.22869873046875,849500
2024-10-15,381.68671250921,387.53073293830965,379.62354467277305,383.56231689453125,1037100
2024-10-16,383.24636660505513,386.1782424117587,383.24636660505513,384.3914794921875,777200
2024-10-17,385.3688407087691,387.2641775062818,382.53568666061955,384.08551025390625,1080700
2024-10-18,385.9808816434042,385.9808816434042,382.28890024186506,383.374755859375,1280300
2024-10-21,381.4892582833406,383.039081723808,376.0400977446731,376.8495788574219,1351000
2024-10-22,374.0263604048183,384.0065680603292,356.36599246729776,356.7411193847656,4720200
2024-10-23,353.52294621754555,361.38075831805355,353.1774330080179,358.06390380859375,1847800
2024-10-24,355.5170259827088,358.488367202817,355.3393136827481,356.9483947753906,1386200
2024-10-25,356.97802063719007,360.3541326898148,354.02641173833524,354.43115234375,1122000
2024-10-28,358.5278822233777,361.4005313690729,355.94151890256364,358.6068420410156,1002200
2024-10-29,354.26332796746914,359.08069022623954,354.26332796746914,356.97802734375,1044300
2024-10-30,357.66904089170595,361.06488530827414,356.98789575359086,357.24456787109375,1334000
2024-10-31,355.14192409458656,357.5111102939309,354.0165433275417,354.16461181640625,949900
2024-11-01,356.7016137150852,359.3175906586594,352.99975102347014,353.3748779296875,1093800
2024-11-04,377.29385606621935,378.7746011369253,364.4311184237201,369.5939636230469,5565700
2024-11-05,369.03129138262426,374.8555797139981,368.96221283823513,373.3550720214844,2582500
2024-11-06,374.99376670610803,378.508066100957,370.46269018509497,375.8427429199219,4691300
2024-11-07,379.5643214384715,384.19412012304144,377.264244007359,379.07073974609375,16521800
2024-11-08,380.03814300731574,384.7370198906803,376.42512166736515,381.7064514160156,2209500
2024-11-11,381.7952690408562,386.4842944885571,381.7952690408562,384.2532958984375,1172600
2024-11-12,386.95810935481984,386.95810935481984,378.4092720692248,378.74493408203125,1146300
2024-11-13,380.10724551718425,384.6087080973989,378.5968867583732,382.3185119628906,1172700
2024-11-14,381.3510849713472,383.7992610122317,380.39353528255725,383.4734802246094,1276600
2024-11-15,381.4510130352928,384.36849674870643,374.60723276906293,374.8149108886719,1722800
2024-11-18,374.8347107122111,378.65217319427336,368.94034630389245,371.21502685546875,1511900
2024-11-19,368.2975184039314,370.9974547303525,363.322931673662,369.3854064941406,1671700
2024-11-20,369.87992270018896,369.87992270018896,363.30318679540727,367.5657043457031,1440800
2024-11-21,368.9798854546576,379.1961028820025,365.41953848006796,379.0971984863281,2588500
2024-11-22,380.7587351559839,384.17074108902784,378.74119990073234,384.0223693847656,1619900
2024-11-25,387.6816451014251,395.90009796954865,385.4168637749158,395.30670166015625,3291900
2024-11-26,395.35611699141407,395.62313171391776,390.7968866312767,391.7760009765625,1889300
2024-11-27,393.34848283984195,396.00885130572317,389.5606585119652,389.6199951171875,2249100
2024-11-29,393.1407984618061,394.3770281148019,389.30356697127314,393.0221252441406,1373200
2024-12-02,391.6869609721023,394.10998297764337,388.3343221060861,391.2221374511719,1538700
2024-12-03,391.3804136401793,393.61552653937684,386.0695758121249,390.9650573730469,1016900
2024-12-04,390.4606294971285,390.5397650901077,386.4651271304746,387.7508239746094,1213900
2024-12-05,386.1189907048492,387.2167480146747,380.2444257015757,380.99603271484375,1388300
2024-12-06,383.4883191248113,385.38715087749574,380.2246548914685,380.7191467285156,1910000
2024-12-09,381.15430328557176,381.6487951243391,371.33370261118563,372.30291748046875,2337500
2024-12-10,371.22487500538676,371.68969851139923,366.5272028370973,367.5063171386719,1808600
2024-12-11,369.82058836283784,370.50298956941276,366.42838132118436,367.8426208496094,1302400
2024-12-12,366.6261171528565,366.87336306313927,362.2943639756814,362.80865478515625,1219300
2024-12-13,363.1349964319729,363.18446372154284,358.4571232501422,360.4845275878906,1118800
2024-12-16,362.1658216503235,364.2129948507173,359.9504777696514,361.0086975097656,1486600
2024-12-17,359.4658976517335,364.5195897452146,358.5461500772803,358.79339599609375,1292400
2024-12-18,357.59671381194033,360.54389611021014,344.51247874608276,344.8190612792969,2306800
2024-12-19,345.14535144107543,346.05522956575356,338.41037603649374,338.6081848144531,2055800
2024-12-20,335.99726734928953,345.50141512119893,335.56211216535746,341.6641540527344,3294800
2024-12-23,340.55651486300246,342.0004224943608,337.0060672964778,341.0411071777344,1083300
2024-12-24,340.0125694449704,342.7026062011719,338.26207923613896,342.7026062011719,445900
2024-12-26,339.0730656205862,342.82132227270034,339.0730656205862,341.7037658691406,750500
2024-12-27,340.2994146729738,342.62353252009365,337.6192771631746,339.50823974609375,881700
2024-12-30,338.79614386588776,338.806013179268,333.3864019711107,335.0182189941406,1217400
2024-12-31,335.1468208256093,337.3126976706933,333.8512545168097,336.18524169921875,1053100
2025-01-02,336.4522607012285,338.25218806468024,327.35359875394187,329.48980712890625,2263600
2025-01-03,330.94364843497146,334.4743277870226,329.3711678403397,332.8326110839844,1636100
2025-01-06,333.96003852470227,337.98520978824513,333.30730560239346,334.0985107421875,1841100
2025-01-07,332.3182741672434,338.9939137838426,327.8184106463863,330.71612548828125,1625900
2025-01-08,331.4777075038849,333.8908001651673,328.5404244639907,333.82159423828125,1413700
2025-01-10,326.3745466529821,329.6777488539573,324.3866795986166,326.52288818359375,1685200
2025-01-13,326.0877159879252,332.71391903776566,323.8328342954478,332.4172058105469,1442700
2025-01-14,332.83258093137323,339.2313066407663,332.69410872710506,337.87640380859375,1501400
2025-01-15,348.28051963652433,350.1299144126464,340.43788577375074,343.1081237792969,1741200
2025-01-16,342.62351668794287,351.34636019718323,340.7246546972301,350.26837158203125,1469700
2025-01-17,356.13301946295934,362.9174328351194,349.1507972876552,350.0804443359375,2392500
2025-01-21,355.0550554162636,357.8340972584044,352.97818356540625,357.5373840332031,1808200
2025-01-22,357.85385034563825,358.8527335182384,352.65178654247916,353.79901123046875,1181500
2025-01-23,354.6495683565027,357.6560873188738,352.06830515059204,357.13189697265625,800000
2025-01-24,359.0109736051025,362.2449393578218,354.7385568845545,356.1824645996094,1335400
2025-01-27,356.05389667256816,360.68236327265555,353.22541781049136,360.158203125,1270500
2025-01-28,359.47580196541617,361.24606103725296,355.42096280624213,360.158203125,1338800
2025-01-29,358.60545164701995,361.39439258228475,355.0451047276801,356.4395751953125,1616300
2025-01-30,358.33842076390056,365.9239383881342,351.6430125403135,361.52294921875,3418600
2025-01-31,361.7009682614266,362.64048453458986,352.6220762428426,354.21435546875,1870800
2025-02-03,348.5475076252956,358.75382634471384,345.6497927153066,353.70013427734375,1641800
2025-02-04,352.2364258852355,354.3231669321321,349.23980658637487,353.6506652832031,1783200
2025-02-05,356.3407376559938,361.39446038525915,352.7507217630101,360.4648132324219,1619500
2025-02-06,363.6690839828226,364.1240080297955,358.8032709443487,361.1966247558594,970300
2025-02-07,359.93070940294047,360.59331154209167,353.3836425161205,356.59783935546875,951100
2025-02-10,358.97139440911576,358.97139440911576,352.0188406002291,355.203369140625,1263200
2025-02-11,356.1329788201735,360.6921784528926,355.13409578664726,357.38897705078125,1111200
2025-02-12,349.111250436088,353.77925476532187,344.62125593153223,351.5837097167969,1095000
2025-02-13,355.04510201032525,357.8933795239977,350.64411304655755,357.1516418457031,1907300
2025-02-14,358.1901114984647,362.4130912403861,352.39468146670555,352.9287109375,1872000
2025-02-18,353.7594838648678,353.76935317858863,346.9256028316255,349.1013488769531,1498600
2025-02-19,343.91906842069517,348.32992710191655,343.56304878948174,347.9739074707031,2042700
2025-02-20,347.00470467809936,347.38052331170053,344.6014815397179,346.1640625,2041800
2025-02-21,348.84421921948257,349.26947495214216,338.5488956392011,340.77410888671875,2871800
2025-02-24,342.9399949863189,343.5234917433264,339.241175451764,340.0818176269531,2442500
2025-02-25,342.2773506555658,351.6529266008992,341.2982664919602,349.1408996582031,2063300
2025-02-26,352.51336934131143,360.91973119429593,351.08923033053,355.628662109375,2438200
2025-02-27,354.69895968301813,358.2098695478879,351.2869843951343,351.59356689453125,2468400
2025-02-28,355.25282606511826,358.87251002520554,353.15618545227136,358.27911376953125,2799200
2025-03-03,361.04440968205864,361.04440968205864,351.57898620723637,353.5711975097656,2607300
2025-03-04,352.41155262382006,357.3474661569119,350.0030772677152,352.134033203125,2564400
2025-03-05,353.4026589366813,359.9541431182014,352.1339945460134,359.1116638183594,2000200
2025-03-06,355.01826152190074,361.75803602195765,353.8090633045399,356.8915100097656,2094000
2025-03-07,358.7746843840213,361.8769428815478,352.3123995105336,360.400146484375,2024500
2025-03-10,352.74855025106064,361.0048062285856,351.7475142250926,354.6119079589844,2445600
2025-03-11,354.82992565802937,356.56442948457004,348.0108429175399,349.8940124511719,2002600
2025-03-12,354.0271127889517,354.0865790738369,345.59245849701296,346.7322692871094,1418800
2025-03-13,347.5053638541858,351.47986532557167,338.50577978808354,339.07073974609375,1959500
2025-03-14,340.90436872922635,342.24239041432776,336.1865083811982,338.7535705566406,1860100
2025-03-17,336.59286255541565,341.1818689427606,334.6303844817957,339.2193908691406,1760100
2025-03-18,336.21622659666616,338.4760361110275,331.92458181952287,332.55889892578125,1645300
2025-03-19,331.6569535205886,333.9464961782379,327.2265339140958,331.9543151855469,2112100
2025-03-20,329.7837374901244,338.95183015102054,329.7837374901244,333.05450439453125,2158600
2025-03-21,329.98191644860873,333.29233730811296,324.9568037520683,331.4488220214844,3478300
2025-03-24,336.71180936241785,340.30967085922197,333.13375987826134,339.6753234863281,1847700
2025-03-25,338.8328214503669,340.6763669130956,335.9882400873116,338.1390380859375,1180500
2025-03-26,338.97162428877306,342.7181515578603,337.0388792443277,341.3702087402344,1499200
2025-03-27,342.93623181316974,344.2643627228797,339.85378482629403,342.5893249511719,2058100
2025-03-28,344.15529165435595,345.02747385270726,336.10716879010374,336.74151611328125,1305200
2025-03-31,336.0972813162914,348.04056667227866,335.5719756671719,346.0979309082031,1964500
2025-04-01,346.13759801739445,348.7244720890097,342.5000823612234,347.4657287597656,1258000
2025-04-02,344.7400975660589,350.8059007670702,342.9956725026864,350.52838134765625,1583100
2025-04-03,342.06396436996613,344.1453749608702,336.1864816623246,337.633544921875,2143700
2025-04-04,336.61268320158854,345.6618425132677,328.0492055414932,329.11962890625,4338800
2025-04-07,321.96353066154154,333.70860468709395,313.95509255714467,319.9515075683594,3240400
2025-04-08,324.5603735557911,329.05025975374383,306.1052562024077,310.7339172363281,3115400
2025-04-09,309.46522883855386,336.10718228766024,306.97744509203835,333.27252197265625,3253100
2025-04-10,330.0017367014559,331.4388787893418,315.51117153189386,326.9886474609375,2470900
2025-04-11,317.58270569386394,334.76915698571185,317.58270569386394,333.78790283203125,2032700
2025-04-14,336.0180148933062,339.69518514538896,333.0247674558145,338.00030517578125,1632000
2025-04-15,336.2954961698323,338.8923215530351,333.3419033423366,333.8969421386719,1247900
2025-04-16,331.59748161555217,334.6997704252095,326.3741581524141,328.3465270996094,1386000
2025-04-17,335.14583915973583,335.14583915973583,327.68248706216644,330.427978515625,2238300
2025-04-21,328.9313105296379,328.9313105296379,316.58165138958907,319.446044921875,1511200
2025-04-22,323.30161166772837,329.70440032818607,322.2906545889236,329.0205078125,1331500
2025-04-23,334.4519622664857,337.32627664007106,327.26616120885006,328.3167724609375,1338600
2025-04-24,329.35745093805633,332.37054002010944,325.8884436535861,331.478515625,1081400
2025-04-25,331.20101898288914,331.52808352618365,325.7794545877486,328.6835021972656,1552900
2025-04-28,329.66473518018614,332.64809141113545,325.9677835623385,329.2583923339844,1799800
2025-04-29,342.2423753201016,349.37863181352935,336.4144678057067,345.0473327636719,2461600
2025-04-30,343.42183626069794,351.6186251243895,342.94610599837233,349.794921875,2307200
2025-05-01,350.2607586629654,353.8387777228938,348.59561201510996,350.508544921875,1447100
2025-05-02,353.9874421205454,358.2493839064472,353.9874421205454,356.4554138183594,1398600
2025-05-05,355.56333556029614,362.3328726191896,355.0082967989104,356.6337890625,1583500
2025-05-06,353.22427307084655,355.4444282742314,349.1704934998269,349.3984375,1159000
2025-05-07,349.39844513219646,350.8554295780804,346.8611162022328,348.4667663574219,1025900
2025-05-08,350.0823200175041,353.93788861967454,347.7035780463389,350.43914794921875,1259400
2025-05-09,349.35882857005595,350.6473050746841,347.1188310108575,348.7442932128906,1470700
2025-05-12,355.8210817125151,360.2118471327797,352.90711277396747,353.9874572753906,1390600
2025-05-13,355.12726587012855,355.60302639195373,352.1835638074071,352.8872985839844,1390500
2025-05-14,353.4126029089603,353.4126029089603,347.70359765827584,348.2586364746094,1159700
2025-05-15,349.5669493500209,358.96301529279157,349.1506551210867,358.2493896484375,1650600
2025-05-16,358.11031696867235,361.1200636022426,356.6898821911503,361.0803527832031,892900
2025-05-19,356.79914097503877,359.88833937195557,355.6667461158008,359.5804138183594,1662500
2025-05-20,360.50418570647497,360.50418570647497,355.14028511473987,356.6997985839844,1949600
2025-05-21,353.51131954989836,355.4780662395527,349.8459803200454,351.5743408203125,1449800
2025-05-22,350.72998500755295,352.7364726561087,349.04136579251167,350.58099365234375,1349600
2025-05-23,348.4552772647514,351.2166948221752,345.7633991098934,350.15386962890625,1018300
2025-05-27,355.03104050433564,357.67323455541793,351.7729650308922,356.9183349609375,1260200
2025-05-28,356.4018128898531,356.8090761380101,352.259701631597,352.3590393066406,792200
2025-05-29,354.236372514711,355.2098331775304,350.54123551674445,353.3721923828125,726400
2025-05-30,352.53781648299724,356.71966872630094,350.1041799415889,356.4117431640625,2509200
2025-06-02,353.4218187094375,353.4218187094375,348.84264652542635,353.0642395019531,1990600
2025-06-03,354.60390162329287,355.54756403517695,349.28968478736067,355.3687744140625,1792800
2025-06-04,356.3421993385698,361.4677139274224,353.49138705114854,359.7989501953125,1557000
2025-06-05,360.9512147065319,360.9512147065319,353.7794711439331,355.48797607421875,1438700
2025-06-06,358.7162347752096,360.9313101955747,354.85222073860047,355.09063720703125,1495300
2025-06-09,355.6369470638502,357.385193026433,352.52786295186615,355.5574951171875,849200
2025-06-10,358.01101363315286,358.5672682419842,354.3853855004735,358.3189392089844,769400
2025-06-11,359.05396916075586,360.24596059717067,354.11718696859356,354.74298095703125,1115300
2025-06-12,355.26947755641334,355.26947755641334,351.92200679537757,353.8192443847656,888500
2025-06-13,347.94866628770717,347.94866628770717,332.880049396027,333.6349792480469,2797900
2025-06-16,335.2342254787724,337.9658446282067,332.0655448403405,333.51580810546875,1706400
2025-06-17,331.69802383435683,332.9198134980835,326.9400617443132,328.8174133300781,1593300
2025-06-18,329.4233936907661,331.7179516498713,327.6950029179928,329.2545166015625,1451800
2025-06-20,331.7675625688133,334.92630035034205,328.0128290912072,331.2709045410156,2707400
2025-06-23,331.19146229580883,342.256987716199,329.49286996519356,341.4722595214844,1600800
2025-06-24,345.5349345939033,347.11433391731697,338.4923268665209,343.37945556640625,1585100
2025-06-25,342.366242185186,343.86612874563906,339.2571582266116,341.3232421875,1614600
2025-06-26,342.723843364991,342.723843364991,337.1116136167293,339.5849609375,1724300
2025-06-27,340.52866037862253,346.4488163284075,340.25053306054144,343.4092712402344,1366900
2025-06-30,342.9026432939538,343.4290996157927,338.72079098977713,341.06500244140625,1809800
2025-07-01,340.0319483187022,356.97791724849,339.3167595694929,352.9251708984375,2310200
2025-07-02,352.2100109264802,353.91851583842885,349.071158712846,350.15386962890625,1340800
2025-07-03,351.2564156672228,353.37218369737184,349.4386606393145,351.6338806152344,1088700
2025-07-07,350.6008035129352,350.6008035129352,341.68084531910426,343.97540283203125,2209200
2025-07-08,343.52841320920015,345.80311541253906,341.80005301216164,343.6873474121094,1319800
2025-07-09,345.09791095522013,350.3426190265946,343.3695202370422,349.19036865234375,2120100
2025-07-10,348.65395452158145,353.8887195070572,348.6241562508331,349.4783935546875,1216400
2025-07-11,344.879359206461,345.9123861161641,342.326529575211,343.6178283691406,1038500
2025-07-14,341.97888744444856,344.4224367180436,340.91603187458924,342.1974182128906,999800
2025-07-15,343.68737253588887,344.4423024764937,336.54542731157227,336.7838134765625,1322100
2025-07-16,336.6348344154462,338.542014745813,333.0986313754938,337.5884094238281,1273300
2025-07-17,337.3301301091803,338.9790383578756,335.22430497414274,337.62811279296875,1331500
2025-07-18,337.61823795764684,338.07515489502634,333.72442534414324,337.7970275878906,2202500
2025-07-21,341.1345364256767,343.8264448467861,337.8268071945085,339.0187683105469,2350600
2025-07-22,329.2147615729536,338.89959395466354,325.9070321590318,337.7970275878906,3896900
2025-07-23,341.2338800121955,343.2602533522687,338.8399845637997,340.6478271484375,2234100
2025-07-24,337.8069297292071,344.7800282299233,336.535486319527,337.9360656738281,2132400
2025-07-25,339.59491419520407,339.59491419520407,335.9097199403249,337.8268127441406,1868400
2025-07-28,335.77064324705304,338.3234729234688,332.0854489689973,333.91314697265625,1919500
2025-07-29,334.0720630290506,335.49249771301555,331.48943522227773,334.71771240234375,1518200
2025-07-30,332.94964477154963,334.7177463167748,328.61877056809703,329.7611083984375,1539700
2025-07-31,327.27782046506144,331.8073397455634,327.27782046506144,328.66845703125,1752600
2025-08-01,327.56580961769134,342.6940233588637,325.3507343166837,341.1146545410156,4073900
2025-08-04,341.1842377443443,345.7137569052331,340.2703735600654,345.5250244140625,2145700
2025-08-05,346.12100895875113,349.76646208896926,345.27668420666845,349.7366638183594,1565400
2025-08-06,349.60753212855195,350.7796681852079,345.1475524625918,348.3857727050781,2134200
2025-08-07,352.5974475506004,352.5974475506004,345.60449311744395,347.59112548828125,1410300
2025-08-08,347.60105034893365,350.48166107474583,346.49845367714596,349.80621337890625,1628300
2025-08-11,350.79949964055896,354.5939742244966,348.15727531154687,352.2099914550781,2626000
2025-08-12,353.15367689326445,358.76590687615993,351.6835581312506,355.6965637207031,2567500
2025-08-13,357.6533752312582,367.5865357505146,357.3653050883917,366.36474609375,2880900
2025-08-14,365.59993439099605,369.2752162176259,361.3485425437868,363.1265869140625,2615100
2025-08-15,364.2016648194057,365.9536970514168,360.7075951293524,362.748291015625,1785100
2025-08-18,362.4595870914979,363.0768023412975,356.636127640566,357.22344970703125,2097300
2025-08-19,356.8053586611389,367.22790313864505,356.8053586611389,366.2622985839844,2089400
2025-08-20,365.7745348388391,368.32292888946375,363.50487043814985,365.4659423828125,1798300
2025-08-21,362.4894838901759,364.6496309586393,359.2442507109571,362.2107238769531,1450100
2025-08-22,364.2713527146096,377.9291656950824,361.69309597585345,371.2396240234375,2298600
2025-08-25,368.55188780999424,370.18443846626445,363.4152726401151,365.3365173339844,1411000
2025-08-26,365.7346919182888,366.312079983573,363.3157135911118,364.7989501953125,1828400
2025-08-27,365.38626054471035,366.68038626308066,363.92292239761355,365.73468017578125,812400
2025-08-28,366.4812744006835,366.66045122072074,362.42971526519915,364.52020263671875,1136900
2025-08-29,364.141951158966,365.76456782991545,362.9673069554362,364.17181396484375,1328500
2025-09-02,359.83158302374494,361.51392526999376,357.611679904092,359.2840881347656,1472500
2025-09-03,358.6668543143291,362.5193382653826,358.02977104260185,361.3844909667969,2528600
2025-09-04,363.8433101568938,365.2966839566651,360.1103076587041,364.1220397949219,1922900
2025-09-05,367.1781227275189,374.87306557764714,364.8387684772578,370.74188232421875,3067000
2025-09-08,370.69211744592144,373.88755896765593,368.9400852793438,373.5292053222656,1544600
2025-09-09,369.2984659303234,370.31383162890467,356.9347488300364,359.7419738769531,2210000
2025-09-10,357.31304004298704,360.5980700268014,352.98275115213977,355.8298034667969,1777800
2025-09-11,357.06420159884635,367.8451000973596,356.1184954238654,367.0089111328125,2079000
2025-09-12,364.18177690471623,365.814357964186,358.35828674779515,358.4678039550781,1848800
2025-09-15,358.4279598409479,358.4677870398308,352.903128381568,355.4614562988281,2016300
2025-09-16,354.93388199395247,355.7800353423422,350.78280003399567,351.5990905761719,2266100
2025-09-17,352.79363034537784,357.5818259714318,346.9203789300173,348.62261962890625,2165900
2025-09-18,348.5131162811849,351.45969105465105,346.40273041454356,347.9755554199219,1608000
2025-09-19,349.05064828643555,349.05064828643555,344.42170130814037,345.22802734375,2559000
2025-09-22,344.0434516530927,347.1990964772866,342.3910026079211,344.83984375,1224200
2025-09-23,344.02354986563694,347.31854428741025,342.47062326597796,342.88873291015625,1350600
2025-09-24,341.2461781295327,345.2380117220359,340.8977888780957,341.40545654296875,1128200
2025-09-25,339.57380689064195,341.4552547050057,337.4534566411533,338.5584411621094,1582400
2025-09-26,339.7629430340495,341.6642892298423,338.4588832963947,340.3602294921875,1039400
2025-09-29,340.9873791844874,341.8534308792171,339.0462057879025,341.36566162109375,1642100
2025-09-30,341.21631966280063,345.19818891156024,340.0018483267589,344.6905212402344,1332900
2025-10-01,343.09778047545825,344.481464294662,338.77745582223366,339.6733703613281,1413900
2025-10-02,338.4887632408578,343.147543167595,337.6326758982684,342.3412170410156,1564100
2025-10-03,342.2416648745943,348.0950177891276,341.07698508034184,345.02899169921875,1188100
2025-10-06,344.6705695745683,344.6705695745683,335.26342232630196,335.38287353515625,2032100
2025-10-07,335.3132252374122,335.9304101460804,333.2128036689284,335.4725036621094,1499800
2025-10-08,335.5222545330706,337.4435295860008,333.999190719231,336.0399169921875,1549000
2025-10-09,335.97022420556254,335.97022420556254,329.29064692088104,331.7096252441406,2228600
2025-10-10,334.46706200599783,336.3285810720122,330.21642739868565,331.3014831542969,2419300
2025-10-13,330.35576053053313,332.4661767055212,327.9567110935353,330.6544189453125,1697700
2025-10-14,328.2851995111642,335.5123017101555,327.7576030661215,333.75030517578125,3393500
2025-10-15,333.46166433378863,335.3630106206171,330.20646665174206,331.22186279296875,2245800
2025-10-16,332.983809644553,332.983809644553,328.0960615884158,329.95758056640625,1913700
2025-10-17,330.7540051214872,331.8290965371115,326.78206957270635,329.2408752441406,2203400
2025-10-20,330.67432813995885,332.2372191284524,327.4888509331697,329.73858642578125,3061200
2025-10-21,329.73859820675307,339.36478093319704,329.121413304979,336.9059753417969,2268400
2025-10-22,336.2489733005812,337.523170342798,331.6300204147655,332.2969665527344,1797300
2025-10-23,332.1874809396013,333.8001332543369,328.4544782187304,330.2463073730469,2346400
2025-10-24,332.98381764303423,336.14939642108664,330.7937773932329,332.486083984375,2375300
2025-10-27,334.1783885652657,335.80097476416285,331.65985748277024,334.556640625,3088700
2025-10-28,354.81438952857405,366.94913790406696,344.40181045590435,352.8433837890625,5420800
2025-10-29,350.29501579089833,351.84794240624234,343.42626686235485,344.1629333496094,2037200
2025-10-30,345.5167634657153,352.3158225691099,343.54572714994475,346.3230895996094,1609900
2025-10-31,343.61539779368553,345.626261196865,341.8733300061595,343.3764953613281,1558200
2025-11-03,339.4244880609325,344.5411742093101,337.6525574739338,344.0733337402344,2386600
2025-11-04,340.53943448334513,344.92944930178743,335.26346948843917,341.4254150390625,2221000
2025-11-05,340.6489247499247,342.54030655816746,332.73494750425607,334.248046875,2543600
2025-11-06,333.8797168568118,335.45257215849904,331.3213586774884,332.1476135253906,1989900
2025-11-07,332.7150502009076,339.79280819813783,330.9928808168189,338.6181640625,1631900
2025-11-10,337.32403765357805,341.94302054811726,334.4670513382085,340.997314453125,1617100
2025-11-11,341.9231456405851,344.9593089891963,340.2109405367141,343.515869140625,2216600
2025-11-12,344.01358854747144,346.80091531533225,342.729457557319,343.1575012207031,1516300
2025-11-13,340.4697169243777,344.38192652361204,336.9756473396167,337.30413818359375,2322900
2025-11-14,336.4260934666507,337.1744386932468,330.7985227465303,331.44708251953125,2317500
2025-11-17,330.66882819840754,332.4748323709034,325.9991609606915,326.0889587402344,1991300
2025-11-18,322.2075435945666,326.32840585146255,317.51790119050133,323.1155090332031,2255300
2025-11-19,327.29627206017864,329.43156515220596,323.9037796371016,329.0523986816406,2050200
2025-11-20,330.309629561417,333.70212199577617,326.7474988027289,327.28631591796875,2881900
2025-11-21,328.7630395275135,341.8341432091678,328.7331069342449,336.31634521484375,2392500
2025-11-24,336.7254430150293,338.15228070584317,332.85399856562753,337.2542724609375,2306500
2025-11-25,338.06245804053196,343.38071515152234,336.3861720467384,341.89398193359375,1452400
2025-11-26,340.507079850522,344.0791678149555,339.2199174815259,342.63238525390625,1174300
2025-11-28,341.6944472794773,343.9294953091543,341.4948763695794,342.93170166015625,566800
2025-12-01,339.13010859731264,344.0392362736921,338.36178800326974,340.7365417480469,1662600
2025-12-02,342.5525585873829,342.5525585873829,335.1090259837602,336.7453918457031,1389400
2025-12-03,338.31192056007893,341.32524649248745,336.56578163114847,338.49151611328125,1282000
2025-12-04,338.501510318485,339.9084030795126,334.10123647873826,334.63006591796875,1368400
2025-12-05,334.63005392681896,335.26865648351384,331.7065258194244,332.3750305175781,2011700
2025-12-08,330.73868524647565,332.35510619917466,325.91935498193806,326.40826416015625,1376300
2025-12-09,325.809580323237,326.8273189497678,320.2419047953662,320.4314880371094,1685000
2025-12-10,321.4791554724146,326.3384059319721,319.4037275188959,325.5501403808594,2160500
2025-12-11,327.93488367166003,331.5468920219895,326.23862218823854,328.5734558105469,1899700
2025-12-12,329.321798046414,330.6888009917185,326.10890111887716,327.9648132324219,1633000
2025-12-15,330.4892192897673,330.6089496576549,326.0590129764497,327.725341796875,1623600
2025-12-16,327.27632449474316,329.67102321807005,324.3926861658511,327.1466064453125,1485100
2025-12-17,324.6022382522772,328.7530634995931,323.165412957043,327.2264404296875,1569000
2025-12-18,330.77857553696333,334.5601914649031,324.46252481625214,324.6421203613281,2348000
2025-12-19,324.4226553216961,326.72755631198464,318.7850966071081,320.1520690917969,4367200
2025-12-22,320.7208019581123,325.4104442397909,319.98244440960156,323.12548828125,1301600
2025-12-23,324.28293812573753,324.28293812573753,320.5611568276213,323.33502197265625,1454400
2025-12-24,321.78845362505393,324.78183458900793,321.74853335279903,324.6321716308594,708600
2025-12-26,324.66211967717214,325.69983365347593,322.55675913150986,324.72198486328125,884900
2025-12-29,324.5922612685756,326.07896411531726,323.19535619946464,324.512451171875,1217400
2025-12-30,322.516870916105,326.34839509743534,320.3117248991806,325.4403991699219,913000
2025-12-31,325.5501421560431,326.2486099317613,323.2153085332884,323.3150939941406,830200
2026-01-02,322.536799471751,329.24197406160977,321.9081845961008,327.1166687011719,1642700
2026-01-05,325.36054865445124,332.45487752891825,322.16762715960834,331.4670715332031,1661800
2026-01-06,330.55908813873145,340.9860141830878,328.27413200689983,339.33966064453125,1778600
2026-01-07,341.2554214394724,343.14123563401114,330.5989619448196,330.6788024902344,1506200
2026-01-08,327.0268886325399,341.9239414229819,324.76190787168207,340.277587890625,1930800
2026-01-09,342.7421283643907,353.21896198251613,341.9837954250951,352.50054931640625,2432600
2026-01-12,351.8120539387999,357.7190056532229,348.46943917313337,356.8409423828125,1728300
2026-01-13,356.2123406783322,358.207928021068,352.92959097346295,355.2045593261719,1862700
2026-01-14,355.24449290975707,358.02834588325067,352.1613140037362,353.5682067871094,1921700
2026-01-15,354.99503492012195,357.6192371754974,353.11917792615407,355.3442687988281,1711100
2026-01-16,355.114762344183,357.30992060620156,353.2289481352072,357.0404968261719,1355500
2026-01-20,352.55042942870796,355.17463169308473,346.09470306681135,346.1944885253906,2072200
2026-01-21,349.90628143888466,356.9307574931232,347.3719074082965,355.52386474609375,1879400
2026-01-22,357.62923635267487,361.52062574703695,349.3675056191648,349.8564147949219,1772400
2026-01-23,345.9749660897498,347.8009455511162,342.83192213112693,347.75103759765625,2142100
2026-01-26,347.8608187792875,348.8087045139924,345.22662882336715,347.56146240234375,1475600
2026-01-27,347.21223850817165,348.18009954777955,344.5680610271149,345.31640625,1456500
2026-01-28,345.42619423602696,349.79653539763,344.6678613001517,348.82867431640625,2525500
2026-01-29,348.72888997792126,354.88529036076153,341.2454374032878,353.79766845703125,2645600
2026-01-30,351.28324964962906,357.210146698467,350.27546826262966,353.8575744628906,2222200
2026-02-02,357.59928081031984,361.6203880014806,355.25445964296284,355.57373046875,1909800
2026-02-03,354.3664128525376,368.6248928038904,353.8974486135423,358.8465270996094,2555100
2026-02-04,364.204680082517,369.1836607907238,361.3410170992338,368.0960693359375,2460800
2026-02-05,368.39539603342814,368.40538371430614,359.49509346077076,360.2434387207031,2086500
2026-02-06,362.42860806237087,366.64925582563563,360.30330265947333,361.1813659667969,2355500
2026-02-09,361.42083375716123,361.939675516955,356.8808846207862,359.8044128417969,1761500
2026-02-10,362.80774503206874,365.1525662679426,359.0261289125549,363.845458984375,1655600
2026-02-11,363.09710552185726,366.4297326806438,362.02945900130925,366.16033935546875,1451500
2026-02-12,369.18365397948475,374.04290422874294,366.55945178321286,371.7779235839844,2305600
2026-02-13,373.6238410477123,376.93649279360295,366.40978206128733,368.07611083984375,2162200
2026-02-17,369.3832277776546,371.6282635288553,363.91530751930827,367.1282043457031,1336000
2026-02-18,367.1880815911325,368.08608983106143,363.94525206621086,364.9530334472656,1188700
2026-02-19,362.8775988425289,364.773400747657,356.02276112147956,356.82098388671875,1627800
2026-02-20,357.4695843647737,363.63594218582693,356.3420726001941,359.8343505859375,1652900
2026-02-23,358.14805137607266,365.0228337176763,356.9407295984208,363.4662780761719,1664400
2026-02-24,366.3998017600774,368.0062653885484,362.41861479643654,363.92529296875,1759700
2026-02-25,367.70691579777395,367.71690347864757,353.6579941888845,356.4617919921875,1532300
2026-02-26,358.9462874231449,360.9817950491782,353.80765607946097,359.7046203613281,1222800
2026-02-27,355.7134486580606,362.25897279482314,352.76994510757964,361.7900085449219,1936000
2026-03-02,355.510009765625,357.4700012207031,345.6600036621094,356.1000061035156,1690900
2026-03-03,343.9599914550781,350.8900146484375,337.8900146484375,348.8299865722656,1711100
2026-03-04,349.20001220703125,349.25,343.8900146484375,347.6700134277344,1277700
2026-03-05,342.79998779296875,343.42999267578125,332.6600036621094,335.45001220703125,1802200
2026-03-06,330.8699951171875,331.67999267578125,325.0899963378906,329.8800048828125,1827100
2026-03-09,324.5199890136719,333.4800109863281,321.3699951171875,333.3999938964844,2189600
2026-03-10,332.45001220703125,337.2300109863281,329.260009765625,330.3299865722656,1418600
2026-03-11,329.29998779296875,330.1600036621094,321.739990234375,322.739990234375,1530800
2026-03-12,321.8599853515625,324.8900146484375,317.44000244140625,317.70001220703125,1549500
2026-03-13,321.5,329.3699951171875,318.9200134277344,319.7799987792969,1451100
2026-03-16,324.70001220703125,327.5299987792969,321.54998779296875,322.7099914550781,1192600
2026-03-17,325.0,325.0,320.1400146484375,320.70001220703125,1497900
2026-03-18,316.3500061035156,318.32000732421875,310.260009765625,312.1199951171875,2092300
2026-03-19,306.9700012207031,310.4700012207031,303.4200134277344,310.3800048828125,2391600
2026-03-20,308.7900085449219,312.0400085449219,301.5799865722656,303.5299987792969,2051043
